"","row","PL","delta_E","delta_H","G1Emean","G2Emean","E1Gmean","E2Gmean","GxE_emm","covariance"
"1",15955,-1.10735768132024,0.326774812767056,-0.29509418526583,0.163387406383528,-0.163387406383528,-0.310934499016443,0.310934499016443,0.155693436051582,-0.53
