"","row","PL","delta_E","delta_H","G1Emean","G2Emean","E1Gmean","E2Gmean","GxE_emm","covariance"
"1",10596,0.819035084146853,-1.08638440141601,-1.32641985971534,-0.543192200708005,0.543192200708005,-0.120017729149664,0.120017729149664,0.159489620807586,0.22
