"","row","PL","delta_E","delta_H","G1Emean","G2Emean","E1Gmean","E2Gmean","GxE_emm","covariance"
"1",16010,0.0025739827434987,-0.0042557462534778,-1.65337015728907,-0.00212787312673868,0.00212787312673923,-0.824557205517795,0.824557205517796,0.201070812293962,0
