"","row","PL","delta_E","delta_H","G1Emean","G2Emean","E1Gmean","E2Gmean","GxE_emm","covariance"
"1",10724,0.540760503856216,-0.246873267902258,-0.45652976898605,-0.123436633951129,0.123436633951129,-0.104828250541896,0.104828250541896,0.14556276168425,0.85
