"","row","PL","delta_E","delta_H","G1Emean","G2Emean","E1Gmean","E2Gmean","GxE_emm","covariance"
"1",12981,1.5535555985867,-0.75083513088673,-0.483301100758658,-0.375417565443364,0.375417565443366,0.133767015064037,-0.133767015064036,0.619786120733986,-0.36
