"","row","PL","delta_E","delta_H","G1Emean","G2Emean","E1Gmean","E2Gmean","GxE_emm","covariance"
"1",18794,-2.05526177426085,-0.830579419959048,0.404123421337779,-0.415289709979524,0.415289709979524,0.617351420648414,-0.617351420648414,0.311010100547057,-0.67
