"","row","PL","delta_E","delta_H","G1Emean","G2Emean","E1Gmean","E2Gmean","GxE_emm","covariance"
"1",15992,0.753066883181655,1.48378757895105,1.970326423972,0.741893789475525,-0.741893789475526,0.243269422510475,-0.243269422510475,0.446017755662975,0.33
