"","row","PL","delta_E","delta_H","G1Emean","G2Emean","E1Gmean","E2Gmean","GxE_emm","covariance"
"1",10531,-1.07739321875056,-0.338940666429758,0.314593279900928,-0.169470333214879,0.169470333214879,0.326766973165343,-0.326766973165343,0.353036165001055,-0.52
