"","row","PL","delta_E","delta_H","G1Emean","G2Emean","E1Gmean","E2Gmean","GxE_emm","covariance"
"1",18438,1.02061809898681,-0.58387080915272,-0.572075695828187,-0.29193540457636,0.29193540457636,0.00589755666226666,-0.0058975566622666,0.0203591099608492,-0.02
