"","row","PL","delta_E","delta_H","G1Emean","G2Emean","E1Gmean","E2Gmean","GxE_emm","covariance"
"1",10492,1.07552630279801,-0.482870459360641,-0.448962018041252,-0.24143522968032,0.24143522968032,0.016954220659694,-0.016954220659694,0.000330482857986487,-0.07
