"","row","PL","delta_E","delta_H","G1Emean","G2Emean","E1Gmean","E2Gmean","GxE_emm","covariance"
"1",18586,-1.92928920932139,-0.297624932969299,0.154266623962504,-0.14881246648465,0.14881246648465,0.225945778465901,-0.225945778465901,0.0381877388041443,-0.66
