"","row","PL","delta_E","delta_H","G1Emean","G2Emean","E1Gmean","E2Gmean","GxE_emm","covariance"
"1",10417,2.64164426983728,-0.454622602508283,-0.172098343330795,-0.227311301254142,0.227311301254141,0.141262129588744,-0.141262129588744,0.166910694831003,-0.62
