"","row","PL","delta_E","delta_H","G1Emean","G2Emean","E1Gmean","E2Gmean","GxE_emm","covariance"
"1",18631,1.33148038041613,-1.25231877673116,-0.940546173380167,-0.62615938836558,0.62615938836558,0.155886301675497,-0.155886301675496,0.544730464291216,-0.25
