"","row","PL","delta_E","delta_H","G1Emean","G2Emean","E1Gmean","E2Gmean","GxE_emm","covariance"
"1",18672,1.22766367620874,-0.858897616037789,-0.699619637432157,-0.429448808018895,0.429448808018895,0.0796389893028161,-0.0796389893028162,0.244593926522773,-0.19
