"","row","PL","delta_E","delta_H","G1Emean","G2Emean","E1Gmean","E2Gmean","GxE_emm","covariance"
"1",15908,-2.10342504686238,-0.336430390361179,0.159944083038767,-0.168215195180589,0.168215195180589,0.248187236699973,-0.248187236699973,0.348884265739301,-0.68
