"","row","PL","delta_E","delta_H","G1Emean","G2Emean","E1Gmean","E2Gmean","GxE_emm","covariance"
"1",13244,2.92472189321894,-0.599251365947926,-0.204891742814012,-0.299625682973963,0.299625682973963,0.197179811566957,-0.197179811566957,0.0374303486161947,-0.66
