"","row","PL","delta_E","delta_H","G1Emean","G2Emean","E1Gmean","E2Gmean","GxE_emm","covariance"
"1",10728,0.98861038026776,-0.762994651010982,-0.771784988545567,-0.381497325505491,0.381497325505491,-0.00439516876729257,0.00439516876729248,0.0920398224477301,0.01
