"","row","PL","delta_E","delta_H","G1Emean","G2Emean","E1Gmean","E2Gmean","GxE_emm","covariance"
"1",10698,1.20444768770338,-0.162234799501031,-0.13469642655081,-0.0811173997505156,0.0811173997505157,0.0137691864751107,-0.0137691864751106,0.259062565438843,-0.17
