"","row","PL","delta_E","delta_H","G1Emean","G2Emean","E1Gmean","E2Gmean","GxE_emm","covariance"
"1",18678,0.772436462443256,-0.665970293307715,-0.862168379780023,-0.332985146653858,0.332985146653858,-0.098099043236154,0.098099043236154,0.105279079278395,0.29
