"","row","PL","delta_E","delta_H","G1Emean","G2Emean","E1Gmean","E2Gmean","GxE_emm","covariance"
"1",13476,-0.57794208441263,0.162802058119713,-0.281692686015711,0.0814010290598564,-0.0814010290598564,-0.222247372067712,0.222247372067712,0.375456980997196,-0.37
