"","row","PL","delta_E","delta_H","G1Emean","G2Emean","E1Gmean","E2Gmean","GxE_emm","covariance"
"1",16040,0.84932064019589,0.2347545111263,0.276402691770396,0.11737725556315,-0.11737725556315,0.0208240903220481,-0.0208240903220479,0.582682229598651,0.18
