"","row","PL","delta_E","delta_H","G1Emean","G2Emean","E1Gmean","E2Gmean","GxE_emm","covariance"
"1",15906,2.82558188974655,-0.976631144454759,-0.345638945379269,-0.48831557222738,0.48831557222738,0.315496099537745,-0.315496099537745,0.200348859126789,-0.65
