"","row","PL","delta_E","delta_H","G1Emean","G2Emean","E1Gmean","E2Gmean","GxE_emm","covariance"
"1",13115,28.2977352625381,-0.306734752966206,-0.0108395512969646,-0.153367376483103,0.153367376483103,0.14794760083462,-0.147947600834621,0.231104112201412,-0.96
