"","row","PL","delta_E","delta_H","G1Emean","G2Emean","E1Gmean","E2Gmean","GxE_emm","covariance"
"1",15663,5.2216655257678,0.27523983627641,0.0527111196452856,0.137619918138205,-0.137619918138205,-0.111264358315562,0.111264358315562,0.400921927929398,-0.81
