"","row","PL","delta_E","delta_H","G1Emean","G2Emean","E1Gmean","E2Gmean","GxE_emm","covariance"
"1",16137,0.102483008997204,-0.158663563186023,-1.54819383953053,-0.0793317815930117,0.0793317815930114,-0.694765138172252,0.694765138172252,0.0601659410496552,0.11
