"","row","PL","delta_E","delta_H","G1Emean","G2Emean","E1Gmean","E2Gmean","GxE_emm","covariance"
"1",13260,-0.560183319656726,-0.242931570525974,0.433664413061851,-0.121465785262987,0.121465785262987,0.338297991793912,-0.338297991793912,0.229030103786289,-0.36
