"","row","PL","delta_E","delta_H","G1Emean","G2Emean","E1Gmean","E2Gmean","GxE_emm","covariance"
"1",10753,0.446629470250339,-0.717971956248644,-1.60753377032245,-0.358985978124322,0.358985978124322,-0.444780907036901,0.444780907036901,0.0425623973616005,0.81
