"","row","PL","delta_E","delta_H","G1Emean","G2Emean","E1Gmean","E2Gmean","GxE_emm","covariance"
"1",18469,0.430963880467595,0.573824532949269,1.33149101109511,0.286912266474635,-0.286912266474635,0.37883323907292,-0.37883323907292,0.613922917463535,0.76
