"","row","PL","delta_E","delta_H","G1Emean","G2Emean","E1Gmean","E2Gmean","GxE_emm","covariance"
"1",18362,0.465111752400893,-0.414177080617524,-0.890489389871475,-0.207088540308762,0.207088540308762,-0.238156154626976,0.238156154626976,0.0521931298440971,0.87
