"","row","PL","delta_E","delta_H","G1Emean","G2Emean","E1Gmean","E2Gmean","GxE_emm","covariance"
"1",10414,0.744136297713902,-0.343584386904954,-0.461722386020541,-0.171792193452477,0.171792193452477,-0.0590689995577933,0.0590689995577931,0.0133395804143341,0.34
