"","row","PL","delta_E","delta_H","G1Emean","G2Emean","E1Gmean","E2Gmean","GxE_emm","covariance"
"1",16116,0.518018823941041,-0.854442903890956,-1.64944373524968,-0.427221451945478,0.427221451945478,-0.397500415679361,0.39750041567936,0.114514697158253,0.93
