"","row","PL","delta_E","delta_H","G1Emean","G2Emean","E1Gmean","E2Gmean","GxE_emm","covariance"
"1",15995,0.228571315052521,0.378473275626049,1.65582140321975,0.189236637813025,-0.189236637813024,0.638674063796853,-0.638674063796852,0.0887693588121906,0.3
