"","row","PL","delta_E","delta_H","G1Emean","G2Emean","E1Gmean","E2Gmean","GxE_emm","covariance"
"1",10512,0.151726096306417,0.0437889568272349,0.288605308468501,0.0218944784136174,-0.0218944784136174,0.122408175820633,-0.122408175820633,0.0700943033002153,0.18
