"","row","PL","delta_E","delta_H","G1Emean","G2Emean","E1Gmean","E2Gmean","GxE_emm","covariance"
"1",13084,0.694434632587146,1.42827934609467,2.05675131836895,0.714139673047335,-0.714139673047335,0.314235986137141,-0.31423598613714,0.0049630086142787,0.44
