"","row","PL","delta_E","delta_H","G1Emean","G2Emean","E1Gmean","E2Gmean","GxE_emm","covariance"
"1",10571,1.28855893334064,-0.241486652048936,-0.187408310012544,-0.120743326024468,0.120743326024468,0.0270391710181957,-0.0270391710181958,0.18304865102818,-0.22
