"","row","PL","delta_E","delta_H","G1Emean","G2Emean","E1Gmean","E2Gmean","GxE_emm","covariance"
"1",16085,-1.82351019348062,0.319014794962989,-0.174945440998095,0.159507397481494,-0.159507397481495,-0.246980117980542,0.246980117980541,0.35920805027552,-0.65
