"","row","PL","delta_E","delta_H","G1Emean","G2Emean","E1Gmean","E2Gmean","GxE_emm","covariance"
"1",10380,-2.00309081876338,-0.158396387274619,0.0790759888622557,-0.0791981936373095,0.0791981936373098,0.118736188068438,-0.118736188068437,0.229838385433155,-0.67
