"","row","PL","delta_E","delta_H","G1Emean","G2Emean","E1Gmean","E2Gmean","GxE_emm","covariance"
"1",18375,0.55159886026986,-0.834418629921226,-1.51272725529745,-0.417209314960613,0.417209314960613,-0.339154312688111,0.339154312688111,0.125405507071532,0.81
