"","row","PL","delta_E","delta_H","G1Emean","G2Emean","E1Gmean","E2Gmean","GxE_emm","covariance"
"1",13431,-0.328164961860227,-0.10796794302823,0.329005090659911,-0.053983971514115,0.0539839715141152,0.218486516844071,-0.218486516844071,0.137707551143341,-0.25
