"","row","PL","delta_E","delta_H","G1Emean","G2Emean","E1Gmean","E2Gmean","GxE_emm","covariance"
"1",12991,0.293231563301178,-0.386564747406742,-1.31829173863422,-0.193282373703371,0.193282373703371,-0.465863495613741,0.465863495613741,0.269898446063093,0.41
