"","row","PL","delta_E","delta_H","G1Emean","G2Emean","E1Gmean","E2Gmean","GxE_emm","covariance"
"1",15959,-0.235008070024064,0.0797612268554693,-0.339397820880373,0.0398806134277346,-0.0398806134277346,-0.209579523867921,0.209579523867921,0.442324318228184,-0.19
