"","row","PL","delta_E","delta_H","G1Emean","G2Emean","E1Gmean","E2Gmean","GxE_emm","covariance"
"1",13007,2.11838701706866,-0.80959947956982,-0.382177323145659,-0.404799739784909,0.40479973978491,0.213711078212081,-0.21371107821208,0.362752592530552,-0.53
