"","row","PL","delta_E","delta_H","G1Emean","G2Emean","E1Gmean","E2Gmean","GxE_emm","covariance"
"1",10676,-1.34944416595414,-0.271484752034409,0.20118264903717,-0.135742376017204,0.135742376017204,0.23633370053579,-0.23633370053579,0.0399919494173055,-0.57
