"","row","PL","delta_E","delta_H","G1Emean","G2Emean","E1Gmean","E2Gmean","GxE_emm","covariance"
"1",15662,-0.965627162702141,-0.736602073065371,0.762822444849332,-0.368301036532686,0.368301036532685,0.749712258957352,-0.749712258957352,0.159642367253852,-0.49
