"","row","PL","delta_E","delta_H","G1Emean","G2Emean","E1Gmean","E2Gmean","GxE_emm","covariance"
"1",12992,0.428357988088188,-0.467017878424051,-1.09025135846867,-0.233508939212026,0.233508939212026,-0.311616740022307,0.311616740022307,0.396658267031678,0.75
