"","row","PL","delta_E","delta_H","G1Emean","G2Emean","E1Gmean","E2Gmean","GxE_emm","covariance"
"1",16163,-1.11791100186447,0.121397035233327,-0.108592754728113,0.0606985176166634,-0.0606985176166635,-0.11499489498072,0.11499489498072,0.158564755677978,-0.53
