"","row","PL","delta_E","delta_H","G1Emean","G2Emean","E1Gmean","E2Gmean","GxE_emm","covariance"
"1",10464,0.840868958551559,-0.677638395516344,-0.805878714661571,-0.338819197758172,0.338819197758172,-0.0641201595726136,0.0641201595726136,0.093858527419777,0.19
