"","row","PL","delta_E","delta_H","G1Emean","G2Emean","E1Gmean","E2Gmean","GxE_emm","covariance"
"1",18674,0.291950555094615,-0.340724900543419,-1.16706371883074,-0.17036245027171,0.17036245027171,-0.413169409143659,0.413169409143659,0.604987659391083,0.41
