"","row","PL","delta_E","delta_H","G1Emean","G2Emean","E1Gmean","E2Gmean","GxE_emm","covariance"
"1",10569,1.16925787516387,-0.391695448488755,-0.334994920118763,-0.195847724244377,0.195847724244377,0.0283502641849956,-0.0283502641849956,0.358168261751753,-0.14
