"","row","PL","delta_E","delta_H","G1Emean","G2Emean","E1Gmean","E2Gmean","GxE_emm","covariance"
"1",13331,2.49006009957917,-0.760752640868199,-0.305515774899076,-0.3803763204341,0.3803763204341,0.227618432984562,-0.227618432984562,0.228473019820809,-0.6
