"","row","PL","delta_E","delta_H","G1Emean","G2Emean","E1Gmean","E2Gmean","GxE_emm","covariance"
"1",13358,0.296713334009502,0.197441815217765,0.665429532774022,0.0987209076088828,-0.0987209076088825,0.233993858778128,-0.233993858778128,0.0061884398143881,0.42
