"","row","PL","delta_E","delta_H","G1Emean","G2Emean","E1Gmean","E2Gmean","GxE_emm","covariance"
"1",15828,0.452161279805403,-0.426619309281625,-0.9435113715735,-0.213309654640813,0.213309654640813,-0.258446031145937,0.258446031145937,0.235838126506197,0.83
