"","row","PL","delta_E","delta_H","G1Emean","G2Emean","E1Gmean","E2Gmean","GxE_emm","covariance"
"1",13050,0.276111839068235,-0.399499722185697,-1.44687646691951,-0.199749861092849,0.199749861092849,-0.523688372366908,0.523688372366907,0.20341287800391,0.38
