"","row","PL","delta_E","delta_H","G1Emean","G2Emean","E1Gmean","E2Gmean","GxE_emm","covariance"
"1",10433,-0.57814466511636,0.0905271063736331,-0.156582101048036,0.0452635531868165,-0.0452635531868167,-0.123554603710835,0.123554603710835,0.328410590950801,-0.37
