"","row","PL","delta_E","delta_H","G1Emean","G2Emean","E1Gmean","E2Gmean","GxE_emm","covariance"
"1",13324,-0.113723202266635,0.0326149684919079,-0.286792561604438,0.016307484245954,-0.0163074842459539,-0.159703765048173,0.159703765048173,0.297526295148064,-0.1
