"","row","PL","delta_E","delta_H","G1Emean","G2Emean","E1Gmean","E2Gmean","GxE_emm","covariance"
"1",18589,1.01610940003655,-0.7881819671459,-0.775686128991181,-0.39409098357295,0.39409098357295,0.00624791907735939,-0.00624791907735933,0.0121510238571082,-0.02
