"","row","PL","delta_E","delta_H","G1Emean","G2Emean","E1Gmean","E2Gmean","GxE_emm","covariance"
"1",10601,0.527917968053882,-0.787444486243167,-1.49160387388594,-0.393722243121583,0.393722243121584,-0.352079693821389,0.352079693821389,0.114154878906679,0.89
