"","row","PL","delta_E","delta_H","G1Emean","G2Emean","E1Gmean","E2Gmean","GxE_emm","covariance"
"1",16019,5.03477681135872,-0.22192487242447,-0.0440783932911974,-0.110962436212235,0.110962436212235,0.0889232395666364,-0.0889232395666365,0.279792367558924,-0.8
