"","row","PL","delta_E","delta_H","G1Emean","G2Emean","E1Gmean","E2Gmean","GxE_emm","covariance"
"1",18803,0.32916090107434,0.462065446989063,1.4037677181006,0.231032723494532,-0.231032723494531,0.470851135555767,-0.470851135555767,0.564283870226257,0.49
