"","row","PL","delta_E","delta_H","G1Emean","G2Emean","E1Gmean","E2Gmean","GxE_emm","covariance"
"1",15962,-0.0252467285743198,-0.0116103188202763,0.459874188693341,-0.00580515941013821,0.00580515941013809,0.235742253756809,-0.235742253756809,0.15746918437848,-0.02
