"","row","PL","delta_E","delta_H","G1Emean","G2Emean","E1Gmean","E2Gmean","GxE_emm","covariance"
"1",13262,1.25871323152442,-0.255061526455013,-0.202636724606533,-0.127530763227506,0.127530763227506,0.0262124009242397,-0.0262124009242397,0.301828134620155,-0.21
