"","row","PL","delta_E","delta_H","G1Emean","G2Emean","E1Gmean","E2Gmean","GxE_emm","covariance"
"1",13086,0.417408807734272,-0.593308451671157,-1.42140855841467,-0.296654225835579,0.296654225835579,-0.414050053371756,0.414050053371756,0.402563305061228,0.72
