"","row","PL","delta_E","delta_H","G1Emean","G2Emean","E1Gmean","E2Gmean","GxE_emm","covariance"
"1",18813,4.00591935044963,-0.796324180866688,-0.198786872925264,-0.398162090433344,0.398162090433343,0.298768653970711,-0.298768653970712,0.370645325090292,-0.75
