"","row","PL","delta_E","delta_H","G1Emean","G2Emean","E1Gmean","E2Gmean","GxE_emm","covariance"
"1",18423,0.498271394260566,-0.970649854028143,-1.9480344752052,-0.485324927014071,0.485324927014071,-0.488692310588527,0.488692310588527,0.0865812629444921,0.99
