"","row","PL","delta_E","delta_H","G1Emean","G2Emean","E1Gmean","E2Gmean","GxE_emm","covariance"
"1",18822,2.09694528572348,0.265485330297837,0.126605749852095,0.132742665148919,-0.132742665148919,-0.069439790222871,0.0694397902228711,0.529712010667483,-0.52
