"","row","PL","delta_E","delta_H","G1Emean","G2Emean","E1Gmean","E2Gmean","GxE_emm","covariance"
"1",10290,78.0411545475185,-0.331274346392981,-0.00424486731793891,-0.165637173196491,0.16563717319649,0.163514739537521,-0.163514739537521,0.127235954870805,-0.99
