"","row","PL","delta_E","delta_H","G1Emean","G2Emean","E1Gmean","E2Gmean","GxE_emm","covariance"
"1",18677,0.746637486145236,-1.0372341191793,-1.38920712986748,-0.518617059589649,0.518617059589648,-0.175986505344094,0.175986505344093,0.310295826191914,0.34
