"","row","PL","delta_E","delta_H","G1Emean","G2Emean","E1Gmean","E2Gmean","GxE_emm","covariance"
"1",10615,-0.0198464931547629,0.025595527647528,-1.28967508002216,0.012797763823764,-0.0127977638237641,-0.657635303834844,0.657635303834844,0.262665523111804,-0.02
