"","row","PL","delta_E","delta_H","G1Emean","G2Emean","E1Gmean","E2Gmean","GxE_emm","covariance"
"1",10334,285.550202053963,-0.909218873500646,-0.00318409465992542,-0.454609436750323,0.454609436750324,0.453017389420361,-0.45301738942036,0.223449889135122,-1
