"","row","PL","delta_E","delta_H","G1Emean","G2Emean","E1Gmean","E2Gmean","GxE_emm","covariance"
"1",16177,1.39087801430624,-0.858532581396649,-0.617259437970827,-0.429266290698325,0.429266290698325,0.120636571712911,-0.120636571712911,0.401383697846159,-0.28
