"","row","PL","delta_E","delta_H","G1Emean","G2Emean","E1Gmean","E2Gmean","GxE_emm","covariance"
"1",13174,-0.923272656650773,-0.071463661530641,0.0774025538564953,-0.0357318307653202,0.0357318307653208,0.0744331076935685,-0.0744331076935678,0.287586783534362,-0.48
