"","row","PL","delta_E","delta_H","G1Emean","G2Emean","E1Gmean","E2Gmean","GxE_emm","covariance"
"1",10663,0.273973433239497,-0.156103059917453,-0.569774441527671,-0.0780515299587267,0.0780515299587261,-0.206835690805109,0.206835690805109,0.184846013606192,0.38
