"","row","PL","delta_E","delta_H","G1Emean","G2Emean","E1Gmean","E2Gmean","GxE_emm","covariance"
"1",13087,3.39303320017351,-1.01152241514872,-0.298117452872844,-0.505761207574361,0.505761207574361,0.356702481137939,-0.356702481137939,0.0160538210755173,-0.71
