"","row","PL","delta_E","delta_H","G1Emean","G2Emean","E1Gmean","E2Gmean","GxE_emm","covariance"
"1",15831,0.813520184124359,-0.365276262667842,-0.449007006582154,-0.182638131333921,0.182638131333921,-0.0418653719571564,0.0418653719571563,0.415853940975893,0.23
