"","row","PL","delta_E","delta_H","G1Emean","G2Emean","E1Gmean","E2Gmean","GxE_emm","covariance"
"1",13422,1.70626861374807,-0.834030504480466,-0.488803754438402,-0.417015252240233,0.417015252240233,0.172613375021032,-0.172613375021032,0.254685008546432,-0.41
