"","row","PL","delta_E","delta_H","G1Emean","G2Emean","E1Gmean","E2Gmean","GxE_emm","covariance"
"1",18737,0.230905366028585,-0.259380123579067,-1.12331786844208,-0.129690061789534,0.129690061789533,-0.431968872431505,0.431968872431504,0.32216056781046,0.3
