"","row","PL","delta_E","delta_H","G1Emean","G2Emean","E1Gmean","E2Gmean","GxE_emm","covariance"
"1",13273,0.619879155168361,-0.230392938921236,-0.371673957738844,-0.115196469460618,0.115196469460618,-0.0706405094088043,0.0706405094088042,0.114229800969509,0.61
