"","row","PL","delta_E","delta_H","G1Emean","G2Emean","E1Gmean","E2Gmean","GxE_emm","covariance"
"1",10793,0.39355029179431,0.129900668716755,0.330073872196868,0.0649503343583778,-0.0649503343583774,0.100086601740057,-0.100086601740056,0.184119687554595,0.65
