"","row","PL","delta_E","delta_H","G1Emean","G2Emean","E1Gmean","E2Gmean","GxE_emm","covariance"
"1",18371,-1.47452050855853,-0.346058764455095,0.234692405054032,-0.173029382227548,0.173029382227548,0.290375584754564,-0.290375584754564,0.195430803414574,-0.6
