"","row","PL","delta_E","delta_H","G1Emean","G2Emean","E1Gmean","E2Gmean","GxE_emm","covariance"
"1",16018,-3.5996933545095,0.701098451439023,-0.194766159889904,0.350549225719512,-0.350549225719512,-0.447932305664464,0.447932305664464,0.106095207618818,-0.78
