"","row","PL","delta_E","delta_H","G1Emean","G2Emean","E1Gmean","E2Gmean","GxE_emm","covariance"
"1",13370,-0.263941047600869,0.285960229188997,-1.08342461996069,0.142980114594498,-0.142980114594498,-0.684692424574842,0.684692424574842,0.227221455976243,-0.21
