"","row","PL","delta_E","delta_H","G1Emean","G2Emean","E1Gmean","E2Gmean","GxE_emm","covariance"
"1",18480,0.87196364987634,-0.900356624653196,-1.03256210827238,-0.450178312326598,0.450178312326598,-0.0661027418095935,0.0661027418095935,0.0182319548147862,0.15
