"","row","PL","delta_E","delta_H","G1Emean","G2Emean","E1Gmean","E2Gmean","GxE_emm","covariance"
"1",15996,80.3845805528245,-1.16799160615224,-0.0145300454156715,-0.583995803076122,0.583995803076121,0.576730780368286,-0.576730780368286,0.32143729789465,-0.99
