"","row","PL","delta_E","delta_H","G1Emean","G2Emean","E1Gmean","E2Gmean","GxE_emm","covariance"
"1",13258,-0.385134568211794,-0.194655019918864,0.505420795704371,-0.0973275099594324,0.0973275099594321,0.350037907811618,-0.350037907811618,0.206593163652442,-0.28
