"","row","PL","delta_E","delta_H","G1Emean","G2Emean","E1Gmean","E2Gmean","GxE_emm","covariance"
"1",10483,0.577177704595666,-0.8300660841479,-1.43814647991192,-0.41503304207395,0.41503304207395,-0.30404019788201,0.30404019788201,0.0637151744599803,0.73
