"","row","PL","delta_E","delta_H","G1Emean","G2Emean","E1Gmean","E2Gmean","GxE_emm","covariance"
"1",18741,0.196313555263086,0.37351360085413,1.90263785072596,0.186756800427065,-0.186756800427065,0.764562124935916,-0.764562124935916,0.400847627437479,0.24
