"","row","PL","delta_E","delta_H","G1Emean","G2Emean","E1Gmean","E2Gmean","GxE_emm","covariance"
"1",10679,-0.344929483296661,-0.121472160878961,0.35216520118255,-0.0607360804394806,0.0607360804394808,0.236818681030756,-0.236818681030755,0.265098625581776,-0.26
