"","row","PL","delta_E","delta_H","G1Emean","G2Emean","E1Gmean","E2Gmean","GxE_emm","covariance"
"1",13309,-0.414364495789432,0.0745692872636817,-0.17996060961163,0.0372846436318409,-0.0372846436318409,-0.127264948437656,0.127264948437656,0.0555638697149204,-0.29
