"","row","PL","delta_E","delta_H","G1Emean","G2Emean","E1Gmean","E2Gmean","GxE_emm","covariance"
"1",13071,-4.61788585487755,0.287989074500719,-0.0623638356492802,0.14399453725036,-0.14399453725036,-0.175176455075,0.175176455075,0.415132518977389,-0.82
