"","row","PL","delta_E","delta_H","G1Emean","G2Emean","E1Gmean","E2Gmean","GxE_emm","covariance"
"1",18454,0.466042505815486,-0.416386159365709,-0.893451035409554,-0.208193079682855,0.208193079682854,-0.238532438021923,0.238532438021922,0.0932498318692669,0.87
