"","row","PL","delta_E","delta_H","G1Emean","G2Emean","E1Gmean","E2Gmean","GxE_emm","covariance"
"1",15697,2.28327525211094,-0.864251406466071,-0.378513893875498,-0.432125703233035,0.432125703233035,0.242868756295287,-0.242868756295287,0.216240697849102,-0.56
