"","row","PL","delta_E","delta_H","G1Emean","G2Emean","E1Gmean","E2Gmean","GxE_emm","covariance"
"1",18814,-1.62726451036638,-0.797863352182935,0.490309563749594,-0.398931676091468,0.398931676091468,0.644086457966265,-0.644086457966265,0.151537403480785,-0.62
