"","row","PL","delta_E","delta_H","G1Emean","G2Emean","E1Gmean","E2Gmean","GxE_emm","covariance"
"1",10603,0.312365783129483,0.481169207295392,1.5404030571938,0.240584603647696,-0.240584603647696,0.529616924949206,-0.529616924949206,0.289430970662281,0.45
