"","row","PL","delta_E","delta_H","G1Emean","G2Emean","E1Gmean","E2Gmean","GxE_emm","covariance"
"1",13271,0.600529317336962,-0.453945288141389,-0.75590862100522,-0.226972644070695,0.226972644070694,-0.150981666431915,0.150981666431915,0.00950917127003999,0.67
