"","row","PL","delta_E","delta_H","G1Emean","G2Emean","E1Gmean","E2Gmean","GxE_emm","covariance"
"1",18660,1.31231595314827,-1.54837657537411,-1.1798809361873,-0.774188287687053,0.774188287687054,0.184247819593403,-0.184247819593403,0.0182766913839794,-0.24
