"","row","PL","delta_E","delta_H","G1Emean","G2Emean","E1Gmean","E2Gmean","GxE_emm","covariance"
"1",13424,0.264235273168892,0.161312147849324,0.610486805621206,0.080656073924662,-0.0806560739246617,0.224587328885941,-0.224587328885941,0.394507770664249,0.36
