"","row","PL","delta_E","delta_H","G1Emean","G2Emean","E1Gmean","E2Gmean","GxE_emm","covariance"
"1",12963,0.2137770701635,0.436838366629078,2.04342947676745,0.218419183314539,-0.218419183314539,0.803295555069184,-0.803295555069184,0.377547106577851,0.27
