"","row","PL","delta_E","delta_H","G1Emean","G2Emean","E1Gmean","E2Gmean","GxE_emm","covariance"
"1",18594,0.28333602833523,-0.174362656597123,-0.615391758053534,-0.0871813282985615,0.0871813282985617,-0.220514550728205,0.220514550728205,0.0857907685833864,0.4
