"","row","PL","delta_E","delta_H","G1Emean","G2Emean","E1Gmean","E2Gmean","GxE_emm","covariance"
"1",18610,-0.434601742132889,0.121908379043821,-0.280505960343218,0.0609541895219106,-0.0609541895219108,-0.20120716969352,0.20120716969352,0.354951731605172,-0.3
