"","row","PL","delta_E","delta_H","G1Emean","G2Emean","E1Gmean","E2Gmean","GxE_emm","covariance"
"1",18878,2.36887619066305,-0.536021445087429,-0.226276682251341,-0.268010722543715,0.268010722543715,0.154872381418044,-0.154872381418044,0.276022261514641,-0.58
