"","row","PL","delta_E","delta_H","G1Emean","G2Emean","E1Gmean","E2Gmean","GxE_emm","covariance"
"1",26962,14.4827969388076,0.181905560601889,0.0125601126198532,0.0909527803009446,-0.0909527803009447,-0.0846727239910181,0.0846727239910179,0.416003070615365,-0.93
