"","row","PL","delta_E","delta_H","G1Emean","G2Emean","E1Gmean","E2Gmean","GxE_emm","covariance"
"1",2590,0.179113568958167,-0.219506765544435,-1.22551723368151,-0.109753382772218,0.109753382772217,-0.503005234068537,0.503005234068536,0.266498259911964,0.22
