"","row","PL","delta_E","delta_H","G1Emean","G2Emean","E1Gmean","E2Gmean","GxE_emm","covariance"
"1",21448,0.890656649748101,-1.73213367569977,-1.9447827355128,-0.866066837849888,0.866066837849887,-0.106324529906511,0.10632452990651,0.0130651968743815,0.12
