"","row","PL","delta_E","delta_H","G1Emean","G2Emean","E1Gmean","E2Gmean","GxE_emm","covariance"
"1",24220,0.235227615289419,0.27984410775121,1.18967370139299,0.139922053875605,-0.139922053875605,0.45491479682089,-0.454914796820891,0.489919024836675,0.31
