"","row","PL","delta_E","delta_H","G1Emean","G2Emean","E1Gmean","E2Gmean","GxE_emm","covariance"
"1",26933,0.775207324031344,-0.634033799516287,-0.817889330842611,-0.317016899758144,0.317016899758143,-0.0919277656631619,0.0919277656631616,0.032622012701391,0.29
