"","row","PL","delta_E","delta_H","G1Emean","G2Emean","E1Gmean","E2Gmean","GxE_emm","covariance"
"1",2538,0.619793390856458,-0.316715594874081,-0.511001891188981,-0.158357797437041,0.15835779743704,-0.0971431481574499,0.0971431481574496,0.00802555418662689,0.61
