"","row","PL","delta_E","delta_H","G1Emean","G2Emean","E1Gmean","E2Gmean","GxE_emm","covariance"
"1",2225,-0.93278710703001,-0.332531399844657,0.356492277110728,-0.166265699922328,0.166265699922328,0.344511838477692,-0.344511838477692,0.00726582366784751,-0.48
