"","row","PL","delta_E","delta_H","G1Emean","G2Emean","E1Gmean","E2Gmean","GxE_emm","covariance"
"1",26938,0.583876377431448,0.340954939124402,0.583950562659017,0.170477469562201,-0.170477469562201,0.121497811767307,-0.121497811767307,0.13376374254887,0.71
