"","row","PL","delta_E","delta_H","G1Emean","G2Emean","E1Gmean","E2Gmean","GxE_emm","covariance"
"1",21556,1.95705897869067,-1.37517098721044,-0.70267222510099,-0.687585493605222,0.687585493605221,0.336249381054726,-0.336249381054727,0.147463566356398,-0.49
