"","row","PL","delta_E","delta_H","G1Emean","G2Emean","E1Gmean","E2Gmean","GxE_emm","covariance"
"1",24201,0.202003907097754,-0.1712544172643,-0.847777747097862,-0.0856272086321497,0.0856272086321498,-0.338261664916781,0.338261664916781,0.196643487286895,0.25
