"","row","PL","delta_E","delta_H","G1Emean","G2Emean","E1Gmean","E2Gmean","GxE_emm","covariance"
"1",2567,0.677802568048085,1.14332467820896,1.68681077957771,0.571662339104482,-0.571662339104482,0.271743050684372,-0.271743050684373,0.170199743613066,0.48
