"","row","PL","delta_E","delta_H","G1Emean","G2Emean","E1Gmean","E2Gmean","GxE_emm","covariance"
"1",21453,0.531557257064235,-0.630543163198262,-1.18621870893217,-0.315271581599131,0.315271581599131,-0.277837772866953,0.277837772866954,0.196994470358005,0.88
