"","row","PL","delta_E","delta_H","G1Emean","G2Emean","E1Gmean","E2Gmean","GxE_emm","covariance"
"1",21372,-0.716215604900318,0.248962449677956,-0.347608245302902,0.124481224838978,-0.124481224838978,-0.298285347490429,0.298285347490429,0.324535794785537,-0.42
