"","row","PL","delta_E","delta_H","G1Emean","G2Emean","E1Gmean","E2Gmean","GxE_emm","covariance"
"1",23853,-0.100914527708738,-0.0638125677326605,0.632342727866081,-0.0319062838663302,0.0319062838663304,0.348077647799371,-0.348077647799371,0.113124232755082,-0.09
