"","row","PL","delta_E","delta_H","G1Emean","G2Emean","E1Gmean","E2Gmean","GxE_emm","covariance"
"1",26874,-0.257589804963614,0.0422862694823604,-0.164161269846582,0.0211431347411802,-0.0211431347411802,-0.103223769664471,0.103223769664471,0.30605958687658,-0.2
