"","row","PL","delta_E","delta_H","G1Emean","G2Emean","E1Gmean","E2Gmean","GxE_emm","covariance"
"1",26806,0.374163453394808,0.0842047114136671,0.225047931992483,0.0421023557068341,-0.042102355706833,0.0704216102894084,-0.0704216102894072,0.392194211388586,0.6
