"","row","PL","delta_E","delta_H","G1Emean","G2Emean","E1Gmean","E2Gmean","GxE_emm","covariance"
"1",26816,0.983085918593569,0.972739672643905,0.989475745960775,0.486369836321952,-0.486369836321952,0.00836803665843489,-0.00836803665843481,0.015299327764227,0.02
