"","row","PL","delta_E","delta_H","G1Emean","G2Emean","E1Gmean","E2Gmean","GxE_emm","covariance"
"1",21512,0.182262203517963,0.174534954757596,0.957603668718922,0.0872674773787984,-0.087267477378798,0.391534356980663,-0.391534356980663,0.0527813248760564,0.22
