"","row","PL","delta_E","delta_H","G1Emean","G2Emean","E1Gmean","E2Gmean","GxE_emm","covariance"
"1",26859,0.689265952245577,-0.252410496811303,-0.366201893462123,-0.126205248405652,0.126205248405651,-0.05689569832541,0.0568956983254096,0.107238826787924,0.45
