"","row","PL","delta_E","delta_H","G1Emean","G2Emean","E1Gmean","E2Gmean","GxE_emm","covariance"
"1",24011,0.896742207503366,0.330309030687176,0.368343352106504,0.165154515343588,-0.165154515343588,0.0190171607096639,-0.0190171607096639,0.109278251767387,0.12
