"","row","PL","delta_E","delta_H","G1Emean","G2Emean","E1Gmean","E2Gmean","GxE_emm","covariance"
"1",26820,-0.862822386657018,0.0531035685046395,-0.0615463498929227,0.0265517842523197,-0.0265517842523197,-0.0573249591987811,0.0573249591987811,0.421908194523191,-0.46
