"","row","PL","delta_E","delta_H","G1Emean","G2Emean","E1Gmean","E2Gmean","GxE_emm","covariance"
"1",26986,2.6738859519402,0.376534423961755,0.14081917880175,0.188267211980877,-0.188267211980877,-0.117857622580002,0.117857622580002,0.036673036618391,-0.63
