"","row","PL","delta_E","delta_H","G1Emean","G2Emean","E1Gmean","E2Gmean","GxE_emm","covariance"
"1",24255,0.201057355963772,-0.12211184277973,-0.60734829717811,-0.061055921389865,0.0610559213898651,-0.24261822719919,0.24261822719919,0.762326882061494,0.25
