"","row","PL","delta_E","delta_H","G1Emean","G2Emean","E1Gmean","E2Gmean","GxE_emm","covariance"
"1",26917,0.564845344700556,-0.511413056236169,-0.905403684449744,-0.255706528118085,0.255706528118085,-0.196995314106787,0.196995314106787,0.0740377049816732,0.77
