"","row","PL","delta_E","delta_H","G1Emean","G2Emean","E1Gmean","E2Gmean","GxE_emm","covariance"
"1",26827,-0.17688053003208,0.094458836641329,-0.534026196236506,0.0472294183206645,-0.0472294183206645,-0.314242516438917,0.314242516438917,0.0826006519778074,-0.15
