"","row","PL","delta_E","delta_H","G1Emean","G2Emean","E1Gmean","E2Gmean","GxE_emm","covariance"
"1",2187,0.394217154091068,-0.415868266147858,-1.05492179077471,-0.207934133073929,0.207934133073929,-0.319526762313425,0.319526762313425,0.106470302343114,0.65
