"","row","PL","delta_E","delta_H","G1Emean","G2Emean","E1Gmean","E2Gmean","GxE_emm","covariance"
"1",21577,0.237701949464875,-0.146118351926159,-0.614712467672675,-0.0730591759630794,0.0730591759630793,-0.234297057873258,0.234297057873258,0.331194852307254,0.31
