"","row","PL","delta_E","delta_H","G1Emean","G2Emean","E1Gmean","E2Gmean","GxE_emm","covariance"
"1",21112,-0.876725785770587,0.320509593396105,-0.365575643602631,0.160254796698052,-0.160254796698052,-0.343042618499368,0.343042618499368,0.035422975172797,-0.47
