"","row","PL","delta_E","delta_H","G1Emean","G2Emean","E1Gmean","E2Gmean","GxE_emm","covariance"
"1",26543,0.974846053093382,0.563493632861274,0.578033455716619,0.281746816430637,-0.281746816430637,0.00726991142767222,-0.00726991142767278,0.169760797152804,0.03
