"","row","PL","delta_E","delta_H","G1Emean","G2Emean","E1Gmean","E2Gmean","GxE_emm","covariance"
"1",2258,0.244045096093432,-0.300067737117383,-1.22955856077724,-0.150033868558692,0.150033868558692,-0.464745411829928,0.464745411829928,0.0136805558161133,0.32
