"","row","PL","delta_E","delta_H","G1Emean","G2Emean","E1Gmean","E2Gmean","GxE_emm","covariance"
"1",24193,-0.585984713182649,-0.418548492698679,0.714265207406903,-0.20927424634934,0.20927424634934,0.566406850052791,-0.566406850052791,0.220164113202288,-0.37
