"","row","PL","delta_E","delta_H","G1Emean","G2Emean","E1Gmean","E2Gmean","GxE_emm","covariance"
"1",21082,3.59771548012801,-0.18434454499405,-0.0512393339640883,-0.0921722724970254,0.0921722724970243,0.0665526055149801,-0.0665526055149812,0.37489051024131,-0.72
