"","row","PL","delta_E","delta_H","G1Emean","G2Emean","E1Gmean","E2Gmean","GxE_emm","covariance"
"1",26620,0.328127089062957,-0.223166715971676,-0.680122804273734,-0.111583357985838,0.111583357985838,-0.228478044151029,0.228478044151029,0.136993975784118,0.49
