"","row","PL","delta_E","delta_H","G1Emean","G2Emean","E1Gmean","E2Gmean","GxE_emm","covariance"
"1",26891,0.357326294580196,-0.584007055634619,-1.63438029748339,-0.29200352781731,0.292003527817309,-0.525186620924388,0.525186620924388,0.0496818353627792,0.56
