"","row","PL","delta_E","delta_H","G1Emean","G2Emean","E1Gmean","E2Gmean","GxE_emm","covariance"
"1",24150,0.196891978536107,0.0464124471888022,0.235725434493975,0.023206223594401,-0.0232062235944011,0.0946564936525865,-0.0946564936525866,0.187226860580776,0.25
