"","row","PL","delta_E","delta_H","G1Emean","G2Emean","E1Gmean","E2Gmean","GxE_emm","covariance"
"1",21246,0.546358146054466,-0.415789013203026,-0.761019152374048,-0.207894506601513,0.207894506601513,-0.172615069585511,0.172615069585511,0.0158628959832514,0.83
