"","row","PL","delta_E","delta_H","G1Emean","G2Emean","E1Gmean","E2Gmean","GxE_emm","covariance"
"1",26789,11.0410749223584,-0.868596908787242,-0.0786695964745531,-0.434298454393621,0.434298454393621,0.394963656156344,-0.394963656156344,0.16942024934552,-0.91
