"","row","PL","delta_E","delta_H","G1Emean","G2Emean","E1Gmean","E2Gmean","GxE_emm","covariance"
"1",23787,0.149131893493082,-0.0681087242262897,-0.456701263767226,-0.0340543621131441,0.0340543621131456,-0.194296269770467,0.194296269770469,0.656316409460969,0.18
