"","row","PL","delta_E","delta_H","G1Emean","G2Emean","E1Gmean","E2Gmean","GxE_emm","covariance"
"1",21178,0.346511178122531,0.587611412920038,1.69579352707707,0.293805706460019,-0.293805706460019,0.554091057078516,-0.554091057078516,0.156917163397768,0.53
