"","row","PL","delta_E","delta_H","G1Emean","G2Emean","E1Gmean","E2Gmean","GxE_emm","covariance"
"1",21415,0.922577520715525,-0.468015807976883,-0.507291579805569,-0.234007903988442,0.234007903988442,-0.0196378859143426,0.0196378859143426,0.314298378265913,0.08
