"","row","PL","delta_E","delta_H","G1Emean","G2Emean","E1Gmean","E2Gmean","GxE_emm","covariance"
"1",26842,-0.870450165861854,0.144354359823084,-0.16583874124506,0.0721771799115416,-0.072177179911542,-0.155096550534072,0.155096550534072,0.780785808430559,-0.47
