"","row","PL","delta_E","delta_H","G1Emean","G2Emean","E1Gmean","E2Gmean","GxE_emm","covariance"
"1",2586,-0.248630565699401,-0.114570765107528,0.46080724139946,-0.0572853825537643,0.0572853825537638,0.287689003253494,-0.287689003253495,0.284912053284396,-0.2
