"","row","PL","delta_E","delta_H","G1Emean","G2Emean","E1Gmean","E2Gmean","GxE_emm","covariance"
"1",21470,0.441425004754629,-0.818209113826587,-1.85356313080044,-0.409104556913294,0.409104556913294,-0.517677008486925,0.517677008486925,0.304369964734049,0.79
