"","row","PL","delta_E","delta_H","G1Emean","G2Emean","E1Gmean","E2Gmean","GxE_emm","covariance"
"1",26498,-0.271045278528577,-0.197417246146404,0.728355229864629,-0.0987086230732022,0.0987086230732021,0.462886238005516,-0.462886238005516,0.0599645623828611,-0.21
