"","row","PL","delta_E","delta_H","G1Emean","G2Emean","E1Gmean","E2Gmean","GxE_emm","covariance"
"1",24171,-1.24836311839087,-0.567997626942281,0.454993918495784,-0.283998813471141,0.283998813471141,0.511495772719033,-0.511495772719033,0.369370088987708,-0.56
