"","row","PL","delta_E","delta_H","G1Emean","G2Emean","E1Gmean","E2Gmean","GxE_emm","covariance"
"1",21334,0.521720630630187,-0.602767694094237,-1.15534571321466,-0.301383847047119,0.301383847047119,-0.276289009560213,0.276289009560213,0.546416612555872,0.92
