"","row","PL","delta_E","delta_H","G1Emean","G2Emean","E1Gmean","E2Gmean","GxE_emm","covariance"
"1",24262,-0.529427895363682,0.486767932320409,-0.919422524923874,0.243383966160204,-0.243383966160205,-0.703095228622142,0.703095228622141,0.308755789630374,-0.35
