"","row","PL","delta_E","delta_H","G1Emean","G2Emean","E1Gmean","E2Gmean","GxE_emm","covariance"
"1",26801,-0.354755478755828,-0.0929117626888781,0.261903672396354,-0.0464558813444392,0.046455881344439,0.177407717542616,-0.177407717542616,0.175073462155735,-0.26
