"","row","PL","delta_E","delta_H","G1Emean","G2Emean","E1Gmean","E2Gmean","GxE_emm","covariance"
"1",2329,0.670615108580763,-1.43086571910231,-2.13366162019595,-0.715432859551157,0.715432859551157,-0.351397950546818,0.351397950546818,0.0538361215232616,0.49
