"","row","PL","delta_E","delta_H","G1Emean","G2Emean","E1Gmean","E2Gmean","GxE_emm","covariance"
"1",26958,1.28791676554469,-0.810278089580044,-0.629138552472652,-0.405139044790022,0.405139044790022,0.0905697685536959,-0.0905697685536959,0.223195164282655,-0.22
