"","row","PL","delta_E","delta_H","G1Emean","G2Emean","E1Gmean","E2Gmean","GxE_emm","covariance"
"1",24184,1.02454479585676,-0.673393024288998,-0.657260694712604,-0.336696512144499,0.336696512144499,0.00806616478819722,-0.00806616478819722,0.0785012736519207,-0.02
