"","row","PL","delta_E","delta_H","G1Emean","G2Emean","E1Gmean","E2Gmean","GxE_emm","covariance"
"1",23901,0.160013005054181,0.0875096355971667,0.54689077033167,0.0437548177985833,-0.0437548177985834,0.229690567367252,-0.229690567367252,0.217092523736081,0.19
