"","row","PL","delta_E","delta_H","G1Emean","G2Emean","E1Gmean","E2Gmean","GxE_emm","covariance"
"1",23923,0.0143909492712246,0.0198465721681113,1.37910097479084,0.0099232860840559,-0.00992328608405535,0.679627201311363,-0.679627201311362,0.375283655551543,0.01
