"","row","PL","delta_E","delta_H","G1Emean","G2Emean","E1Gmean","E2Gmean","GxE_emm","covariance"
"1",2500,-0.106501891951323,0.107687197680575,-1.01112943354841,0.0538435988402876,-0.0538435988402879,-0.559408315614492,0.559408315614491,0.0280471136868661,-0.1
