"","row","PL","delta_E","delta_H","G1Emean","G2Emean","E1Gmean","E2Gmean","GxE_emm","covariance"
"1",24296,0.811727009098996,-1.04801559452116,-1.29109365928878,-0.524007797260582,0.524007797260582,-0.121539032383811,0.12153903238381,0.0932136050425667,0.23
