"","row","PL","delta_E","delta_H","G1Emean","G2Emean","E1Gmean","E2Gmean","GxE_emm","covariance"
"1",26781,0.765881394754637,0.45280596721716,0.591222048633554,0.22640298360858,-0.22640298360858,0.0692080407081972,-0.0692080407081968,0.122273925204026,0.31
