"","row","PL","delta_E","delta_H","G1Emean","G2Emean","E1Gmean","E2Gmean","GxE_emm","covariance"
"1",2508,1.20343937555618,-1.00481916162796,-0.834956194751049,-0.502409580813982,0.502409580813982,0.0849314834384577,-0.0849314834384577,0.11417152235534,-0.17
