"","row","PL","delta_E","delta_H","G1Emean","G2Emean","E1Gmean","E2Gmean","GxE_emm","covariance"
"1",2484,0.507757456407143,-0.539736482879935,-1.0629809096238,-0.269868241439967,0.269868241439967,-0.261622213371935,0.261622213371935,0.093404662705107,0.97
