"","row","PL","delta_E","delta_H","G1Emean","G2Emean","E1Gmean","E2Gmean","GxE_emm","covariance"
"1",21576,0.115833686903957,0.0497334842528478,0.429352510328745,0.0248667421264239,-0.0248667421264239,0.189809513037948,-0.189809513037948,0.20130573281138,0.13
