"","row","PL","delta_E","delta_H","G1Emean","G2Emean","E1Gmean","E2Gmean","GxE_emm","covariance"
"1",26490,-0.566722905523295,-0.281159602144862,0.496114766854619,-0.140579801072431,0.140579801072431,0.388637184499741,-0.388637184499741,0.138488642340424,-0.36
