"","row","PL","delta_E","delta_H","G1Emean","G2Emean","E1Gmean","E2Gmean","GxE_emm","covariance"
"1",21219,-0.77152377363595,-0.21885403309427,0.283664665396997,-0.109427016547135,0.109427016547135,0.251259349245633,-0.251259349245633,0.150838084907648,-0.44
