"","row","PL","delta_E","delta_H","G1Emean","G2Emean","E1Gmean","E2Gmean","GxE_emm","covariance"
"1",26886,0.149069819785373,0.194044414048734,1.30170154044671,0.0970222070243675,-0.0970222070243664,0.553828563198988,-0.553828563198987,0.360452865760671,0.18
