"","row","PL","delta_E","delta_H","G1Emean","G2Emean","E1Gmean","E2Gmean","GxE_emm","covariance"
"1",23968,-0.26212387457795,-0.121047847576251,0.461796346369257,-0.0605239237881251,0.0605239237881254,0.291422096972754,-0.291422096972754,0.092040957895368,-0.21
