"","row","PL","delta_E","delta_H","G1Emean","G2Emean","E1Gmean","E2Gmean","GxE_emm","covariance"
"1",2444,-3.16903131992277,-0.834687763191604,0.263388928327772,-0.417343881595802,0.417343881595802,0.549038345759688,-0.549038345759688,0.194126345747522,-0.76
