"","row","PL","delta_E","delta_H","G1Emean","G2Emean","E1Gmean","E2Gmean","GxE_emm","covariance"
"1",2696,-0.465844855540187,0.196425163209141,-0.421653606073141,0.0982125816045702,-0.0982125816045709,-0.309039384641141,0.30903938464114,0.221748292773339,-0.32
