"","row","PL","delta_E","delta_H","G1Emean","G2Emean","E1Gmean","E2Gmean","GxE_emm","covariance"
"1",24021,0.222677658206354,-0.181377119555197,-0.814527694498723,-0.0906885597775983,0.0906885597775982,-0.316575287471763,0.316575287471763,0.0736445254589503,0.29
