"","row","PL","delta_E","delta_H","G1Emean","G2Emean","E1Gmean","E2Gmean","GxE_emm","covariance"
"1",21461,-1.41602534879838,-0.499007622904547,0.352400204790118,-0.249503811452273,0.249503811452274,0.425703913847333,-0.425703913847332,0.342392746976438,-0.59
