"","row","PL","delta_E","delta_H","G1Emean","G2Emean","E1Gmean","E2Gmean","GxE_emm","covariance"
"1",26847,-0.730373007341584,0.518337670882684,-0.709688974910686,0.259168835441342,-0.259168835441342,-0.614013322896685,0.614013322896685,0.276967408939311,-0.42
