"","row","PL","delta_E","delta_H","G1Emean","G2Emean","E1Gmean","E2Gmean","GxE_emm","covariance"
"1",21214,13.1368475411888,-0.705335719091936,-0.0536913987073726,-0.352667859545968,0.352667859545968,0.325822160192282,-0.325822160192282,0.16606638738916,-0.92
