"","row","PL","delta_E","delta_H","G1Emean","G2Emean","E1Gmean","E2Gmean","GxE_emm","covariance"
"1",21384,-5.12250861378411,-0.283168061291272,0.0552791771846509,-0.141584030645636,0.141584030645636,0.169223619237962,-0.169223619237962,0.0165607125450563,-0.84
