"","row","PL","delta_E","delta_H","G1Emean","G2Emean","E1Gmean","E2Gmean","GxE_emm","covariance"
"1",2610,0.415285784453643,-0.707895722436809,-1.70459897481954,-0.353947861218404,0.353947861218404,-0.498351626191366,0.498351626191366,0.0056724154514928,0.71
