"","row","PL","delta_E","delta_H","G1Emean","G2Emean","E1Gmean","E2Gmean","GxE_emm","covariance"
"1",26792,5.13350196183716,0.428293222060213,0.0834310038730242,0.214146611030107,-0.214146611030106,-0.172431109093594,0.172431109093594,0.0778786909165922,-0.81
