"","row","PL","delta_E","delta_H","G1Emean","G2Emean","E1Gmean","E2Gmean","GxE_emm","covariance"
"1",2213,0.453439602717019,0.180595961683348,0.398280080966051,0.090297980841674,-0.0902979808416742,0.108842059641351,-0.108842059641352,0.172185804368319,0.83
