"","row","PL","delta_E","delta_H","G1Emean","G2Emean","E1Gmean","E2Gmean","GxE_emm","covariance"
"1",21327,0.346952805752648,-0.531002292866937,-1.53047412807349,-0.265501146433469,0.265501146433468,-0.499735917603279,0.499735917603278,0.213387088812953,0.53
