"","row","PL","delta_E","delta_H","G1Emean","G2Emean","E1Gmean","E2Gmean","GxE_emm","covariance"
"1",26685,-0.153553703437919,0.148013988487848,-0.963923273577632,0.074006994243924,-0.0740069942439241,-0.55596863103274,0.55596863103274,0.242506621077885,-0.13
