"","row","PL","delta_E","delta_H","G1Emean","G2Emean","E1Gmean","E2Gmean","GxE_emm","covariance"
"1",21090,1.03816013088194,0.264862650312315,0.255126971681438,0.132431325156158,-0.132431325156158,-0.00486783931543867,0.00486783931543868,0.11844489795701,-0.04
