"","row","PL","delta_E","delta_H","G1Emean","G2Emean","E1Gmean","E2Gmean","GxE_emm","covariance"
"1",21162,-0.450264406012989,-0.27587727493945,0.612700607143909,-0.137938637469725,0.137938637469725,0.444288941041679,-0.444288941041679,0.108592785811562,-0.31
