"","row","PL","delta_E","delta_H","G1Emean","G2Emean","E1Gmean","E2Gmean","GxE_emm","covariance"
"1",26677,0.743963204482134,0.477744587235817,0.64216158051576,0.238872293617908,-0.238872293617908,0.0822084966399716,-0.0822084966399715,0.0692290091346021,0.34
