"","row","PL","delta_E","delta_H","G1Emean","G2Emean","E1Gmean","E2Gmean","GxE_emm","covariance"
"1",23810,-0.248714050739066,-0.155302404157042,0.624421514166786,-0.0776512020785209,0.0776512020785213,0.389861959161914,-0.389861959161914,0.0636292515009062,-0.2
