"","row","PL","delta_E","delta_H","G1Emean","G2Emean","E1Gmean","E2Gmean","GxE_emm","covariance"
"1",26566,0.20437529651215,-0.124538246329247,-0.60936056585412,-0.0622691231646233,0.0622691231646238,-0.242411159762436,0.242411159762437,0.369239394714135,0.26
