"","row","PL","delta_E","delta_H","G1Emean","G2Emean","E1Gmean","E2Gmean","GxE_emm","covariance"
"1",21275,-0.289326343630246,0.0878185271864975,-0.303527587860192,0.0439092635932489,-0.0439092635932486,-0.195673057523345,0.195673057523345,0.208698351680313,-0.22
