"","row","PL","delta_E","delta_H","G1Emean","G2Emean","E1Gmean","E2Gmean","GxE_emm","covariance"
"1",26838,0.446100176214572,-0.35565505794192,-0.797253793889674,-0.17782752897096,0.17782752897096,-0.220799367973877,0.220799367973877,0.0258094467687452,0.81
