"","row","PL","delta_E","delta_H","G1Emean","G2Emean","E1Gmean","E2Gmean","GxE_emm","covariance"
"1",2180,2.5378368185883,-0.647774077914704,-0.255246544289256,-0.323887038957352,0.323887038957352,0.196263766812724,-0.196263766812724,0.0140517403320675,-0.61
