"","row","PL","delta_E","delta_H","G1Emean","G2Emean","E1Gmean","E2Gmean","GxE_emm","covariance"
"1",4968,0.273909826376607,-0.304629964307855,-1.11215420175912,-0.152314982153927,0.152314982153927,-0.403762118725634,0.403762118725634,0.0110558119831657,0.38
