"","row","PL","delta_E","delta_H","G1Emean","G2Emean","E1Gmean","E2Gmean","GxE_emm","covariance"
"1",4984,0.300620835586516,-0.392247726001208,-1.30479221520333,-0.196123863000604,0.196123863000604,-0.456272244601063,0.456272244601063,0.279260506045218,0.43
