"","row","PL","delta_E","delta_H","G1Emean","G2Emean","E1Gmean","E2Gmean","GxE_emm","covariance"
"1",4872,-0.552277603309386,-0.314121112619466,0.568773947625566,-0.157060556309733,0.157060556309733,0.441447530122516,-0.441447530122516,0.183526662026141,-0.36
