"","row","PL","delta_E","delta_H","G1Emean","G2Emean","E1Gmean","E2Gmean","GxE_emm","covariance"
"1",4947,0.468507556894232,-0.684067461626338,-1.4600990988514,-0.342033730813169,0.342033730813169,-0.38801581861253,0.38801581861253,0.119945927331262,0.88
