"","row","PL","delta_E","delta_H","G1Emean","G2Emean","E1Gmean","E2Gmean","GxE_emm","covariance"
"1",5210,0.188180207757693,-0.148356780375159,-0.788376111084904,-0.0741783901875799,0.0741783901875793,-0.320009665354873,0.320009665354872,0.064244343840641,0.23
