"","row","PL","delta_E","delta_H","G1Emean","G2Emean","E1Gmean","E2Gmean","GxE_emm","covariance"
"1",5184,0.499174920727399,-0.670112882481339,-1.34244100545927,-0.33505644124067,0.335056441240669,-0.336164061488964,0.336164061488963,0.32803817632126,1
