"","row","PL","delta_E","delta_H","G1Emean","G2Emean","E1Gmean","E2Gmean","GxE_emm","covariance"
"1",5236,7.78261749668645,0.279607581997159,0.0359271905777465,0.139803790998579,-0.139803790998579,-0.121840195709706,0.121840195709706,0.0535823137060375,-0.87
