"","row","PL","delta_E","delta_H","G1Emean","G2Emean","E1Gmean","E2Gmean","GxE_emm","covariance"
"1",5241,-12.4912950796592,-0.829954992618914,0.0664426696612435,-0.414977496309457,0.414977496309457,0.448198831140079,-0.448198831140079,0.170913865811097,-0.93
