"","row","PL","delta_E","delta_H","G1Emean","G2Emean","E1Gmean","E2Gmean","GxE_emm","covariance"
"1",5338,13.3963026940009,-0.420588328267615,-0.0313958513684497,-0.210294164133808,0.210294164133807,0.194596238449582,-0.194596238449583,0.0580264179842048,-0.93
