"","row","PL","delta_E","delta_H","G1Emean","G2Emean","E1Gmean","E2Gmean","GxE_emm","covariance"
"1",5319,0.365357657532512,-0.62351117571102,-1.70657754902957,-0.31175558785551,0.31175558785551,-0.541533186659278,0.541533186659277,0.031872591736038,0.58
