"","row","PL","delta_E","delta_H","G1Emean","G2Emean","E1Gmean","E2Gmean","GxE_emm","covariance"
"1",5342,0.730816252056335,0.27356797978382,0.374332096493568,0.13678398989191,-0.13678398989191,0.0503820583548742,-0.050382058354874,0.0487107616784609,0.37
