"","row","PL","delta_E","delta_H","G1Emean","G2Emean","E1Gmean","E2Gmean","GxE_emm","covariance"
"1",5382,1.58628316891046,-0.628784059063452,-0.396388281352902,-0.314392029531726,0.314392029531726,0.116197888855275,-0.116197888855275,0.160772663595643,-0.37
