"","row","PL","delta_E","delta_H","G1Emean","G2Emean","E1Gmean","E2Gmean","GxE_emm","covariance"
"1",5191,-2.4920918527417,0.389518161108421,-0.156301687146839,0.19475908055421,-0.19475908055421,-0.27290992412763,0.27290992412763,0.156802667509202,-0.71
