"","row","PL","delta_E","delta_H","G1Emean","G2Emean","E1Gmean","E2Gmean","GxE_emm","covariance"
"1",5091,0.0364703242946822,-0.0275728892730595,-0.756036306402679,-0.0137864446365296,0.0137864446365298,-0.36423170856481,0.36423170856481,0.155986749942413,0.04
