"","row","PL","delta_E","delta_H","G1Emean","G2Emean","E1Gmean","E2Gmean","GxE_emm","covariance"
"1",5369,0.396056211282443,-0.554340085134158,-1.39965002275608,-0.277170042567079,0.277170042567079,-0.422654968810961,0.422654968810961,0.393088467149768,0.66
