"","row","PL","delta_E","delta_H","G1Emean","G2Emean","E1Gmean","E2Gmean","GxE_emm","covariance"
"1",5042,-0.638600738028133,-0.148130939851253,0.231961742337866,-0.0740654699256265,0.0740654699256266,0.19004634109456,-0.19004634109456,0.0657534521427613,-0.39
