"","row","PL","delta_E","delta_H","G1Emean","G2Emean","E1Gmean","E2Gmean","GxE_emm","covariance"
"1",5216,0.341927720914845,-0.266634716017426,-0.779798477011551,-0.133317358008713,0.133317358008713,-0.256581880497062,0.256581880497062,0.125787476018597,0.52
