"","row","PL","delta_E","delta_H","G1Emean","G2Emean","E1Gmean","E2Gmean","GxE_emm","covariance"
"1",5350,1.84674404353922,1.01928115239517,0.551934176239037,0.509640576197585,-0.509640576197585,-0.233673488078066,0.233673488078066,0.55180870557966,-0.46
