"","row","PL","delta_E","delta_H","G1Emean","G2Emean","E1Gmean","E2Gmean","GxE_emm","covariance"
"1",5029,-0.00761261608352081,0.00792973630947952,-1.04165719412085,0.00396486815473979,-0.00396486815473973,-0.524793465215163,0.524793465215163,0.145100928354133,-0.01
