"","row","PL","delta_E","delta_H","G1Emean","G2Emean","E1Gmean","E2Gmean","GxE_emm","covariance"
"1",5099,0.183500220427495,-0.136506616816683,-0.743904375148256,-0.0682533084083416,0.0682533084083414,-0.303698879165786,0.303698879165786,0.0686714550701949,0.22
