"","row","PL","delta_E","delta_H","G1Emean","G2Emean","E1Gmean","E2Gmean","GxE_emm","covariance"
"1",5211,0.332985994668664,-0.474145640342299,-1.42392066913834,-0.23707282017115,0.237072820171149,-0.47488751439802,0.474887514398019,0.0807193103462943,0.5
