"","row","PL","delta_E","delta_H","G1Emean","G2Emean","E1Gmean","E2Gmean","GxE_emm","covariance"
"1",5076,-0.062124997334979,0.029465980553175,-0.474301518184281,0.0147329902765875,-0.0147329902765874,-0.251883749368728,0.251883749368728,0.0673899531207352,-0.06
