"","row","PL","delta_E","delta_H","G1Emean","G2Emean","E1Gmean","E2Gmean","GxE_emm","covariance"
"1",5281,-0.190521296303668,-0.0535199718406865,0.280913330315484,-0.0267599859203432,0.0267599859203433,0.167216651078085,-0.167216651078085,0.102390971110857,-0.16
