"","row","PL","delta_E","delta_H","G1Emean","G2Emean","E1Gmean","E2Gmean","GxE_emm","covariance"
"1",7717,-0.653187872397992,-0.123577297246075,0.189191046662266,-0.0617886486230373,0.0617886486230373,0.15638417195417,-0.15638417195417,0.0139331456548145,-0.4
