"","row","PL","delta_E","delta_H","G1Emean","G2Emean","E1Gmean","E2Gmean","GxE_emm","covariance"
"1",7709,-0.423485049280237,-0.060884232129544,0.143769496073176,-0.030442116064772,0.030442116064772,0.10232686410136,-0.10232686410136,0.0114222889283845,-0.3
