"","row","PL","delta_E","delta_H","G1Emean","G2Emean","E1Gmean","E2Gmean","GxE_emm","covariance"
"1",7685,0.839896823121242,-0.727973422206582,-0.866741487961905,-0.363986711103291,0.363986711103291,-0.0693840328776614,0.0693840328776616,0.0390928486204215,0.19
