"","row","PL","delta_E","delta_H","G1Emean","G2Emean","E1Gmean","E2Gmean","GxE_emm","covariance"
"1",7773,0.257421019586839,0.0806687733717243,0.313372907547323,0.0403343866858622,-0.0403343866858621,0.1163520670878,-0.116352067087799,0.00701238855345479,0.35
