"","row","PL","delta_E","delta_H","G1Emean","G2Emean","E1Gmean","E2Gmean","GxE_emm","covariance"
"1",7866,2.83869835758685,-0.740782847789761,-0.260958634724224,-0.370391423894881,0.37039142389488,0.239912106532768,-0.239912106532769,0.148159351395361,-0.65
