"","row","PL","delta_E","delta_H","G1Emean","G2Emean","E1Gmean","E2Gmean","GxE_emm","covariance"
"1",7720,0.523314940007393,-0.224672344543526,-0.429325301777841,-0.112336172271763,0.112336172271763,-0.102326478617157,0.102326478617157,0.128462568615605,0.91
