"","row","PL","delta_E","delta_H","G1Emean","G2Emean","E1Gmean","E2Gmean","GxE_emm","covariance"
"1",7964,0.52067824645718,-0.939397299775306,-1.80418004048986,-0.469698649887653,0.469698649887653,-0.432391370357278,0.432391370357279,0.203367744768746,0.92
