"","row","PL","delta_E","delta_H","G1Emean","G2Emean","E1Gmean","E2Gmean","GxE_emm","covariance"
"1",7579,-0.668444299987759,-0.522574049759709,0.781776506687661,-0.261287024879854,0.261287024879855,0.652175278223685,-0.652175278223685,0.0759723500915065,-0.4
