"","row","PL","delta_E","delta_H","G1Emean","G2Emean","E1Gmean","E2Gmean","GxE_emm","covariance"
"1",7650,0.0108307178448579,0.00536874264019549,0.495695919430161,0.00268437132009747,-0.00268437132009802,0.245163588394983,-0.245163588394983,0.369089616972708,0.01
