"","row","PL","delta_E","delta_H","G1Emean","G2Emean","E1Gmean","E2Gmean","GxE_emm","covariance"
"1",7596,0.357390226136708,-0.653484630372813,-1.82849049185481,-0.326742315186407,0.326742315186406,-0.587502930741001,0.587502930741,0.0978617181304299,0.56
