"","row","PL","delta_E","delta_H","G1Emean","G2Emean","E1Gmean","E2Gmean","GxE_emm","covariance"
"1",7738,-2.46085916938653,0.773519544105387,-0.314329057805538,0.386759772052694,-0.386759772052693,-0.543924300955462,0.543924300955463,0.326047911880606,-0.71
