"","row","PL","delta_E","delta_H","G1Emean","G2Emean","E1Gmean","E2Gmean","GxE_emm","covariance"
"1",7855,-1.21702459810747,0.597451408789715,-0.49091153105597,0.298725704394857,-0.298725704394858,-0.544181469922842,0.544181469922842,0.0357305832429171,-0.55
