"","row","PL","delta_E","delta_H","G1Emean","G2Emean","E1Gmean","E2Gmean","GxE_emm","covariance"
"1",7669,-0.282586327288969,-0.291919556081765,1.03302788525664,-0.145959778040883,0.145959778040883,0.662473720669205,-0.662473720669205,0.0314341117294729,-0.22
