"","row","PL","delta_E","delta_H","G1Emean","G2Emean","E1Gmean","E2Gmean","GxE_emm","covariance"
"1",7814,0.387734421768599,0.150755180289851,0.388810412039769,0.0753775901449253,-0.0753775901449253,0.119027615874959,-0.119027615874959,0.205142877618947,0.63
