"","row","PL","delta_E","delta_H","G1Emean","G2Emean","E1Gmean","E2Gmean","GxE_emm","covariance"
"1",7757,1.23806513391848,1.05650220053051,0.853349449545259,0.528251100265257,-0.528251100265257,-0.101576375492627,0.101576375492627,0.263571114139148,-0.19
