"","row","PL","delta_E","delta_H","G1Emean","G2Emean","E1Gmean","E2Gmean","GxE_emm","covariance"
"1",7756,10.0063431239766,-0.506959272244321,-0.0506637905539712,-0.25347963612216,0.253479636122161,0.228147740845175,-0.228147740845175,0.419774586725556,-0.9
