"","row","PL","delta_E","delta_H","G1Emean","G2Emean","E1Gmean","E2Gmean","GxE_emm","covariance"
"1",8092,0.627725462626759,0.356990651633024,0.56870506756118,0.178495325816512,-0.178495325816512,0.105857207964078,-0.105857207964078,0.151327267466623,0.59
