"","row","PL","delta_E","delta_H","G1Emean","G2Emean","E1Gmean","E2Gmean","GxE_emm","covariance"
"1",8001,-0.182098485127658,0.267163269954812,-1.46713614760453,0.133581634977406,-0.133581634977406,-0.86714970877967,0.867149708779669,0.0616768295685139,-0.15
