"","row","PL","delta_E","delta_H","G1Emean","G2Emean","E1Gmean","E2Gmean","GxE_emm","covariance"
"1",8033,22.8574533405353,-0.590234330918155,-0.0258224012152498,-0.295117165459078,0.295117165459078,0.282205964851453,-0.282205964851453,0.229908839133868,-0.96
