"","row","PL","delta_E","delta_H","G1Emean","G2Emean","E1Gmean","E2Gmean","GxE_emm","covariance"
"1",8026,0.81080162925989,1.2457041510576,1.53638585087045,0.622852075528801,-0.622852075528801,0.145340849906423,-0.145340849906423,0.320402485089451,0.23
