"","Fixed_effect","Df","Sum Sq","Mean Sq","F value","Pr(>F)","data_class"
"1","exp_env_factor           ",2,14.2426134280999,7.12130671404997,22.3453753899832,1.87007398666429e-08,"Raw_anova"
"2","gen_factor               ",2,38.234219680172,19.117109840086,59.9860408912681,1.03907321759262e-16,"Raw_anova"
"3","exp_env_factor:gen_factor",4,10.7090629095402,2.67726572738505,8.40077672530588,1.01377305934348e-05,"Raw_anova"
"4","Residuals                ",81,25.8141039821878,0.318692641755405,NA,NA,"Raw_anova"
"5","exp_env_factor           ",2,32.9541194504173,16.4770597252087,1.21292454913313e+31,0,"NoError_anova"
"6","gen_factor               ",2,44.8993034527283,22.4496517263641,1.65258451158835e+31,0,"NoError_anova"
"7","exp_env_factor:gen_factor",4,11.1465770968545,2.78664427421362,2.05133033821796e+30,0,"NoError_anova"
"8","Residuals                ",81,1.10035025566575e-28,1.35845710576018e-30,NA,NA,"NoError_anova"
