"","Fixed_effect","Df","Sum Sq","Mean Sq","F value","Pr(>F)","data_class"
"1","exp_env_factor           ",1,0.800465736751103,0.800465736751103,0.802086189210576,0.376419910268904,"Raw_anova"
"2","gen_factor               ",1,2.20799369634684,2.20799369634684,2.21246353015918,0.145607223050452,"Raw_anova"
"3","exp_env_factor:gen_factor",1,0.0642712650810758,0.0642712650810758,0.0644013749968316,0.801113774985256,"Raw_anova"
"4","Residuals                ",36,35.927269301821,0.99797970282836,NA,NA,"Raw_anova"
"5","exp_env_factor           ",1,19.7619305049378,19.7619305049378,1.1691575086113e+32,0,"NoError_anova"
"6","gen_factor               ",1,19.2294962929014,19.2294962929014,1.13765757712999e+32,0,"NoError_anova"
"7","exp_env_factor:gen_factor",1,0.00857320216073274,0.00857320216073274,5.07208730268472e+28,0,"NoError_anova"
"8","Residuals                ",36,6.08497565929147e-30,1.69027101646985e-31,NA,NA,"NoError_anova"
