"","row","aov_coefs"
"(Intercept)",15740,-0.404104447752616
"exp_env_factorE_2",15740,0.345976934762296
"gen_factorG_2",15740,0.482936257857495
"exp_env_factorE_2:gen_factorG_2",15740,-0.0414085942291181
