"","Fixed_effect","Df","Sum Sq","Mean Sq","F value","Pr(>F)","data_class"
"1","exp_env_factor           ",2,1.25701422411188,0.628507112055941,0.742187349207427,0.479280725740429,"Raw_anova"
"2","gen_factor               ",2,11.8282698831154,5.91413494155769,6.98384481405683,0.00159155049955417,"Raw_anova"
"3","exp_env_factor:gen_factor",4,7.32142050597252,1.83035512649313,2.16141773638235,0.0807099407951206,"Raw_anova"
"4","Residuals                ",81,68.5932953868002,0.846830807244447,NA,NA,"Raw_anova"
"5","exp_env_factor           ",2,24.6533992306601,12.32669961533,2.92008782933286e+30,0,"NoError_anova"
"6","gen_factor               ",2,31.75123712612,15.87561856306,3.760795833093e+30,0,"NoError_anova"
"7","exp_env_factor:gen_factor",4,32.5953636432198,8.14884091080495,1.93038947239521e+30,0,"NoError_anova"
"8","Residuals                ",81,3.41928985427075e-28,4.22134549909969e-30,NA,NA,"NoError_anova"
