"","Fixed_effect","Df","Sum Sq","Mean Sq","F value","Pr(>F)","data_class"
"1","exp_env_factor           ",6,60.9732442524298,10.162207375405,36.7156222938333,1.17108537249946e-38,"Raw_anova"
"2","gen_factor               ",6,127.79058286037,21.2984304767284,76.9503219081736,2.108386947136e-73,"Raw_anova"
"3","exp_env_factor:gen_factor",36,355.364019727516,9.87122277020878,35.6643073124484,2.84597939579651e-132,"Raw_anova"
"4","Residuals                ",686,189.872153159683,0.276781564372716,NA,NA,"Raw_anova"
"5","exp_env_factor           ",6,78.4284602229901,13.071410037165,3.51996320645201e+28,0,"NoError_anova"
"6","gen_factor               ",6,178.888037368897,29.8146728948161,8.02870932085885e+28,0,"NoError_anova"
"7","exp_env_factor:gen_factor",36,476.683502408113,13.2412084002254,3.56568772957452e+28,0,"NoError_anova"
"8","Residuals                ",686,2.54746619767472e-25,3.7135075767853e-28,NA,NA,"NoError_anova"
