"","Fixed_effect","Df","Sum Sq","Mean Sq","F value","Pr(>F)","data_class"
"1","exp_env_factor           ",1,1.54530972860028,1.54530972860028,1.57278694880387,0.215012549474053,"Raw_anova"
"2","gen_factor               ",1,0.0949138787188377,0.0949138787188377,0.0966015465679857,0.757100627093414,"Raw_anova"
"3","exp_env_factor:gen_factor",1,2.33811890281636,2.33811890281636,2.37969309779218,0.128554218559077,"Raw_anova"
"4","Residuals                ",56,55.0216574898645,0.982529598033295,NA,NA,"Raw_anova"
"5","exp_env_factor           ",1,23.9088190437602,23.9088190437602,1.87687214273295e+32,0,"NoError_anova"
"6","gen_factor               ",1,20.7212146309445,20.7212146309445,1.62664121691782e+32,0,"NoError_anova"
"7","exp_env_factor:gen_factor",1,14.3699663252953,14.3699663252953,1.12806029601851e+32,0,"NoError_anova"
"8","Residuals                ",56,7.13364451401033e-30,1.27386509178756e-31,NA,NA,"NoError_anova"
