"","Fixed_effect","Df","Sum Sq","Mean Sq","F value","Pr(>F)","data_class"
"1","exp_env_factor           ",1,0.0809660324912751,0.0809660324912751,0.0893879269694648,0.76606346229019,"Raw_anova"
"2","gen_factor               ",1,3.98141559029841,3.98141559029841,4.39555298771783,0.0405625328538724,"Raw_anova"
"3","exp_env_factor:gen_factor",1,4.21379052671917,4.21379052671917,4.65209901334346,0.035323130370272,"Raw_anova"
"4","Residuals                ",56,50.7238278504911,0.905782640187342,NA,NA,"Raw_anova"
"5","exp_env_factor           ",1,8.73397366567239,8.73397366567239,5.08010639142838e+30,0,"NoError_anova"
"6","gen_factor               ",1,10.4056866759951,10.4056866759951,6.05245646637225e+30,0,"NoError_anova"
"7","exp_env_factor:gen_factor",1,39.8603396583325,39.8603396583325,2.31847237024171e+31,0,"NoError_anova"
"8","Residuals                ",56,9.62780082918956e-29,1.71925014806956e-30,NA,NA,"NoError_anova"
