"","Fixed_effect","Df","Sum Sq","Mean Sq","F value","Pr(>F)","data_class"
"1","exp_env_factor           ",6,42.2874709687306,7.04791182812177,27.1562820739116,1.85518964594719e-23,"Raw_anova"
"2","gen_factor               ",6,70.9131660020889,11.8188610003481,45.539208058359,1.19125224403993e-34,"Raw_anova"
"3","exp_env_factor:gen_factor",36,79.9311803172716,2.22031056436866,8.55507013256,1.44139666060685e-24,"Raw_anova"
"4","Residuals                ",196,50.8681827119088,0.259531544448514,NA,NA,"Raw_anova"
"5","exp_env_factor           ",6,55.6614751480949,9.27691252468249,2.10775967175803e+30,0,"NoError_anova"
"6","gen_factor               ",6,92.8109975285385,15.4684995880897,3.51451838395955e+30,0,"NoError_anova"
"7","exp_env_factor:gen_factor",36,95.5275273233667,2.65354242564907,6.0289775258752e+29,0,"NoError_anova"
"8","Residuals                ",196,8.6265757866085e-28,4.40131417684107e-30,NA,NA,"NoError_anova"
