"","Fixed_effect","Df","Sum Sq","Mean Sq","F value","Pr(>F)","data_class"
"1","exp_env_factor           ",9,345.037316072966,38.3374795636629,313.521014108777,2.42399487556358e-270,"Raw_anova"
"2","gen_factor               ",9,131.073590743276,14.5637323048085,119.101103499253,1.03372755470253e-146,"Raw_anova"
"3","exp_env_factor:gen_factor",81,412.836720122329,5.09674963113986,41.6808337741656,6.83011930421779e-251,"Raw_anova"
"4","Residuals                ",900,110.052373061429,0.122280414512699,NA,NA,"Raw_anova"
"5","exp_env_factor           ",9,383.960797751595,42.6623108612883,3.65941063121036e+29,0,"NoError_anova"
"6","gen_factor               ",9,159.19588488902,17.6884316543356,1.51724633613433e+29,0,"NoError_anova"
"7","exp_env_factor:gen_factor",81,455.843317359383,5.62769527604177,4.82722278906053e+28,0,"NoError_anova"
"8","Residuals                ",900,1.04924217707866e-25,1.16582464119851e-28,NA,NA,"NoError_anova"
