"","Fixed_effect","Df","Sum Sq","Mean Sq","F value","Pr(>F)","data_class"
"1","exp_env_factor           ",2,13.6865416752642,6.84327083763212,12.5922670313477,1.03366615566943e-05,"Raw_anova"
"2","gen_factor               ",2,37.8420219689679,18.921010984484,34.8164537795973,9.17284463366667e-13,"Raw_anova"
"3","exp_env_factor:gen_factor",4,13.9967031409209,3.49917578523022,6.43881514011376,9.53191299662153e-05,"Raw_anova"
"4","Residuals                ",126,68.474733214847,0.543450263609897,NA,NA,"Raw_anova"
"5","exp_env_factor           ",2,14.1183638322736,7.0591819161368,3.09530532772562e+30,0,"NoError_anova"
"6","gen_factor               ",2,76.3779720082448,38.1889860041224,1.67450808384449e+31,0,"NoError_anova"
"7","exp_env_factor:gen_factor",4,43.5036641594816,10.8759160398704,4.76886433329522e+30,0,"NoError_anova"
"8","Residuals                ",126,2.87356763633653e-28,2.28060923518772e-30,NA,NA,"NoError_anova"
