"","Fixed_effect","Df","Sum Sq","Mean Sq","F value","Pr(>F)","data_class"
"1","exp_env_factor           ",2,0.241230949942737,0.120615474971368,0.126788884039159,0.881031875858526,"Raw_anova"
"2","gen_factor               ",2,10.7267553553938,5.36337767769688,5.63788909007859,0.00451780770944121,"Raw_anova"
"3","exp_env_factor:gen_factor",4,3.16701163581918,0.791752908954795,0.832276851581159,0.507063848485754,"Raw_anova"
"4","Residuals                ",126,119.865002058844,0.951309540149558,NA,NA,"Raw_anova"
"5","exp_env_factor           ",2,0.0475797925912316,0.0237898962956158,7.33253608978176e+27,0,"NoError_anova"
"6","gen_factor               ",2,133.943164146377,66.9715820731886,2.06420211521449e+31,0,"NoError_anova"
"7","exp_env_factor:gen_factor",4,0.00925606103163982,0.00231401525790996,7.13227169218779e+26,0,"NoError_anova"
"8","Residuals                ",126,4.08798115214842e-28,3.24442948583208e-30,NA,NA,"NoError_anova"
