"","Fixed_effect","Df","Sum Sq","Mean Sq","F value","Pr(>F)","data_class"
"1","exp_env_factor           ",4,62.0878760147845,15.5219690036961,30.5054715716019,2.74448882434664e-20,"Raw_anova"
"2","gen_factor               ",4,28.4124222685221,7.10310556713053,13.959800132096,3.4487917087623e-10,"Raw_anova"
"3","exp_env_factor:gen_factor",16,44.0139112697493,2.75086945435933,5.40630959365815,1.11275469490573e-09,"Raw_anova"
"4","Residuals                ",225,114.485790446944,0.508825735319751,NA,NA,"Raw_anova"
"5","exp_env_factor           ",4,91.5102213722958,22.877555343074,8.52691262798049e+30,0,"NoError_anova"
"6","gen_factor               ",4,78.2899177099594,19.5724794274899,7.29504614843724e+30,0,"NoError_anova"
"7","exp_env_factor:gen_factor",16,79.1998609177449,4.94999130735906,1.84495863977406e+30,0,"NoError_anova"
"8","Residuals                ",225,6.03671009281909e-28,2.68298226347515e-30,NA,NA,"NoError_anova"
