"","Fixed_effect","Df","Sum Sq","Mean Sq","F value","Pr(>F)","data_class"
"1","exp_env_factor           ",1,2.39769433302535,2.39769433302535,3.01457150157707,0.0880183775790996,"Raw_anova"
"2","gen_factor               ",1,3.47578515999247,3.47578515999247,4.37003280384657,0.0411278820654488,"Raw_anova"
"3","exp_env_factor:gen_factor",1,8.58590086031735,8.58590086031735,10.7948755987676,0.00175947419785772,"Raw_anova"
"4","Residuals                ",56,44.5406196466648,0.795368207976158,NA,NA,"Raw_anova"
"5","exp_env_factor           ",1,0.748033563722691,0.748033563722691,6.25992039532408e+29,0,"NoError_anova"
"6","gen_factor               ",1,20.8528240148399,20.8528240148399,1.74506900066041e+31,0,"NoError_anova"
"7","exp_env_factor:gen_factor",1,37.3991424214374,37.3991424214374,3.12974799214192e+31,0,"NoError_anova"
"8","Residuals                ",56,6.69175914757012e-29,1.19495699063752e-30,NA,NA,"NoError_anova"
