"","row","aov_coefs"
"(Intercept)",5223,0.258244135693633
"exp_env_factorE_2",5223,-0.160471152217519
"gen_factorG_2",5223,-0.434530364758148
"exp_env_factorE_2:gen_factorG_2",5223,0.157026491176804
