"","Fixed_effect","Df","Sum Sq","Mean Sq","F value","Pr(>F)","data_class"
"1","exp_env_factor           ",1,2.33974146027951,2.33974146027951,2.8017935486833,0.113592491249495,"Raw_anova"
"2","gen_factor               ",1,3.01112550987103,3.01112550987103,3.60576250455661,0.0757647239524302,"Raw_anova"
"3","exp_env_factor:gen_factor",1,0.287740509667129,0.287740509667129,0.344563498731137,0.565398470079652,"Raw_anova"
"4","Residuals                ",16,13.3613925201823,0.835087032511396,NA,NA,"Raw_anova"
"5","exp_env_factor           ",1,14.9145294532252,14.9145294532252,1.87112122935358e+32,5.61362073683497e-250,"NoError_anova"
"6","gen_factor               ",1,4.08410170928435,4.08410170928435,5.12376165473238e+31,1.77560812645604e-245,"NoError_anova"
"7","exp_env_factor:gen_factor",1,0.00136883749048501,0.00136883749048501,1.71729245365346e+28,1.11507578707983e-217,"NoError_anova"
"8","Residuals                ",16,1.27534479064215e-30,7.97090494151345e-32,NA,NA,"NoError_anova"
