"","row","aov_coefs"
"(Intercept)",6925,-1.10171525459973
"exp_env_factorE_2",6925,-0.465757903431686
"exp_env_factorE_3",6925,-0.484504766150122
"exp_env_factorE_4",6925,1.30117782771267
"exp_env_factorE_5",6925,1.230262693603
"gen_factorG_2",6925,0.103448643579532
"gen_factorG_3",6925,1.53169626457282
"gen_factorG_4",6925,0.806083906072592
"gen_factorG_5",6925,1.42793295512912
"exp_env_factorE_2:gen_factorG_2",6925,0.395540826132328
"exp_env_factorE_3:gen_factorG_2",6925,0.719242515264635
"exp_env_factorE_4:gen_factorG_2",6925,0.589377997339128
"exp_env_factorE_5:gen_factorG_2",6925,0.596179406513236
"exp_env_factorE_2:gen_factorG_3",6925,1.40456194765709
"exp_env_factorE_3:gen_factorG_3",6925,-0.735962317226978
"exp_env_factorE_4:gen_factorG_3",6925,-1.62333116710322
"exp_env_factorE_5:gen_factorG_3",6925,-2.21174839751315
"exp_env_factorE_2:gen_factorG_4",6925,1.19044444876409
"exp_env_factorE_3:gen_factorG_4",6925,0.613255399860882
"exp_env_factorE_4:gen_factorG_4",6925,-1.58296475927685
"exp_env_factorE_5:gen_factorG_4",6925,0.268570527010533
"exp_env_factorE_2:gen_factorG_5",6925,-0.0534116816048898
"exp_env_factorE_3:gen_factorG_5",6925,2.26506913834754
"exp_env_factorE_4:gen_factorG_5",6925,-0.627991101456036
"exp_env_factorE_5:gen_factorG_5",6925,-0.915649523154663
