"","Fixed_effect","Df","Sum Sq","Mean Sq","F value","Pr(>F)","data_class"
"1","exp_env_factor           ",2,11.201392240353,5.60069612017649,9.0373808992687,0.000286510321591403,"Raw_anova"
"2","gen_factor               ",2,2.57624831972389,1.28812415986195,2.07853960086948,0.131735431674023,"Raw_anova"
"3","exp_env_factor:gen_factor",4,25.0245874536826,6.25614686342066,10.0950276453699,1.11233821998295e-06,"Raw_anova"
"4","Residuals                ",81,50.1977719862406,0.619725580077044,NA,NA,"Raw_anova"
"5","exp_env_factor           ",2,31.2408387583432,15.6204193791716,4.87164218745832e+30,0,"NoError_anova"
"6","gen_factor               ",2,11.3458169353135,5.67290846765673,1.76924700584394e+30,0,"NoError_anova"
"7","exp_env_factor:gen_factor",4,46.4133443063434,11.6033360765859,3.61880818778315e+30,0,"NoError_anova"
"8","Residuals                ",81,2.59718165051243e-28,3.20639709939807e-30,NA,NA,"NoError_anova"
