"","Fixed_effect","Df","Sum Sq","Mean Sq","F value","Pr(>F)","data_class"
"1","exp_env_factor           ",9,629.74897479286,69.9721083103178,626.927149518852,0,"Raw_anova"
"2","gen_factor               ",9,606.997213146173,67.4441347940192,604.2773356301,0,"Raw_anova"
"3","exp_env_factor:gen_factor",81,105.998094455452,1.3086184500673,11.7247922710869,6.8609825335326e-108,"Raw_anova"
"4","Residuals                ",1400,156.25571760551,0.111611226861078,NA,NA,"Raw_anova"
"5","exp_env_factor           ",9,696.295144159381,77.3661271288201,2.21240995857568e+29,0,"NoError_anova"
"6","gen_factor               ",9,685.883656297948,76.2092951442164,2.17932847061552e+29,0,"NoError_anova"
"7","exp_env_factor:gen_factor",81,116.821199542667,1.44223703139095,4.12431084415408e+27,0,"NoError_anova"
"8","Residuals                ",1400,4.89568298861204e-25,3.49691642043717e-28,NA,NA,"NoError_anova"
