"","Fixed_effect","Df","Sum Sq","Mean Sq","F value","Pr(>F)","data_class"
"1","exp_env_factor           ",9,64.7651942530948,7.19613269478832,17.9153569863706,1.5006755841444e-27,"Raw_anova"
"2","gen_factor               ",9,33.9964885604844,3.7773876178316,9.40411336471887,9.32133243099131e-14,"Raw_anova"
"3","exp_env_factor:gen_factor",81,538.731737650406,6.65100910679514,16.558227526034,2.25144409810406e-129,"Raw_anova"
"4","Residuals                ",900,361.506579536015,0.401673977262239,NA,NA,"Raw_anova"
"5","exp_env_factor           ",9,71.905069379725,7.98945215330278,5.30156124331309e+27,0,"NoError_anova"
"6","gen_factor               ",9,42.4197254120807,4.71330282356452,3.12760663659247e+27,0,"NoError_anova"
"7","exp_env_factor:gen_factor",81,884.675205208195,10.9219161136814,7.24745652892775e+27,0,"NoError_anova"
"8","Residuals                ",900,1.35629989128994e-24,1.50699987921104e-27,NA,NA,"NoError_anova"
