"","Fixed_effect","Df","Sum Sq","Mean Sq","F value","Pr(>F)","data_class"
"1","exp_env_factor           ",9,9.6598870096843,1.07332077885381,5.40744038512725,5.24371656599517e-07,"Raw_anova"
"2","gen_factor               ",9,335.678444209187,37.2976049121319,187.907081502474,1.0433274776738e-137,"Raw_anova"
"3","exp_env_factor:gen_factor",81,74.2658213997393,0.916861992589374,4.61919368747383,4.87173587640896e-25,"Raw_anova"
"4","Residuals                ",400,79.3958473813895,0.198489618453474,NA,NA,"Raw_anova"
"5","exp_env_factor           ",9,12.4067646596391,1.37852940662656,9.4714408202241e+28,0,"NoError_anova"
"6","gen_factor               ",9,406.263760834639,45.1404178705155,3.10145575716829e+30,0,"NoError_anova"
"7","exp_env_factor:gen_factor",81,80.3294745057217,0.991721907478046,6.81380847709592e+28,0,"NoError_anova"
"8","Residuals                ",400,5.82183611888501e-27,1.45545902972125e-29,NA,NA,"NoError_anova"
