"","row","aov_coefs"
"(Intercept)",2544,-0.474602253362704
"exp_env_factorE_2",2544,-0.510321165906838
"gen_factorG_2",2544,1.4162466624204
"exp_env_factorE_2:gen_factorG_2",2544,0.0865580204236932
