"","Fixed_effect","Df","Sum Sq","Mean Sq","F value","Pr(>F)","data_class"
"1","exp_env_factor           ",6,256.859355730461,42.8098926217435,299.831721242421,5.70843825793968e-188,"Raw_anova"
"2","gen_factor               ",6,207.301774508121,34.5502957513535,241.983196176051,1.29417859757092e-165,"Raw_anova"
"3","exp_env_factor:gen_factor",36,171.891974026621,4.77477705629502,33.4415607155861,2.90635154603671e-126,"Raw_anova"
"4","Residuals                ",686,97.9468957347966,0.142779731391832,NA,NA,"Raw_anova"
"5","exp_env_factor           ",6,298.540604042377,49.7567673403962,7.5454013670656e+29,0,"NoError_anova"
"6","gen_factor               ",6,246.559598727005,41.0932664545008,6.23161844019653e+29,0,"NoError_anova"
"7","exp_env_factor:gen_factor",36,188.899797230619,5.24721658973942,7.95717996682738e+28,0,"NoError_anova"
"8","Residuals                ",686,4.52370135596725e-26,6.59431684543331e-29,NA,NA,"NoError_anova"
