"","Fixed_effect","Df","Sum Sq","Mean Sq","F value","Pr(>F)","data_class"
"1","exp_env_factor           ",2,2.54116987402676,1.27058493701338,1.36498318665717,0.268285286426719,"Raw_anova"
"2","gen_factor               ",2,3.35019469548457,1.67509734774229,1.79954889206919,0.179932565627662,"Raw_anova"
"3","exp_env_factor:gen_factor",4,4.5982902631601,1.14957256579003,1.23498018781345,0.313416907679233,"Raw_anova"
"4","Residuals                ",36,33.5103451673286,0.930842921314682,NA,NA,"Raw_anova"
"5","exp_env_factor           ",2,25.8910960730002,12.9455480365001,2.48193320577711e+31,0,"NoError_anova"
"6","gen_factor               ",2,6.88305804726219,3.44152902363109,6.59813330290261e+30,0,"NoError_anova"
"7","exp_env_factor:gen_factor",4,11.2258458797376,2.8064614699344,5.38057554096982e+30,0,"NoError_anova"
"8","Residuals                ",36,1.87772873270408e-29,5.21591314640023e-31,NA,NA,"NoError_anova"
