"","Fixed_effect","Df","Sum Sq","Mean Sq","F value","Pr(>F)","data_class"
"1","exp_env_factor           ",4,24.7796626289564,6.19491565723911,17.6587655893911,5.40754198440706e-11,"Raw_anova"
"2","gen_factor               ",4,47.3737405935341,11.8434351483835,33.7600149267678,8.24246461832837e-18,"Raw_anova"
"3","exp_env_factor:gen_factor",16,16.7653470385082,1.04783418990677,2.9868781691145,0.000441950838368055,"Raw_anova"
"4","Residuals                ",100,35.0812497390013,0.350812497390013,NA,NA,"Raw_anova"
"5","exp_env_factor           ",4,33.6718281328435,8.41795703321088,3.22038710177186e+30,0,"NoError_anova"
"6","gen_factor               ",4,68.2709178048896,17.0677294512224,6.52945786779372e+30,0,"NoError_anova"
"7","exp_env_factor:gen_factor",16,22.057254062267,1.37857837889169,5.27391148784582e+29,0,"NoError_anova"
"8","Residuals                ",100,2.61395812589714e-28,2.61395812589714e-30,NA,NA,"NoError_anova"
