"","Fixed_effect","Df","Sum Sq","Mean Sq","F value","Pr(>F)","data_class"
"1","exp_env_factor           ",1,0.191909904483558,0.191909904483558,0.207554022126159,0.650452982939395,"Raw_anova"
"2","gen_factor               ",1,0.00506173476546073,0.00506173476546073,0.00547435741961506,0.941282877693589,"Raw_anova"
"3","exp_env_factor:gen_factor",1,7.02395638233919,7.02395638233919,7.59653548010653,0.007878151398616,"Raw_anova"
"4","Residuals                ",56,51.7790719784118,0.924626285328782,NA,NA,"Raw_anova"
"5","exp_env_factor           ",1,7.14493947314759,7.14493947314759,7.90582463059912e+30,0,"NoError_anova"
"6","gen_factor               ",1,5.95952519411796,5.95952519411796,6.59417217506225e+30,0,"NoError_anova"
"7","exp_env_factor:gen_factor",1,45.8955353327345,45.8955353327345,5.07830829122784e+31,0,"NoError_anova"
"8","Residuals                ",56,5.06103574505855e-29,9.0375638304617e-31,NA,NA,"NoError_anova"
