"","Fixed_effect","Df","Sum Sq","Mean Sq","F value","Pr(>F)","data_class"
"1","exp_env_factor           ",6,34.3774858736755,5.72958097894592,8.55428527911584,5.55156905257364e-09,"Raw_anova"
"2","gen_factor               ",6,45.8952017815456,7.64920029692426,11.4202839156007,3.40948876428019e-12,"Raw_anova"
"3","exp_env_factor:gen_factor",36,194.250871787825,5.39585754966181,8.05603498316728,2.03538735387208e-33,"Raw_anova"
"4","Residuals                ",686,459.476440556954,0.66979072967486,NA,NA,"Raw_anova"
"5","exp_env_factor           ",6,102.796852910619,17.1328088184365,1.86949512388261e+29,0,"NoError_anova"
"6","gen_factor               ",6,125.775554194018,20.9625923656697,2.28739283948507e+29,0,"NoError_anova"
"7","exp_env_factor:gen_factor",36,505.427592895362,14.0396553582045,1.5319768936493e+29,0,"NoError_anova"
"8","Residuals                ",686,6.28678122734995e-26,9.16440412150138e-29,NA,NA,"NoError_anova"
