"","Fixed_effect","Df","Sum Sq","Mean Sq","F value","Pr(>F)","data_class"
"1","exp_env_factor           ",6,31.5410373126265,5.25683955210442,73.1596431721081,2.23858123365007e-47,"Raw_anova"
"2","gen_factor               ",6,42.3051733459131,7.05086222431885,98.1271273878548,2.53899979089188e-56,"Raw_anova"
"3","exp_env_factor:gen_factor",36,156.070334207752,4.33528706132646,60.3343608477326,1.82238432918749e-87,"Raw_anova"
"4","Residuals                ",196,14.0834551337079,0.0718543629270813,NA,NA,"Raw_anova"
"5","exp_env_factor           ",6,34.8341809170272,5.80569681950454,1.84090981979847e+29,0,"NoError_anova"
"6","gen_factor               ",6,45.9094727583095,7.65157879305159,2.4262146259116e+29,0,"NoError_anova"
"7","exp_env_factor:gen_factor",36,163.256346324663,4.53489850901841,1.43795645149687e+29,0,"NoError_anova"
"8","Residuals                ",196,6.18127278362534e-27,3.15371060389048e-29,NA,NA,"NoError_anova"
