"","Fixed_effect","Df","Sum Sq","Mean Sq","F value","Pr(>F)","data_class"
"1","exp_env_factor           ",2,17.8105940941346,8.90529704706728,14.1721752642348,5.27704886639642e-06,"Raw_anova"
"2","gen_factor               ",2,15.9770763467502,7.98853817337511,12.7132157972638,1.57811439837707e-05,"Raw_anova"
"3","exp_env_factor:gen_factor",4,4.3147752060575,1.07869380151437,1.71666790346313,0.154305621788922,"Raw_anova"
"4","Residuals                ",81,50.8975543530577,0.628364868556268,NA,NA,"Raw_anova"
"5","exp_env_factor           ",2,48.6191792597479,24.3095896298739,1.54701705364651e+31,0,"NoError_anova"
"6","gen_factor               ",2,34.2388560305047,17.1194280152524,1.08944854649965e+31,0,"NoError_anova"
"7","exp_env_factor:gen_factor",4,6.14196470974741,1.53549117743685,9.77158015986996e+29,0,"NoError_anova"
"8","Residuals                ",81,1.27282162493195e-28,1.57138472213821e-30,NA,NA,"NoError_anova"
