"","Fixed_effect","Df","Sum Sq","Mean Sq","F value","Pr(>F)","data_class"
"1","exp_env_factor           ",1,3.48011462797236,3.48011462797236,4.15312949509637,0.0489571470954124,"Raw_anova"
"2","gen_factor               ",1,4.18176701521469,4.18176701521469,4.99047353007109,0.0317898294027541,"Raw_anova"
"3","exp_env_factor:gen_factor",1,1.17192037167217,1.17192037167217,1.39855653672297,0.244717344183043,"Raw_anova"
"4","Residuals                ",36,30.1661979851408,0.837949944031689,NA,NA,"Raw_anova"
"5","exp_env_factor           ",1,21.6867224087163,21.6867224087163,2.85784613090888e+31,0,"NoError_anova"
"6","gen_factor               ",1,16.2785252063029,16.2785252063029,2.14516142185863e+31,0,"NoError_anova"
"7","exp_env_factor:gen_factor",1,1.03475238498076,1.03475238498076,1.36358230816726e+30,0,"NoError_anova"
"8","Residuals                ",36,2.73185458891552e-29,7.58848496920977e-31,NA,NA,"NoError_anova"
