"","Fixed_effect","Df","Sum Sq","Mean Sq","F value","Pr(>F)","data_class"
"1","exp_env_factor           ",1,2.61810444550854,2.61810444550854,5.12528736168009,0.0297028673627198,"Raw_anova"
"2","gen_factor               ",1,3.41886207169538,3.41886207169538,6.69287682447069,0.0138667610337241,"Raw_anova"
"3","exp_env_factor:gen_factor",1,14.5734772711789,14.5734772711789,28.5295183703784,5.27672637540549e-06,"Raw_anova"
"4","Residuals                ",36,18.3895562116172,0.510821005878256,NA,NA,"Raw_anova"
"5","exp_env_factor           ",1,1.71754225933743,1.71754225933743,5.0979359437263e+30,0,"NoError_anova"
"6","gen_factor               ",1,2.4760832797604,2.4760832797604,7.34940516480785e+30,0,"NoError_anova"
"7","exp_env_factor:gen_factor",1,34.8063744609022,34.8063744609022,1.03310801507429e+32,0,"NoError_anova"
"8","Residuals                ",36,1.2128736417773e-29,3.3690934493814e-31,NA,NA,"NoError_anova"
