"","Fixed_effect","Df","Sum Sq","Mean Sq","F value","Pr(>F)","data_class"
"1","exp_env_factor           ",6,343.643556932346,57.2739261553909,307.370058872305,1.18974825279016e-190,"Raw_anova"
"2","gen_factor               ",6,66.4175610006098,11.0695935001016,59.4068162288621,3.26291926489991e-59,"Raw_anova"
"3","exp_env_factor:gen_factor",36,196.11279033011,5.44757750916973,29.2353315392076,3.38856433671737e-114,"Raw_anova"
"4","Residuals                ",686,127.826091736934,0.186335410695239,NA,NA,"Raw_anova"
"5","exp_env_factor           ",6,418.482106099939,69.7470176833233,7.59805822968419e+29,0,"NoError_anova"
"6","gen_factor               ",6,73.8599065330261,12.309984422171,1.34101760265693e+29,0,"NoError_anova"
"7","exp_env_factor:gen_factor",36,241.657987367034,6.71272187130649,7.31266416141783e+28,0,"NoError_anova"
"8","Residuals                ",686,6.29719497855815e-26,9.17958451684862e-29,NA,NA,"NoError_anova"
