"","row","aov_coefs"
"(Intercept)",5035,-0.273116587537077
"exp_env_factorE_2",5035,0.43269344595937
"gen_factorG_2",5035,0.417789001955811
"exp_env_factorE_2:gen_factorG_2",5035,-0.608498545682057
