"","Fixed_effect","Df","Sum Sq","Mean Sq","F value","Pr(>F)","data_class"
"1","exp_env_factor           ",6,25.6633765184042,4.27722941973403,20.9201638514028,6.69724793674777e-19,"Raw_anova"
"2","gen_factor               ",6,17.9176060922023,2.98626768203372,14.6059991367447,9.21600183879465e-14,"Raw_anova"
"3","exp_env_factor:gen_factor",36,160.34586250291,4.45405173619196,21.7850115062463,6.34373005924114e-51,"Raw_anova"
"4","Residuals                ",196,40.0731548864831,0.204454871869812,NA,NA,"Raw_anova"
"5","exp_env_factor           ",6,30.8944847625077,5.14908079375129,4.38574805630421e+29,0,"NoError_anova"
"6","gen_factor               ",6,24.1232565827078,4.02054276378463,3.42451173672691e+29,0,"NoError_anova"
"7","exp_env_factor:gen_factor",36,188.982258654784,5.24950718485512,4.47128659555567e+29,0,"NoError_anova"
"8","Residuals                ",196,2.30113500050367e-27,1.17404846964473e-29,NA,NA,"NoError_anova"
