"","Fixed_effect","Df","Sum Sq","Mean Sq","F value","Pr(>F)","data_class"
"1","exp_env_factor           ",6,33.4168951966682,5.56948253277804,52.0185206211561,8.12770928863308e-53,"Raw_anova"
"2","gen_factor               ",6,186.326940308045,31.0544900513408,290.046448948893,2.04275367285179e-184,"Raw_anova"
"3","exp_env_factor:gen_factor",36,440.807996960667,12.2446665822408,114.364204817743,5.0364002850507e-263,"Raw_anova"
"4","Residuals                ",686,73.4481675346195,0.107067299613148,NA,NA,"Raw_anova"
"5","exp_env_factor           ",6,37.1179878719671,6.18633131199452,3.46294950739647e+28,0,"NoError_anova"
"6","gen_factor               ",6,208.727960966499,34.7879934944165,1.94734259869379e+29,0,"NoError_anova"
"7","exp_env_factor:gen_factor",36,488.154051161533,13.559834754487,7.59044750680983e+28,0,"NoError_anova"
"8","Residuals                ",686,1.22549383725172e-25,1.78643416508997e-28,NA,NA,"NoError_anova"
