"","Fixed_effect","Df","Sum Sq","Mean Sq","F value","Pr(>F)","data_class"
"1","exp_env_factor           ",9,3.96089541275625,0.44009949030625,0.842057679574198,0.577675894456313,"Raw_anova"
"2","gen_factor               ",9,17.7764284008817,1.97515871120907,3.77913993945804,0.000137553902472629,"Raw_anova"
"3","exp_env_factor:gen_factor",81,268.203605302385,3.31115562101709,6.33534934794521,7.95094135573046e-37,"Raw_anova"
"4","Residuals                ",400,209.059070883977,0.522647677209943,NA,NA,"Raw_anova"
"5","exp_env_factor           ",9,7.6911946962097,0.854577188467745,3.76929791149866e+27,0,"NoError_anova"
"6","gen_factor               ",9,35.419356899551,3.93548409995011,1.73583056028859e+28,0,"NoError_anova"
"7","exp_env_factor:gen_factor",81,455.889448404239,5.62826479511407,2.48246817535847e+28,0,"NoError_anova"
"8","Residuals                ",400,9.06882086301284e-26,2.26720521575321e-28,NA,NA,"NoError_anova"
