"","row","aov_coefs"
"(Intercept)",6884,-0.272157526691025
"exp_env_factorE_2",6884,-1.08719688247623
"exp_env_factorE_3",6884,-0.725561219952726
"exp_env_factorE_4",6884,-0.0325460537549953
"exp_env_factorE_5",6884,-0.112138082457695
"gen_factorG_2",6884,0.51666430328505
"gen_factorG_3",6884,0.265128152803042
"gen_factorG_4",6884,0.111142256640462
"gen_factorG_5",6884,1.14930572137546
"exp_env_factorE_2:gen_factorG_2",6884,1.51238713215398
"exp_env_factorE_3:gen_factorG_2",6884,-1.03061458152224
"exp_env_factorE_4:gen_factorG_2",6884,0.872102252187568
"exp_env_factorE_5:gen_factorG_2",6884,-0.874672774727688
"exp_env_factorE_2:gen_factorG_3",6884,1.47028132342257
"exp_env_factorE_3:gen_factorG_3",6884,1.0712531577462
"exp_env_factorE_4:gen_factorG_3",6884,0.836127364629923
"exp_env_factorE_5:gen_factorG_3",6884,-0.677149968980289
"exp_env_factorE_2:gen_factorG_4",6884,1.3606982014439
"exp_env_factorE_3:gen_factorG_4",6884,-0.167702407183135
"exp_env_factorE_4:gen_factorG_4",6884,0.104616070468049
"exp_env_factorE_5:gen_factorG_4",6884,0.247817974293848
"exp_env_factorE_2:gen_factorG_5",6884,-0.507672923833265
"exp_env_factorE_3:gen_factorG_5",6884,0.159500125448445
"exp_env_factorE_4:gen_factorG_5",6884,0.839257813317485
"exp_env_factorE_5:gen_factorG_5",6884,1.16371843109844
