"","Fixed_effect","Df","Sum Sq","Mean Sq","F value","Pr(>F)","data_class"
"1","exp_env_factor           ",9,157.746893469621,17.5274326077356,196.40922370091,6.06090604063839e-241,"Raw_anova"
"2","gen_factor               ",9,227.206139222998,25.2451265803331,282.89229945098,1.62006752398247e-307,"Raw_anova"
"3","exp_env_factor:gen_factor",81,989.11186910549,12.2112576432777,136.837133412765,0,"Raw_anova"
"4","Residuals                ",1400,124.935098201889,0.0892393558584918,NA,NA,"Raw_anova"
"5","exp_env_factor           ",9,162.220803768987,18.0245337521097,2.73067532109979e+28,0,"NoError_anova"
"6","gen_factor               ",9,239.388749344257,26.5987499271397,4.02964931004909e+28,0,"NoError_anova"
"7","exp_env_factor:gen_factor",81,1097.39044688675,13.5480302084784,2.05249535153587e+28,0,"NoError_anova"
"8","Residuals                ",1400,9.24106467655419e-25,6.60076048325299e-28,NA,NA,"NoError_anova"
