"","Fixed_effect","Df","Sum Sq","Mean Sq","F value","Pr(>F)","data_class"
"1","exp_env_factor           ",2,10.0314626505987,5.01573132529935,8.10833111914735,0.000616800420201544,"Raw_anova"
"2","gen_factor               ",2,21.6503741102201,10.8251870551101,17.4997812635631,4.82126534850319e-07,"Raw_anova"
"3","exp_env_factor:gen_factor",4,7.2123854435686,1.80309636089215,2.91484957738852,0.0262829863610294,"Raw_anova"
"4","Residuals                ",81,50.1057777956126,0.61858984932855,NA,NA,"Raw_anova"
"5","exp_env_factor           ",2,10.7604102087556,5.38020510437779,8.10273468435147e+30,0,"NoError_anova"
"6","gen_factor               ",2,39.7235193324172,19.8617596662086,2.99123482873713e+31,0,"NoError_anova"
"7","exp_env_factor:gen_factor",4,38.5160704588272,9.62901761470681,1.4501561462672e+31,0,"NoError_anova"
"8","Residuals                ",81,5.37838927758846e-29,6.63998676245489e-31,NA,NA,"NoError_anova"
