"","row","aov_coefs"
"(Intercept)",24164,-0.34576843485097
"exp_env_factorE_2",24164,0.765393932398247
"gen_factorG_2",24164,0.182594917612408
"exp_env_factorE_2:gen_factorG_2",24164,-0.512903960617433
