"","Fixed_effect","Df","Sum Sq","Mean Sq","F value","Pr(>F)","data_class"
"1","exp_env_factor           ",6,59.2759123156403,9.87931871927339,19.7828761273308,5.12587979463432e-18,"Raw_anova"
"2","gen_factor               ",6,50.0116262362384,8.33527103937307,16.6909924808837,1.59790208412832e-15,"Raw_anova"
"3","exp_env_factor:gen_factor",36,36.8325345601173,1.02312596000326,2.04876213679738,0.00104771395905397,"Raw_anova"
"4","Residuals                ",196,97.8799268880041,0.499387382081653,NA,NA,"Raw_anova"
"5","exp_env_factor           ",6,102.74908001526,17.12484666921,1.40288748986149e+30,0,"NoError_anova"
"6","gen_factor               ",6,109.328374066505,18.2213956777509,1.49271806854153e+30,0,"NoError_anova"
"7","exp_env_factor:gen_factor",36,31.9225459182349,0.886737386617637,7.2642564953006e+28,0,"NoError_anova"
"8","Residuals                ",196,2.39254392916181e-27,1.22068567814378e-29,NA,NA,"NoError_anova"
