"","Fixed_effect","Df","Sum Sq","Mean Sq","F value","Pr(>F)","data_class"
"1","exp_env_factor           ",2,8.2618393093088,4.1309196546544,4.65180764013018,0.0122344709753854,"Raw_anova"
"2","gen_factor               ",2,1.59952117625571,0.799760588127855,0.900606335912726,0.41035244259199,"Raw_anova"
"3","exp_env_factor:gen_factor",4,7.2086462919207,1.80216157298017,2.02940499326646,0.097995826479353,"Raw_anova"
"4","Residuals                ",81,71.9299932225148,0.888024607685368,NA,NA,"Raw_anova"
"5","exp_env_factor           ",2,23.7978754012847,11.8989377006423,2.99554612130991e+30,0,"NoError_anova"
"6","gen_factor               ",2,14.8816743352678,7.44083716763391,1.87322360008668e+30,0,"NoError_anova"
"7","exp_env_factor:gen_factor",4,50.3204502634475,12.5801125658619,3.16703123845041e+30,0,"NoError_anova"
"8","Residuals                ",81,3.21748994914679e-28,3.97220981376147e-30,NA,NA,"NoError_anova"
