"","Fixed_effect","Df","Sum Sq","Mean Sq","F value","Pr(>F)","data_class"
"1","exp_env_factor           ",6,24.1904011906995,4.03173353178325,68.4995658115859,5.00903415855503e-60,"Raw_anova"
"2","gen_factor               ",6,180.917133801377,30.1528556335629,512.300106789281,3.18707045523707e-195,"Raw_anova"
"3","exp_env_factor:gen_factor",36,257.936176578199,7.16489379383887,121.732279699301,6.25283095642527e-205,"Raw_anova"
"4","Residuals                ",441,25.9562884297244,0.0588577968927992,NA,NA,"Raw_anova"
"5","exp_env_factor           ",6,31.371267483364,5.22854458056067,3.63266034225369e+28,0,"NoError_anova"
"6","gen_factor               ",6,187.637562143861,31.2729270239768,2.17276375931774e+29,0,"NoError_anova"
"7","exp_env_factor:gen_factor",36,269.991170372775,7.49975473257708,5.21063962903817e+28,0,"NoError_anova"
"8","Residuals                ",441,6.34738165087231e-26,1.43931556709123e-28,NA,NA,"NoError_anova"
