"","Fixed_effect","Df","Sum Sq","Mean Sq","F value","Pr(>F)","data_class"
"1","exp_env_factor           ",6,65.7768260851048,10.9628043475175,25.7281801890409,1.86801584204752e-22,"Raw_anova"
"2","gen_factor               ",6,34.320484789479,5.72008079824649,13.4242356980935,9.82816082648303e-13,"Raw_anova"
"3","exp_env_factor:gen_factor",36,60.3868851965909,1.67741347768308,3.93665661059881,3.07028328449943e-10,"Raw_anova"
"4","Residuals                ",196,83.5158039288252,0.42610104045319,NA,NA,"Raw_anova"
"5","exp_env_factor           ",6,113.578654079552,18.9297756799254,6.199264675611e+29,0,"NoError_anova"
"6","gen_factor               ",6,51.8198057771099,8.63663429618499,2.82838966577343e+29,0,"NoError_anova"
"7","exp_env_factor:gen_factor",36,78.6015401433376,2.18337611509271,7.15028358113136e+28,0,"NoError_anova"
"8","Residuals                ",196,5.98496148722621e-27,3.05355177919705e-29,NA,NA,"NoError_anova"
