"","Fixed_effect","Df","Sum Sq","Mean Sq","F value","Pr(>F)","data_class"
"1","exp_env_factor           ",1,1.42803285543498,1.42803285543498,1.30917732147589,0.269373248113282,"Raw_anova"
"2","gen_factor               ",1,0.0234520112901952,0.0234520112901952,0.0215000944882097,0.885256398157772,"Raw_anova"
"3","exp_env_factor:gen_factor",1,0.0959322690974349,0.0959322690974349,0.0879478021966295,0.770617490427835,"Raw_anova"
"4","Residuals                ",16,17.4525828641774,1.09078642901109,NA,NA,"Raw_anova"
"5","exp_env_factor           ",1,0.235378231794194,0.235378231794194,2.12179453734804e+30,2.05320286597524e-234,"NoError_anova"
"6","gen_factor               ",1,3.7222837677588,3.7222837677588,3.35541706838701e+31,5.24911880638875e-244,"NoError_anova"
"7","exp_env_factor:gen_factor",1,15.042338000447,15.042338000447,1.35597715876285e+32,7.37971323005825e-249,"NoError_anova"
"8","Residuals                ",16,1.77493703674728e-30,1.10933564796705e-31,NA,NA,"NoError_anova"
