"","Fixed_effect","Df","Sum Sq","Mean Sq","F value","Pr(>F)","data_class"
"1","exp_env_factor           ",2,12.4549096127694,6.22745480638469,12.0059341606629,2.71324280201515e-05,"Raw_anova"
"2","gen_factor               ",2,26.9000118322209,13.4500059161104,25.9303183258418,1.97738817252921e-09,"Raw_anova"
"3","exp_env_factor:gen_factor",4,7.63053536603487,1.90763384150872,3.67773464695801,0.00838556948276819,"Raw_anova"
"4","Residuals                ",81,42.0145431889748,0.518698064061417,NA,NA,"Raw_anova"
"5","exp_env_factor           ",2,23.9229645612392,11.9614822806196,7.39140986345325e+30,0,"NoError_anova"
"6","gen_factor               ",2,49.0612833402036,24.5306416701018,1.51583242397142e+31,0,"NoError_anova"
"7","exp_env_factor:gen_factor",4,16.015752098557,4.00393802463926,2.47417053452686e+30,0,"NoError_anova"
"8","Residuals                ",81,1.31081902184968e-28,1.61829508870331e-30,NA,NA,"NoError_anova"
