"","Fixed_effect","Df","Sum Sq","Mean Sq","F value","Pr(>F)","data_class"
"1","exp_env_factor           ",1,0.222833141697624,0.222833141697624,0.329134190980329,0.569736453717486,"Raw_anova"
"2","gen_factor               ",1,1.64478485314205,1.64478485314205,2.42941838835717,0.127825893466761,"Raw_anova"
"3","exp_env_factor:gen_factor",1,12.7593654029627,12.7593654029627,18.8461347236451,0.000110117433893161,"Raw_anova"
"4","Residuals                ",36,24.3730166021977,0.677028238949935,NA,NA,"Raw_anova"
"5","exp_env_factor           ",1,5.21650152630486,5.21650152630486,4.54253541271939e+30,0,"NoError_anova"
"6","gen_factor               ",1,8.13236442157167,8.13236442157167,7.08167211067537e+30,0,"NoError_anova"
"7","exp_env_factor:gen_factor",1,25.6511340521234,25.6511340521234,2.2337036464115e+31,0,"NoError_anova"
"8","Residuals                ",36,4.13412418142386e-29,1.1483678281733e-30,NA,NA,"NoError_anova"
