"","Fixed_effect","Df","Sum Sq","Mean Sq","F value","Pr(>F)","data_class"
"1","exp_env_factor           ",9,101.936935465275,11.3263261628084,352.180062950299,5.16224350524814e-184,"Raw_anova"
"2","gen_factor               ",9,111.493288638281,12.3881431820313,385.196133589297,6.05727425130376e-191,"Raw_anova"
"3","exp_env_factor:gen_factor",81,272.705531318911,3.36673495455446,104.685041838665,2.2941451140979e-225,"Raw_anova"
"4","Residuals                ",400,12.8642445775323,0.0321606114438307,NA,NA,"Raw_anova"
"5","exp_env_factor           ",9,104.779169239503,11.6421299155003,1.69988018814477e+29,0,"NoError_anova"
"6","gen_factor               ",9,119.00975846108,13.2233064956756,1.93074951893791e+29,0,"NoError_anova"
"7","exp_env_factor:gen_factor",81,275.211072299416,3.39766755925206,4.96097175671015e+28,0,"NoError_anova"
"8","Residuals                ",400,2.73951776053263e-26,6.84879440133158e-29,NA,NA,"NoError_anova"
