"","Fixed_effect","Df","Sum Sq","Mean Sq","F value","Pr(>F)","data_class"
"1","exp_env_factor           ",2,20.9892309936355,10.4946154968177,13.7638400581239,7.14911394270773e-06,"Raw_anova"
"2","gen_factor               ",2,1.07027783795978,0.53513891897989,0.701842434527493,0.498660128063364,"Raw_anova"
"3","exp_env_factor:gen_factor",4,5.17983050593926,1.29495762648481,1.69835566232887,0.158412848392656,"Raw_anova"
"4","Residuals                ",81,61.7606606624655,0.762477292129203,NA,NA,"Raw_anova"
"5","exp_env_factor           ",2,85.3679101392784,42.6839550696392,6.74413643674711e+31,0,"NoError_anova"
"6","gen_factor               ",2,2.64876937067913,1.32438468533957,2.09254999872811e+30,0,"NoError_anova"
"7","exp_env_factor:gen_factor",4,0.983320490042422,0.245830122510605,3.88415713531908e+29,0,"NoError_anova"
"8","Residuals                ",81,5.12652790029909e-29,6.3290467904927e-31,NA,NA,"NoError_anova"
