"","Fixed_effect","Df","Sum Sq","Mean Sq","F value","Pr(>F)","data_class"
"1","exp_env_factor           ",9,234.401348692121,26.0445942991246,186.579321683639,3.266928505821e-137,"Raw_anova"
"2","gen_factor               ",9,18.4062765701361,2.04514184112624,14.6510701254036,1.44821716134128e-20,"Raw_anova"
"3","exp_env_factor:gen_factor",81,190.356403068202,2.35007905022472,16.8355916800976,1.42590815286445e-88,"Raw_anova"
"4","Residuals                ",400,55.8359716695409,0.139589929173852,NA,NA,"Raw_anova"
"5","exp_env_factor           ",9,279.355655547697,31.0395172830775,8.88263838874067e+28,0,"NoError_anova"
"6","gen_factor               ",9,23.6095336119006,2.6232815124334,7.50709518266847e+27,0,"NoError_anova"
"7","exp_env_factor:gen_factor",81,196.034810840403,2.42018284988152,6.92588383191439e+27,0,"NoError_anova"
"8","Residuals                ",400,1.39776115719952e-25,3.49440289299879e-28,NA,NA,"NoError_anova"
