"","Fixed_effect","Df","Sum Sq","Mean Sq","F value","Pr(>F)","data_class"
"1","exp_env_factor           ",6,26.568183494779,4.42803058246316,15.2935115917593,2.37981956199674e-14,"Raw_anova"
"2","gen_factor               ",6,36.555645312074,6.09260755201233,21.0426198476952,5.39206261835049e-19,"Raw_anova"
"3","exp_env_factor:gen_factor",36,124.127007408524,3.44797242801456,11.9085912605812,7.25934058394257e-33,"Raw_anova"
"4","Residuals                ",196,56.749163784623,0.289536549921546,NA,NA,"Raw_anova"
"5","exp_env_factor           ",6,30.5902035777667,5.09836726296111,3.53456880413548e+29,0,"NoError_anova"
"6","gen_factor               ",6,56.3212747551242,9.38687912585404,6.50768538537261e+29,0,"NoError_anova"
"7","exp_env_factor:gen_factor",36,157.088521667109,4.36357004630858,3.02515251743252e+29,0,"NoError_anova"
"8","Residuals                ",196,2.82716234685037e-27,1.44242976880121e-29,NA,NA,"NoError_anova"
