"","Fixed_effect","Df","Sum Sq","Mean Sq","F value","Pr(>F)","data_class"
"1","exp_env_factor           ",9,32.8464915764357,3.64961017515952,18.0477422232546,9.25422213965212e-28,"Raw_anova"
"2","gen_factor               ",9,270.210539684968,30.0233932983298,148.469134211563,3.75942918995082e-171,"Raw_anova"
"3","exp_env_factor:gen_factor",81,513.94518103686,6.34500223502296,31.3767660784932,1.3412756373744e-209,"Raw_anova"
"4","Residuals                ",900,181.997787701737,0.202219764113041,NA,NA,"Raw_anova"
"5","exp_env_factor           ",9,38.9389088087281,4.32654542319201,1.02533438131328e+28,0,"NoError_anova"
"6","gen_factor               ",9,335.528136010749,37.2809040011944,8.83508409133095e+28,0,"NoError_anova"
"7","exp_env_factor:gen_factor",81,624.532955180524,7.71028339729041,1.8272357929108e+28,0,"NoError_anova"
"8","Residuals                ",900,3.79767903216645e-25,4.21964336907384e-28,NA,NA,"NoError_anova"
