"","Fixed_effect","Df","Sum Sq","Mean Sq","F value","Pr(>F)","data_class"
"1","exp_env_factor           ",9,249.75927571121,27.7510306345789,361.428907375482,1.02485915648066e-291,"Raw_anova"
"2","gen_factor               ",9,70.6526042730232,7.85028936366924,102.242022815431,3.56863361332182e-131,"Raw_anova"
"3","exp_env_factor:gen_factor",81,609.48482733095,7.52450404112284,97.9990008276208,0,"Raw_anova"
"4","Residuals                ",900,69.1032926848154,0.0767814363164616,NA,NA,"Raw_anova"
"5","exp_env_factor           ",9,262.262268086301,29.140252009589,2.08397597083725e+28,0,"NoError_anova"
"6","gen_factor               ",9,78.3778651507078,8.70865168341198,6.22802467207554e+27,0,"NoError_anova"
"7","exp_env_factor:gen_factor",81,658.359866762989,8.12789958966653,5.81269765020192e+27,0,"NoError_anova"
"8","Residuals                ",900,1.25847069139159e-24,1.39830076821288e-27,NA,NA,"NoError_anova"
