"","Fixed_effect","Df","Sum Sq","Mean Sq","F value","Pr(>F)","data_class"
"1","exp_env_factor           ",1,2.84253450072992,2.84253450072992,6.63722232359523,0.020294360250748,"Raw_anova"
"2","gen_factor               ",1,7.25805874015099,7.25805874015099,16.9473227092672,0.000807749367297287,"Raw_anova"
"3","exp_env_factor:gen_factor",1,2.04705952795944,2.04705952795944,4.77981505350659,0.0440006284214237,"Raw_anova"
"4","Residuals                ",16,6.85234723115965,0.428271701947478,NA,NA,"Raw_anova"
"5","exp_env_factor           ",1,5.51660376647586,5.51660376647586,1.28474738384824e+32,1.13636157895354e-248,"NoError_anova"
"6","gen_factor               ",1,13.3407459932425,13.3407459932425,3.1068913481802e+32,9.71515987548359e-252,"NoError_anova"
"7","exp_env_factor:gen_factor",1,0.142650240281669,0.142650240281669,3.32214403580909e+30,5.68474272021769e-236,"NoError_anova"
"8","Residuals                ",16,6.87027359411537e-31,4.2939209963221e-32,NA,NA,"NoError_anova"
