"","Fixed_effect","Df","Sum Sq","Mean Sq","F value","Pr(>F)","data_class"
"1","exp_env_factor           ",1,0.335467321490387,0.335467321490387,2.45375735248215,0.125992995102928,"Raw_anova"
"2","gen_factor               ",1,5.42051347426652,5.42051347426652,39.648048974246,2.794465216779e-07,"Raw_anova"
"3","exp_env_factor:gen_factor",1,28.322251548025,28.322251548025,207.1615579904,1.66317327382979e-16,"Raw_anova"
"4","Residuals                ",36,4.92176765621809,0.13671576822828,NA,NA,"Raw_anova"
"5","exp_env_factor           ",1,1.49031866732166,1.49031866732166,8.20340091534945e+29,0,"NoError_anova"
"6","gen_factor               ",1,6.78918658137106,6.78918658137106,3.73708124559624e+30,0,"NoError_anova"
"7","exp_env_factor:gen_factor",1,30.7204947513073,30.7204947513073,1.69099763888598e+31,0,"NoError_anova"
"8","Residuals                ",36,6.54014994234795e-29,1.81670831731887e-30,NA,NA,"NoError_anova"
