"","Fixed_effect","Df","Sum Sq","Mean Sq","F value","Pr(>F)","data_class"
"1","exp_env_factor           ",2,5.026246541466,2.513123270733,2.65777693201222,0.083830216744669,"Raw_anova"
"2","gen_factor               ",2,2.17670657607525,1.08835328803763,1.15099816093875,0.327687314788491,"Raw_anova"
"3","exp_env_factor:gen_factor",4,2.75640311861565,0.689100779653913,0.728764950499871,0.578214513308663,"Raw_anova"
"4","Residuals                ",36,34.0406437638431,0.945573437884531,NA,NA,"Raw_anova"
"5","exp_env_factor           ",2,14.2480872755983,7.12404363779913,8.47402847253502e+30,0,"NoError_anova"
"6","gen_factor               ",2,18.8391346860623,9.41956734303114,1.12045470131998e+31,0,"NoError_anova"
"7","exp_env_factor:gen_factor",4,10.9127780383395,2.72819450958486,3.24517916063441e+30,0,"NoError_anova"
"8","Residuals                ",36,3.02648937033895e-29,8.4069149176082e-31,NA,NA,"NoError_anova"
