"","Fixed_effect","Df","Sum Sq","Mean Sq","F value","Pr(>F)","data_class"
"1","exp_env_factor           ",1,14.3068877212337,14.3068877212337,39.4837834786331,2.90859014040806e-07,"Raw_anova"
"2","gen_factor               ",1,7.33670783582912,7.33670783582912,20.2476589793834,6.85100379941969e-05,"Raw_anova"
"3","exp_env_factor:gen_factor",1,4.31186026334666,4.31186026334666,11.8997618731169,0.00144858081537041,"Raw_anova"
"4","Residuals                ",36,13.0445441795905,0.362348449433069,NA,NA,"Raw_anova"
"5","exp_env_factor           ",1,24.0411801454732,24.0411801454732,1.72946505126738e+32,0,"NoError_anova"
"6","gen_factor               ",1,7.96211292001053,7.96211292001053,5.72775377335024e+31,0,"NoError_anova"
"7","exp_env_factor:gen_factor",1,6.99670693451626,6.99670693451626,5.03326377656402e+31,0,"NoError_anova"
"8","Residuals                ",36,5.0043363674958e-30,1.3900934354155e-31,NA,NA,"NoError_anova"
