"","Fixed_effect","Df","Sum Sq","Mean Sq","F value","Pr(>F)","data_class"
"1","exp_env_factor           ",4,24.9724870434366,6.24312176085915,61.1828665815463,3.70803292173904e-39,"Raw_anova"
"2","gen_factor               ",4,61.0636771452365,15.2659192863091,149.606677350847,1.91958628374727e-74,"Raw_anova"
"3","exp_env_factor:gen_factor",16,252.249709645166,15.7656068528229,154.503637379104,1.07180097375212e-147,"Raw_anova"
"4","Residuals                ",350,35.7141261661604,0.102040360474744,NA,NA,"Raw_anova"
"5","exp_env_factor           ",4,26.3832154594378,6.59580386485946,1.27117684357399e+29,0,"NoError_anova"
"6","gen_factor               ",4,68.7772023859327,17.1943005964832,3.31377299985338e+29,0,"NoError_anova"
"7","exp_env_factor:gen_factor",16,278.83958215463,17.4274738846643,3.35871134103952e+29,0,"NoError_anova"
"8","Residuals                ",350,1.81605837486013e-26,5.18873821388608e-29,NA,NA,"NoError_anova"
