"","row","aov_coefs"
"(Intercept)",21275,0.0569345577502173
"exp_env_factorE_2",21275,-0.505215230547124
"gen_factorG_2",21275,-0.0260505883139368
"exp_env_factorE_2:gen_factorG_2",21275,0.834793406721252
