"","Fixed_effect","Df","Sum Sq","Mean Sq","F value","Pr(>F)","data_class"
"1","exp_env_factor           ",4,37.0060240239339,9.25150600598347,53.1226412031902,1.8069877581466e-31,"Raw_anova"
"2","gen_factor               ",4,54.891037271454,13.7227593178635,78.7968163333753,1.07904109115435e-41,"Raw_anova"
"3","exp_env_factor:gen_factor",16,117.918349907825,7.36989686923905,42.3183411258546,1.12949139023411e-58,"Raw_anova"
"4","Residuals                ",225,39.1845887967874,0.174153727985722,NA,NA,"Raw_anova"
"5","exp_env_factor           ",4,52.92972474919,13.2324311872975,3.61519931848237e+30,0,"NoError_anova"
"6","gen_factor               ",4,71.3391429215908,17.8347857303977,4.87259705379817e+30,0,"NoError_anova"
"7","exp_env_factor:gen_factor",16,124.731132329219,7.79569577057621,2.12984247852635e+30,0,"NoError_anova"
"8","Residuals                ",225,8.23549894447253e-28,3.6602217530989e-30,NA,NA,"NoError_anova"
