"","Fixed_effect","Df","Sum Sq","Mean Sq","F value","Pr(>F)","data_class"
"1","exp_env_factor           ",6,102.710779613472,17.118463268912,59.75232070222,1.66322820521858e-59,"Raw_anova"
"2","gen_factor               ",6,95.1792016088468,15.8632002681411,55.3708013912018,9.43038204180286e-56,"Raw_anova"
"3","exp_env_factor:gen_factor",36,339.577638704995,9.43271218624987,32.9250607832371,7.84285145132562e-125,"Raw_anova"
"4","Residuals                ",686,196.532380072685,0.286490349960182,NA,NA,"Raw_anova"
"5","exp_env_factor           ",6,150.003202653932,25.0005337756553,1.049179524884e+29,0,"NoError_anova"
"6","gen_factor               ",6,131.895200208144,21.9825333680239,9.225252597314e+28,0,"NoError_anova"
"7","exp_env_factor:gen_factor",36,452.101597137926,12.5583776982757,5.27028457273224e+28,0,"NoError_anova"
"8","Residuals                ",686,1.63464552665529e-25,2.38286519920596e-28,NA,NA,"NoError_anova"
