"","Fixed_effect","Df","Sum Sq","Mean Sq","F value","Pr(>F)","data_class"
"1","exp_env_factor           ",9,28.7627559675797,3.19586177417553,78.8968253099609,4.69741872909293e-83,"Raw_anova"
"2","gen_factor               ",9,114.760554201951,12.7511726891056,314.790537024728,1.96353822539368e-175,"Raw_anova"
"3","exp_env_factor:gen_factor",81,339.273950307707,4.18856728774947,103.403928252135,2.35588826678977e-224,"Raw_anova"
"4","Residuals                ",400,16.2027395227627,0.0405068488069068,NA,NA,"Raw_anova"
"5","exp_env_factor           ",9,32.4181970568117,3.6020218952013,2.97704456909787e+28,0,"NoError_anova"
"6","gen_factor               ",9,121.561751796365,13.5068613107072,1.11633214012853e+29,0,"NoError_anova"
"7","exp_env_factor:gen_factor",81,345.020051146824,4.25950680428178,3.52045100436954e+28,0,"NoError_anova"
"8","Residuals                ",400,4.83972854500169e-26,1.20993213625042e-28,NA,NA,"NoError_anova"
