"","Fixed_effect","Df","Sum Sq","Mean Sq","F value","Pr(>F)","data_class"
"1","exp_env_factor           ",2,7.11911631248452,3.55955815624226,3.8656323112268,0.0301431307472106,"Raw_anova"
"2","gen_factor               ",2,2.39103260133299,1.1955163006665,1.2983146327727,0.285467192036431,"Raw_anova"
"3","exp_env_factor:gen_factor",4,1.34026951512683,0.335067378781708,0.363878669487451,0.832676704281099,"Raw_anova"
"4","Residuals                ",36,33.1495815710557,0.920821710307102,NA,NA,"Raw_anova"
"5","exp_env_factor           ",2,8.43571337564086,4.21785668782043,3.98444038386353e+30,0,"NoError_anova"
"6","gen_factor               ",2,35.5625305522875,17.7812652761437,1.67972495715752e+31,0,"NoError_anova"
"7","exp_env_factor:gen_factor",4,0.00175607207160403,0.000439018017901008,4.14722748835836e+26,0,"NoError_anova"
"8","Residuals                ",36,3.81089503500866e-29,1.05858195416907e-30,NA,NA,"NoError_anova"
