"","row","aov_coefs"
"(Intercept)",10490,0.118642974704708
"exp_env_factorE_2",10490,0.057994692959561
"gen_factorG_2",10490,-0.655086174456329
"exp_env_factorE_2:gen_factorG_2",10490,0.719611064174705
