"","Fixed_effect","Df","Sum Sq","Mean Sq","F value","Pr(>F)","data_class"
"1","exp_env_factor           ",9,56.1713535996212,6.24126151106903,41.7507685110074,1.55535047928572e-62,"Raw_anova"
"2","gen_factor               ",9,167.76723270052,18.6408036333911,124.697206802917,1.30869115427522e-151,"Raw_anova"
"3","exp_env_factor:gen_factor",81,640.521725921868,7.90767562866504,52.8982056026651,9.1515094765837e-288,"Raw_anova"
"4","Residuals                ",900,134.539687777991,0.149488541975546,NA,NA,"Raw_anova"
"5","exp_env_factor           ",9,70.8679020345298,7.87421133716998,6.46385872388034e+28,0,"NoError_anova"
"6","gen_factor               ",9,196.135354858221,21.792817206469,1.78894984635492e+29,0,"NoError_anova"
"7","exp_env_factor:gen_factor",81,731.996743107249,9.03699682848456,7.41837731884817e+28,0,"NoError_anova"
"8","Residuals                ",900,1.0963714564601e-25,1.21819050717788e-28,NA,NA,"NoError_anova"
