"","Fixed_effect","Df","Sum Sq","Mean Sq","F value","Pr(>F)","data_class"
"1","exp_env_factor           ",4,8.26230455872343,2.06557613968086,4.96937403256018,0.00107440442065032,"Raw_anova"
"2","gen_factor               ",4,63.1992952894584,15.7998238223646,38.0112999533463,2.62849893093468e-19,"Raw_anova"
"3","exp_env_factor:gen_factor",16,10.9722768101889,0.685767300636808,1.64982260914864,0.0696372412866148,"Raw_anova"
"4","Residuals                ",100,41.5661233416293,0.415661233416293,NA,NA,"Raw_anova"
"5","exp_env_factor           ",4,8.18596910921752,2.04649227730438,1.48247130381162e+30,0,"NoError_anova"
"6","gen_factor               ",4,101.188241762051,25.2970604405127,1.83250953789308e+31,0,"NoError_anova"
"7","exp_env_factor:gen_factor",16,14.6257891287318,0.914111820545735,6.62179162590846e+29,0,"NoError_anova"
"8","Residuals                ",100,1.38045996036658e-28,1.38045996036658e-30,NA,NA,"NoError_anova"
