"","Fixed_effect","Df","Sum Sq","Mean Sq","F value","Pr(>F)","data_class"
"1","exp_env_factor           ",1,0.000169981757419357,0.000169981757419357,0.000167610450554552,0.989742002404223,"Raw_anova"
"2","gen_factor               ",1,1.91442935595942,1.91442935595942,1.88772237549933,0.177953956049888,"Raw_anova"
"3","exp_env_factor:gen_factor",1,0.576082497153609,0.576082497153609,0.568045938402048,0.455937879610537,"Raw_anova"
"4","Residuals                ",36,36.5093181651295,1.01414772680915,NA,NA,"Raw_anova"
"5","exp_env_factor           ",1,15.6688354150874,15.6688354150874,8.7304239971255e+31,0,"NoError_anova"
"6","gen_factor               ",1,23.3043052584886,23.3043052584886,1.29847854339666e+32,0,"NoError_anova"
"7","exp_env_factor:gen_factor",1,0.0268593264240359,0.0268593264240359,1.4965586257498e+29,0,"NoError_anova"
"8","Residuals                ",36,6.46106162918169e-30,1.79473934143936e-31,NA,NA,"NoError_anova"
