"","Fixed_effect","Df","Sum Sq","Mean Sq","F value","Pr(>F)","data_class"
"1","exp_env_factor           ",6,36.2953269806653,6.04922116344421,36.5040872688039,1.64876934371466e-29,"Raw_anova"
"2","gen_factor               ",6,27.4278250536548,4.57130417560913,27.5855820195658,9.36059482084174e-24,"Raw_anova"
"3","exp_env_factor:gen_factor",36,147.796996071169,4.10547211308802,24.7745136516842,3.52176068678002e-55,"Raw_anova"
"4","Residuals                ",196,32.4798518945113,0.165713530074037,NA,NA,"Raw_anova"
"5","exp_env_factor           ",6,56.8344548098034,9.47240913496723,4.95415407763121e+29,0,"NoError_anova"
"6","gen_factor               ",6,33.2500248191596,5.54167080319326,2.8983430313607e+29,0,"NoError_anova"
"7","exp_env_factor:gen_factor",36,153.915520371037,4.27543112141769,2.23608843558214e+29,0,"NoError_anova"
"8","Residuals                ",196,3.74754632448027e-27,1.91201343085728e-29,NA,NA,"NoError_anova"
