"","Fixed_effect","Df","Sum Sq","Mean Sq","F value","Pr(>F)","data_class"
"1","exp_env_factor           ",2,25.4429055408511,12.7214527704256,27.3163775156345,8.56796405867743e-10,"Raw_anova"
"2","gen_factor               ",2,18.5256458057579,9.26282290287894,19.8897698118044,9.39532450503728e-08,"Raw_anova"
"3","exp_env_factor:gen_factor",4,7.30910886603447,1.82727721650862,3.9236551966696,0.00580967872629822,"Raw_anova"
"4","Residuals                ",81,37.7223397873565,0.46570789860934,NA,NA,"Raw_anova"
"5","exp_env_factor           ",2,42.5355659965889,21.2677829982944,1.00130592852623e+31,0,"NoError_anova"
"6","gen_factor               ",2,28.6295974077929,14.3147987038965,6.73953312812183e+30,0,"NoError_anova"
"7","exp_env_factor:gen_factor",4,17.8348365956181,4.45870914890454,2.0991994815493e+30,0,"NoError_anova"
"8","Residuals                ",81,1.72044364642621e-28,2.12400450176075e-30,NA,NA,"NoError_anova"
