"","row","aov_coefs"
"(Intercept)",13485,-0.0232523792024202
"exp_env_factorE_2",13485,0.575292113784353
"gen_factorG_2",13485,-0.743616695665218
"exp_env_factorE_2:gen_factorG_2",13485,0.429658680571411
