"","Fixed_effect","Df","Sum Sq","Mean Sq","F value","Pr(>F)","data_class"
"1","exp_env_factor           ",1,1.57417586164588,1.57417586164588,1.86302889600165,0.191163323326125,"Raw_anova"
"2","gen_factor               ",1,3.61205942448033,3.61205942448033,4.27485343019174,0.0552501543913219,"Raw_anova"
"3","exp_env_factor:gen_factor",1,0.294482302103903,0.294482302103903,0.348518263777109,0.563199221401788,"Raw_anova"
"4","Residuals                ",16,13.5192824117699,0.844955150735617,NA,NA,"Raw_anova"
"5","exp_env_factor           ",1,9.22457368082988,9.22457368082988,7.22330907711922e+31,1.13806978105578e-246,"NoError_anova"
"6","gen_factor               ",1,9.7753859996557,9.7753859996557,7.65462306083556e+31,7.15596160822713e-247,"NoError_anova"
"7","exp_env_factor:gen_factor",1,4.03195144320063e-05,4.03195144320063e-05,3.15722248700766e+26,8.54312928363349e-204,"NoError_anova"
"8","Residuals                ",16,2.0432903717328e-30,1.277056482333e-31,NA,NA,"NoError_anova"
