"","Fixed_effect","Df","Sum Sq","Mean Sq","F value","Pr(>F)","data_class"
"1","exp_env_factor           ",1,7.65177773079726,7.65177773079726,17.800175599162,9.06394668927267e-05,"Raw_anova"
"2","gen_factor               ",1,27.1517054024104,27.1517054024104,63.1624624999742,9.43401187682579e-11,"Raw_anova"
"3","exp_env_factor:gen_factor",1,0.123745756331029,0.123745756331029,0.287867247303578,0.593715651027961,"Raw_anova"
"4","Residuals                ",56,24.0727711104614,0.42987091268681,NA,NA,"Raw_anova"
"5","exp_env_factor           ",1,8.01151510344069,8.01151510344069,7.42475150688744e+31,0,"NoError_anova"
"6","gen_factor               ",1,50.6120300973799,50.6120300973799,4.69052035576601e+32,0,"NoError_anova"
"7","exp_env_factor:gen_factor",1,0.376454799179422,0.376454799179422,3.48883238862275e+30,0,"NoError_anova"
"8","Residuals                ",56,6.04255705226634e-30,1.07902804504756e-31,NA,NA,"NoError_anova"
