"","Fixed_effect","Df","Sum Sq","Mean Sq","F value","Pr(>F)","data_class"
"1","exp_env_factor           ",6,7.21331941921597,1.20221990320266,1.95981798281965,0.0700653946986171,"Raw_anova"
"2","gen_factor               ",6,149.088936047733,24.8481560079555,40.5066185101165,2.90575852373492e-39,"Raw_anova"
"3","exp_env_factor:gen_factor",36,62.173143799677,1.72703177221325,2.81534843589581,3.60403106475827e-07,"Raw_anova"
"4","Residuals                ",441,270.524600733374,0.613434468783161,NA,NA,"Raw_anova"
"5","exp_env_factor           ",6,9.46151786238966,1.57691964373161,7.0731306339608e+27,0,"NoError_anova"
"6","gen_factor               ",6,368.59477993911,61.4324633231849,2.75549765632095e+29,0,"NoError_anova"
"7","exp_env_factor:gen_factor",36,110.9437021985,3.0817695055139,1.38229987703587e+28,0,"NoError_anova"
"8","Residuals                ",441,9.83187783280371e-26,2.2294507557378e-28,NA,NA,"NoError_anova"
