"","Fixed_effect","Df","Sum Sq","Mean Sq","F value","Pr(>F)","data_class"
"1","exp_env_factor           ",1,1.49056593889648,1.49056593889648,2.58436549047944,0.116660201389544,"Raw_anova"
"2","gen_factor               ",1,16.6633304053818,16.6633304053818,28.8911311686133,4.75680956804688e-06,"Raw_anova"
"3","exp_env_factor:gen_factor",1,0.0826419867150584,0.0826419867150584,0.143285911047435,0.707259172329745,"Raw_anova"
"4","Residuals                ",36,20.7634616690066,0.576762824139073,NA,NA,"Raw_anova"
"5","exp_env_factor           ",1,5.71311246769054,5.71311246769054,3.43349512834484e+31,0,"NoError_anova"
"6","gen_factor               ",1,33.2774909588352,33.2774909588352,1.9999274254947e+32,0,"NoError_anova"
"7","exp_env_factor:gen_factor",1,0.00939657347425259,0.00939657347425259,5.64720009092042e+28,0,"NoError_anova"
"8","Residuals                ",36,5.99016573924794e-30,1.66393492756887e-31,NA,NA,"NoError_anova"
