"","Fixed_effect","Df","Sum Sq","Mean Sq","F value","Pr(>F)","data_class"
"1","exp_env_factor           ",4,10.6780110345173,2.66950275862932,5.57058233552068,0.000433121480303458,"Raw_anova"
"2","gen_factor               ",4,8.61593493310283,2.15398373327571,4.49482350104239,0.00221412223419071,"Raw_anova"
"3","exp_env_factor:gen_factor",16,56.7846232403548,3.54903895252217,7.40595364926539,4.38818668712141e-11,"Raw_anova"
"4","Residuals                ",100,47.9214307920251,0.479214307920251,NA,NA,"Raw_anova"
"5","exp_env_factor           ",4,22.5904835306764,5.64762088266911,3.03949214341759e+30,0,"NoError_anova"
"6","gen_factor               ",4,25.556847363446,6.38921184086149,3.4386088578508e+30,0,"NoError_anova"
"7","exp_env_factor:gen_factor",16,75.8526691058775,4.74079181911735,2.55144596054675e+30,0,"NoError_anova"
"8","Residuals                ",100,1.85808043455541e-28,1.85808043455541e-30,NA,NA,"NoError_anova"
