"","Fixed_effect","Df","Sum Sq","Mean Sq","F value","Pr(>F)","data_class"
"1","exp_env_factor           ",4,62.6536711529361,15.663417788234,50.1420500555082,2.40552322481281e-33,"Raw_anova"
"2","gen_factor               ",4,50.431072912826,12.6077682282065,40.3602428367743,8.37028617674325e-28,"Raw_anova"
"3","exp_env_factor:gen_factor",16,151.581947467332,9.47387171670826,30.3279498932529,2.10499185048282e-56,"Raw_anova"
"4","Residuals                ",350,109.333308466906,0.312380881334017,NA,NA,"Raw_anova"
"5","exp_env_factor           ",4,83.5827733879601,20.89569334699,3.65317765409253e+29,0,"NoError_anova"
"6","gen_factor               ",4,77.52357171998,19.380892929995,3.38834628707913e+29,0,"NoError_anova"
"7","exp_env_factor:gen_factor",16,212.893654892061,13.3058534307538,2.32625190342689e+29,0,"NoError_anova"
"8","Residuals                ",350,2.00195374108167e-26,5.71986783166192e-29,NA,NA,"NoError_anova"
