"","Fixed_effect","Df","Sum Sq","Mean Sq","F value","Pr(>F)","data_class"
"1","exp_env_factor           ",2,0.378455479987456,0.189227739993728,0.191480207342997,0.826571455477519,"Raw_anova"
"2","gen_factor               ",2,4.33468759125649,2.16734379562824,2.19314271461578,0.1262509422505,"Raw_anova"
"3","exp_env_factor:gen_factor",4,3.71034103554115,0.927585258885288,0.938626745241207,0.452738959452778,"Raw_anova"
"4","Residuals                ",36,35.5765158932149,0.988236552589303,NA,NA,"Raw_anova"
"5","exp_env_factor           ",2,6.78291195684768,3.39145597842384,3.84641735307581e+30,0,"NoError_anova"
"6","gen_factor               ",2,22.7508496378588,11.3754248189294,1.29014298580028e+31,0,"NoError_anova"
"7","exp_env_factor:gen_factor",4,14.4662384052935,3.61655960132338,4.10171846471324e+30,0,"NoError_anova"
"8","Residuals                ",36,3.17418532665537e-29,8.81718146293158e-31,NA,NA,"NoError_anova"
