"","Fixed_effect","Df","Sum Sq","Mean Sq","F value","Pr(>F)","data_class"
"1","exp_env_factor           ",2,9.46113692791738,4.73056846395869,9.83186902539682,0.000150412731858151,"Raw_anova"
"2","gen_factor               ",2,5.34941847869667,2.67470923934833,5.55903399827028,0.00546610561867863,"Raw_anova"
"3","exp_env_factor:gen_factor",4,35.2165855580522,8.80414638951305,18.2982689800615,9.61387751639098e-11,"Raw_anova"
"4","Residuals                ",81,38.9728590353337,0.481146407843626,NA,NA,"Raw_anova"
"5","exp_env_factor           ",2,21.67958540272,10.83979270136,2.3123020703733e+30,0,"NoError_anova"
"6","gen_factor               ",2,15.7772854847748,7.88864274238742,1.68277433417792e+30,0,"NoError_anova"
"7","exp_env_factor:gen_factor",4,51.543129112505,12.8857822781262,2.74874454345909e+30,0,"NoError_anova"
"8","Residuals                ",81,3.79718212451547e-28,4.68787916606848e-30,NA,NA,"NoError_anova"
