"","Fixed_effect","Df","Sum Sq","Mean Sq","F value","Pr(>F)","data_class"
"1","exp_env_factor           ",6,16.4717362308621,2.74528937181035,9.04328165825343,9.93618811817088e-09,"Raw_anova"
"2","gen_factor               ",6,50.1155463088276,8.35259105147127,27.5143430161795,1.04824630017661e-23,"Raw_anova"
"3","exp_env_factor:gen_factor",36,117.912556212568,3.27534878368245,10.7893549889518,2.92318465322014e-30,"Raw_anova"
"4","Residuals                ",196,59.5001612477421,0.303572251263991,NA,NA,"Raw_anova"
"5","exp_env_factor           ",6,17.5967043735273,2.93278406225455,8.74215464886975e+28,0,"NoError_anova"
"6","gen_factor               ",6,70.2285804398193,11.7047634066365,3.48900054205105e+29,0,"NoError_anova"
"7","exp_env_factor:gen_factor",36,156.174715186654,4.3381865329626,1.29314319642233e+29,0,"NoError_anova"
"8","Residuals                ",196,6.57533181795417e-27,3.35476113160927e-29,NA,NA,"NoError_anova"
