"","Fixed_effect","Df","Sum Sq","Mean Sq","F value","Pr(>F)","data_class"
"1","exp_env_factor           ",1,0.0693281790723692,0.0693281790723692,0.0724023990938432,0.791309440204501,"Raw_anova"
"2","gen_factor               ",1,2.64991376293749,2.64991376293749,2.76741891097691,0.115661190331999,"Raw_anova"
"3","exp_env_factor:gen_factor",1,0.960121186273098,0.960121186273098,1.00269584802501,0.331563383299408,"Raw_anova"
"4","Residuals                ",16,15.320636871717,0.957539804482315,NA,NA,"Raw_anova"
"5","exp_env_factor           ",1,0.49055802213946,0.49055802213946,5.3065059943412e+30,1.34149545091639e-237,"NoError_anova"
"6","gen_factor               ",1,1.42234548130183,1.42234548130183,1.53859166131556e+31,2.68578647557787e-241,"NoError_anova"
"7","exp_env_factor:gen_factor",1,17.0870964965587,17.0870964965587,1.84835994709507e+32,6.19107528605848e-250,"NoError_anova"
"8","Residuals                ",16,1.4791141972894e-30,9.24446373305873e-32,NA,NA,"NoError_anova"
