"","Fixed_effect","Df","Sum Sq","Mean Sq","F value","Pr(>F)","data_class"
"1","exp_env_factor           ",4,82.7504046671078,20.687601166777,67.5588318743767,1.77552561865843e-37,"Raw_anova"
"2","gen_factor               ",4,85.4269532137105,21.3567383034276,69.7440114392496,2.51563808112256e-38,"Raw_anova"
"3","exp_env_factor:gen_factor",16,11.9240224512145,0.745251403200906,2.43374347016365,0.00209029326171384,"Raw_anova"
"4","Residuals                ",225,68.8986196679672,0.306216087413187,NA,NA,"Raw_anova"
"5","exp_env_factor           ",4,131.221330937679,32.8053327344197,3.19282251080192e+30,0,"NoError_anova"
"6","gen_factor               ",4,110.537788160044,27.6344470400109,2.68955920359669e+30,0,"NoError_anova"
"7","exp_env_factor:gen_factor",16,7.24088090227709,0.452555056392318,4.40455209866105e+28,0,"NoError_anova"
"8","Residuals                ",225,2.3118102682728e-27,1.02747123034347e-29,NA,NA,"NoError_anova"
