"","Fixed_effect","Df","Sum Sq","Mean Sq","F value","Pr(>F)","data_class"
"1","exp_env_factor           ",6,11.5348886183148,1.92248143638581,3.69360752074016,0.00168360278311812,"Raw_anova"
"2","gen_factor               ",6,77.1120461524261,12.852007692071,24.6921875913071,1.03170199414382e-21,"Raw_anova"
"3","exp_env_factor:gen_factor",36,53.3372556404508,1.48159043445697,2.84653649590233,2.06241060201335e-06,"Raw_anova"
"4","Residuals                ",196,102.015809588808,0.520488824432696,NA,NA,"Raw_anova"
"5","exp_env_factor           ",6,10.3942741104715,1.73237901841192,5.99525363054246e+28,0,"NoError_anova"
"6","gen_factor               ",6,137.261984475332,22.8769974125554,7.91705512107057e+29,0,"NoError_anova"
"7","exp_env_factor:gen_factor",36,96.3437414141965,2.67621503928324,9.26159215728859e+28,0,"NoError_anova"
"8","Residuals                ",196,5.66358503798635e-27,2.88958420305426e-29,NA,NA,"NoError_anova"
