"","Fixed_effect","Df","Sum Sq","Mean Sq","F value","Pr(>F)","data_class"
"1","exp_env_factor           ",2,42.4900907975119,21.2450453987559,105.872434695275,1.05257350222933e-27,"Raw_anova"
"2","gen_factor               ",2,32.3382891139126,16.1691445569563,80.5772201967174,2.8977809442586e-23,"Raw_anova"
"3","exp_env_factor:gen_factor",4,33.8876476556385,8.47191191390963,42.2188761668657,2.01951961576806e-22,"Raw_anova"
"4","Residuals                ",126,25.283972432937,0.200666447880452,NA,NA,"Raw_anova"
"5","exp_env_factor           ",2,51.3844052566315,25.6922026283158,7.78062888036848e+30,0,"NoError_anova"
"6","gen_factor               ",2,43.1373907766012,21.5686953883006,6.53186558886654e+30,0,"NoError_anova"
"7","exp_env_factor:gen_factor",4,39.4782039667672,9.8695509916918,2.98889568143113e+30,0,"NoError_anova"
"8","Residuals                ",126,4.1606116689818e-28,3.30207275316016e-30,NA,NA,"NoError_anova"
