"","Fixed_effect","Df","Sum Sq","Mean Sq","F value","Pr(>F)","data_class"
"1","exp_env_factor           ",1,1.20432202122807,1.20432202122807,1.45834426394548,0.235067975567516,"Raw_anova"
"2","gen_factor               ",1,7.40358543698095,7.40358543698095,8.9651905091311,0.00495178053837631,"Raw_anova"
"3","exp_env_factor:gen_factor",1,0.662766047295122,0.662766047295122,0.802560317235636,0.37628042772172,"Raw_anova"
"4","Residuals                ",36,29.7293264944959,0.825814624847107,NA,NA,"Raw_anova"
"5","exp_env_factor           ",1,10.1872811934201,10.1872811934201,1.83565394169221e+31,0,"NoError_anova"
"6","gen_factor               ",1,27.3320519727195,27.3320519727195,4.92498322031834e+31,0,"NoError_anova"
"7","exp_env_factor:gen_factor",1,1.48066683386039,1.48066683386039,2.6680248226232e+30,0,"NoError_anova"
"8","Residuals                ",36,1.99788268710954e-29,5.54967413085984e-31,NA,NA,"NoError_anova"
