"","Fixed_effect","Df","Sum Sq","Mean Sq","F value","Pr(>F)","data_class"
"1","exp_env_factor           ",9,11.1372803318107,1.23747559242341,3.12863913666298,0.00117930170379089,"Raw_anova"
"2","gen_factor               ",9,239.967802618215,26.6630891798017,67.4107714309732,1.18154460474292e-74,"Raw_anova"
"3","exp_env_factor:gen_factor",81,89.6822835861729,1.10718868624905,2.79924216419132,1.40386911789129e-11,"Raw_anova"
"4","Residuals                ",400,158.212633463801,0.395531583659504,NA,NA,"Raw_anova"
"5","exp_env_factor           ",9,10.4376027940326,1.1597336437814,1.10413772384014e+28,0,"NoError_anova"
"6","gen_factor               ",9,392.039093172601,43.5598992414001,4.14717019351823e+29,0,"NoError_anova"
"7","exp_env_factor:gen_factor",81,96.5233040333665,1.19164572880699,1.13451999058913e+28,0,"NoError_anova"
"8","Residuals                ",400,4.20140936675148e-26,1.05035234168787e-28,NA,NA,"NoError_anova"
