"","Fixed_effect","Df","Sum Sq","Mean Sq","F value","Pr(>F)","data_class"
"1","exp_env_factor           ",9,5.99780684208703,0.666422982454114,1.57350529601788,0.120988155624994,"Raw_anova"
"2","gen_factor               ",9,227.201554992457,25.2446172213841,59.6055957546861,1.90022481507863e-68,"Raw_anova"
"3","exp_env_factor:gen_factor",81,96.389582698239,1.18999484812641,2.80972182091548,1.17443428127464e-11,"Raw_anova"
"4","Residuals                ",400,169.411055467217,0.423527638668043,NA,NA,"Raw_anova"
"5","exp_env_factor           ",9,9.99886314954679,1.11098479439409,1.67770468590577e+28,0,"NoError_anova"
"6","gen_factor               ",9,397.029258728703,44.114362080967,6.66173581784674e+29,0,"NoError_anova"
"7","exp_env_factor:gen_factor",81,91.971878121751,1.13545528545372,1.71465771867841e+28,0,"NoError_anova"
"8","Residuals                ",400,2.64882086514358e-26,6.62205216285895e-29,NA,NA,"NoError_anova"
