"","Fixed_effect","Df","Sum Sq","Mean Sq","F value","Pr(>F)","data_class"
"1","exp_env_factor           ",4,3.7465950829151,0.936648770728776,1.08301396822599,0.36470936806245,"Raw_anova"
"2","gen_factor               ",4,49.6147142265739,12.4036785566435,14.3419364376873,7.46860081592826e-11,"Raw_anova"
"3","exp_env_factor:gen_factor",16,17.9398526579212,1.12124079112007,1.29645121680241,0.19641392570333,"Raw_anova"
"4","Residuals                ",350,302.69883803259,0.864853822950256,NA,NA,"Raw_anova"
"5","exp_env_factor           ",4,1.08989478696755,0.272473696741887,7.99882177099543e+27,0,"NoError_anova"
"6","gen_factor               ",4,353.118746290974,88.2796865727435,2.59156567161648e+30,0,"NoError_anova"
"7","exp_env_factor:gen_factor",16,19.7913589220565,1.23695993262853,3.63125768001411e+28,0,"NoError_anova"
"8","Residuals                ",350,1.19224801589488e-26,3.40642290255679e-29,NA,NA,"NoError_anova"
