"","Fixed_effect","Df","Sum Sq","Mean Sq","F value","Pr(>F)","data_class"
"1","exp_env_factor           ",4,19.1866124625985,4.79665311564962,7.60915205984399,2.15132425594067e-05,"Raw_anova"
"2","gen_factor               ",4,19.2781223440543,4.81953058601357,7.64544364619531,2.04178963302503e-05,"Raw_anova"
"3","exp_env_factor:gen_factor",16,22.4973198621829,1.40608249138643,2.23053350485918,0.00841876469925347,"Raw_anova"
"4","Residuals                ",100,63.0379453311643,0.630379453311643,NA,NA,"Raw_anova"
"5","exp_env_factor           ",4,39.2638987544738,9.81597468861846,1.96739549470098e+30,0,"NoError_anova"
"6","gen_factor               ",4,35.9246889032735,8.98117222581837,1.8000777645338e+30,0,"NoError_anova"
"7","exp_env_factor:gen_factor",16,48.8114123422527,3.0507132713908,6.11448148161789e+29,0,"NoError_anova"
"8","Residuals                ",100,4.98932457406605e-28,4.98932457406605e-30,NA,NA,"NoError_anova"
