"","row","aov_coefs"
"(Intercept)",16181,0.452953868890384
"exp_env_factorE_2",16181,-1.14909379223295
"gen_factorG_2",16181,0.280425259189579
"exp_env_factorE_2:gen_factorG_2",16181,-0.0744784094747959
