"","Fixed_effect","Df","Sum Sq","Mean Sq","F value","Pr(>F)","data_class"
"1","exp_env_factor           ",4,44.1725474889976,11.0431368722494,29.8962327613893,2.09203449764702e-21,"Raw_anova"
"2","gen_factor               ",4,19.6593086610865,4.91482716527164,13.3055325325358,4.20375039237712e-10,"Raw_anova"
"3","exp_env_factor:gen_factor",16,180.884366320627,11.3052728950392,30.6058933988629,8.53385455305286e-57,"Raw_anova"
"4","Residuals                ",350,129.283777529289,0.369382221512253,NA,NA,"Raw_anova"
"5","exp_env_factor           ",4,71.0277513873261,17.7569378468315,1.33031908968395e+30,0,"NoError_anova"
"6","gen_factor               ",4,26.7410375262107,6.68525938155267,5.00848077043595e+29,0,"NoError_anova"
"7","exp_env_factor:gen_factor",16,276.231211086462,17.2644506929039,1.29342280340163e+30,0,"NoError_anova"
"8","Residuals                ",350,4.67175754643013e-27,1.33478787040861e-29,NA,NA,"NoError_anova"
