"","Fixed_effect","Df","Sum Sq","Mean Sq","F value","Pr(>F)","data_class"
"1","exp_env_factor           ",6,53.6512599917756,8.94187666529593,40.2466111454911,4.76807050901932e-39,"Raw_anova"
"2","gen_factor               ",6,116.347096092616,19.3911826821026,87.2780310297353,8.08541148478466e-72,"Raw_anova"
"3","exp_env_factor:gen_factor",36,221.021528393826,6.1394868998285,27.6332979238265,7.01520653677785e-91,"Raw_anova"
"4","Residuals                ",441,97.9801155217832,0.222177132702456,NA,NA,"Raw_anova"
"5","exp_env_factor           ",6,48.2470359094369,8.04117265157282,1.59042429108295e+29,0,"NoError_anova"
"6","gen_factor               ",6,163.475843500859,27.2459739168098,5.38884819778509e+29,0,"NoError_anova"
"7","exp_env_factor:gen_factor",36,277.277120589705,7.70214223860292,1.52336912045461e+29,0,"NoError_anova"
"8","Residuals                ",441,2.22969251615804e-26,5.0559921001316e-29,NA,NA,"NoError_anova"
