"","Fixed_effect","Df","Sum Sq","Mean Sq","F value","Pr(>F)","data_class"
"1","exp_env_factor           ",9,66.5785700754383,7.39761889727092,136.641065614677,1.13583495812605e-161,"Raw_anova"
"2","gen_factor               ",9,308.098215501453,34.233135055717,632.3186039051,0,"Raw_anova"
"3","exp_env_factor:gen_factor",81,575.598060110286,7.10614889025044,131.257337024835,0,"Raw_anova"
"4","Residuals                ",900,48.7251543128238,0.054139060347582,NA,NA,"Raw_anova"
"5","exp_env_factor           ",9,66.0374441123054,7.33749379025616,3.43651751831246e+28,0,"NoError_anova"
"6","gen_factor               ",9,328.733222682983,36.5259136314426,1.71069231068389e+29,0,"NoError_anova"
"7","exp_env_factor:gen_factor",81,604.229333204712,7.45962139758904,3.49371602151615e+28,0,"NoError_anova"
"8","Residuals                ",900,1.92163851225568e-25,2.13515390250631e-28,NA,NA,"NoError_anova"
