"","Fixed_effect","Df","Sum Sq","Mean Sq","F value","Pr(>F)","data_class"
"1","exp_env_factor           ",6,36.1067531803521,6.01779219672535,17.0064731538333,8.76577619202289e-16,"Raw_anova"
"2","gen_factor               ",6,65.1066598494196,10.8511099749033,30.6655837298443,7.88919270487396e-26,"Raw_anova"
"3","exp_env_factor:gen_factor",36,73.4313914579646,2.03976087383235,5.76442944639162,2.36135765494037e-16,"Raw_anova"
"4","Residuals                ",196,69.3551955122636,0.353853038327876,NA,NA,"Raw_anova"
"5","exp_env_factor           ",6,51.8103404775551,8.63505674625919,2.2221473135414e+30,0,"NoError_anova"
"6","gen_factor               ",6,96.0967029712673,16.0161171618779,4.1215909484381e+30,0,"NoError_anova"
"7","exp_env_factor:gen_factor",36,96.0929565511776,2.66924879308827,6.86905044058257e+29,0,"NoError_anova"
"8","Residuals                ",196,7.6163767899327e-28,3.88590652547587e-30,NA,NA,"NoError_anova"
