"","Fixed_effect","Df","Sum Sq","Mean Sq","F value","Pr(>F)","data_class"
"1","exp_env_factor           ",9,184.197387738177,20.466376415353,650.512081458126,0,"Raw_anova"
"2","gen_factor               ",9,264.414829973023,29.3794255525581,933.808256057573,0,"Raw_anova"
"3","exp_env_factor:gen_factor",81,1006.34105695009,12.4239636660505,394.888587033899,0,"Raw_anova"
"4","Residuals                ",1400,44.0467253387032,0.0314619466705023,NA,NA,"Raw_anova"
"5","exp_env_factor           ",9,197.171701845042,21.9079668716713,4.17105299652366e+28,0,"NoError_anova"
"6","gen_factor               ",9,267.580695786967,29.7311884207741,5.66051442742659e+28,0,"NoError_anova"
"7","exp_env_factor:gen_factor",81,1034.24760236798,12.7684889181233,2.43098979813978e+28,0,"NoError_anova"
"8","Residuals                ",1400,7.35333587127819e-25,5.25238276519871e-28,NA,NA,"NoError_anova"
