"","Fixed_effect","Df","Sum Sq","Mean Sq","F value","Pr(>F)","data_class"
"1","exp_env_factor           ",2,5.95663815865424,2.97831907932712,4.28276215195895,0.0214517461420661,"Raw_anova"
"2","gen_factor               ",2,11.060670405049,5.53033520252448,7.95250933904946,0.00137935700233767,"Raw_anova"
"3","exp_env_factor:gen_factor",4,1.94756619434663,0.486891548586658,0.700140126311361,0.596952434247708,"Raw_anova"
"4","Residuals                ",36,25.0351252419501,0.695420145609726,NA,NA,"Raw_anova"
"5","exp_env_factor           ",2,5.70994018332401,2.85497009166201,1.92997517863367e+31,0,"NoError_anova"
"6","gen_factor               ",2,28.736083300986,14.368041650493,9.71287364165817e+31,0,"NoError_anova"
"7","exp_env_factor:gen_factor",4,9.55397651568995,2.38849412892249,1.61463491214688e+31,0,"NoError_anova"
"8","Residuals                ",36,5.32540130244549e-30,1.47927813956819e-31,NA,NA,"NoError_anova"
