"","Fixed_effect","Df","Sum Sq","Mean Sq","F value","Pr(>F)","data_class"
"1","exp_env_factor           ",2,13.2953979945424,6.64769899727121,9.06406301256213,0.000209977967756361,"Raw_anova"
"2","gen_factor               ",2,18.6549492587684,9.32747462938421,12.7179070267047,9.30985173231174e-06,"Raw_anova"
"3","exp_env_factor:gen_factor",4,9.63965157003079,2.4099128925077,3.28588919586193,0.0134034512828709,"Raw_anova"
"4","Residuals                ",126,92.4100011766584,0.733412707751257,NA,NA,"Raw_anova"
"5","exp_env_factor           ",2,31.4348982307734,15.7174491153867,9.55174742872078e+30,0,"NoError_anova"
"6","gen_factor               ",2,73.7871875976654,36.8935937988327,2.24208322302941e+31,0,"NoError_anova"
"7","exp_env_factor:gen_factor",4,28.777914171561,7.19447854289024,4.37220069354415e+30,0,"NoError_anova"
"8","Residuals                ",126,2.0733364269913e-28,1.64550510078674e-30,NA,NA,"NoError_anova"
