"","Fixed_effect","Df","Sum Sq","Mean Sq","F value","Pr(>F)","data_class"
"1","exp_env_factor           ",9,232.162245065382,25.7958050072646,825.562715191055,0,"Raw_anova"
"2","gen_factor               ",9,155.622202955957,17.2913558839952,553.38837880445,0,"Raw_anova"
"3","exp_env_factor:gen_factor",81,1067.47069002494,13.1786504941351,421.766348498453,0,"Raw_anova"
"4","Residuals                ",1400,43.7448619537194,0.0312463299669425,NA,NA,"Raw_anova"
"5","exp_env_factor           ",9,230.622785611207,25.6247539568008,3.40992330470237e+28,0,"NoError_anova"
"6","gen_factor               ",9,160.481863389397,17.8313181543775,2.37283945948043e+28,0,"NoError_anova"
"7","exp_env_factor:gen_factor",81,1107.8953509994,13.6777203827086,1.82011415863068e+28,0,"NoError_anova"
"8","Residuals                ",1400,1.05206634677235e-24,7.51475961980247e-28,NA,NA,"NoError_anova"
