"","Fixed_effect","Df","Sum Sq","Mean Sq","F value","Pr(>F)","data_class"
"1","exp_env_factor           ",9,59.8997390971652,6.65552656635168,170.359478914025,6.45077364060905e-131,"Raw_anova"
"2","gen_factor               ",9,55.6600015244529,6.1844446138281,158.301338185768,6.36896360056e-126,"Raw_anova"
"3","exp_env_factor:gen_factor",81,367.813241477698,4.54090421577405,116.232137049648,5.47560132017378e-234,"Raw_anova"
"4","Residuals                ",400,15.6270179006841,0.0390675447517102,NA,NA,"Raw_anova"
"5","exp_env_factor           ",9,62.8015119948033,6.97794577720036,2.47622684050781e+28,0,"NoError_anova"
"6","gen_factor               ",9,59.167078010436,6.57411977893734,2.33292323687978e+28,0,"NoError_anova"
"7","exp_env_factor:gen_factor",81,377.03140999476,4.65470876536741,1.6517919668006e+28,0,"NoError_anova"
"8","Residuals                ",400,1.12719007209685e-25,2.81797518024212e-28,NA,NA,"NoError_anova"
