"","row","aov_coefs"
"(Intercept)",24154,0.0970864306135751
"exp_env_factorE_2",24154,-0.779507568562445
"gen_factorG_2",24154,0.388415231083023
"exp_env_factorE_2:gen_factorG_2",24154,0.393838952504545
