"","Fixed_effect","Df","Sum Sq","Mean Sq","F value","Pr(>F)","data_class"
"1","exp_env_factor           ",1,1.00392762562368,1.00392762562368,1.2500491636821,0.268316582504831,"Raw_anova"
"2","gen_factor               ",1,6.24556091468717,6.24556091468717,7.77671417626356,0.00721752717497633,"Raw_anova"
"3","exp_env_factor:gen_factor",1,6.77632270912297,6.77632270912297,8.4375968139305,0.00525270165929959,"Raw_anova"
"4","Residuals                ",56,44.9741887505662,0.803110513402967,NA,NA,"Raw_anova"
"5","exp_env_factor           ",1,2.07855959888164,2.07855959888164,7.77813702833931e+29,0,"NoError_anova"
"6","gen_factor               ",1,22.6000521122809,22.6000521122809,8.45712108863807e+30,0,"NoError_anova"
"7","exp_env_factor:gen_factor",1,34.3213882888375,34.3213882888375,1.28433392651841e+31,0,"NoError_anova"
"8","Residuals                ",56,1.49649378910755e-28,2.67231033769205e-30,NA,NA,"NoError_anova"
