"","Fixed_effect","Df","Sum Sq","Mean Sq","F value","Pr(>F)","data_class"
"1","exp_env_factor           ",9,397.165062883457,44.1294514314952,357.246798287694,6.11195387248828e-290,"Raw_anova"
"2","gen_factor               ",9,436.193149659595,48.4659055177328,392.352250269912,2.28965576054654e-304,"Raw_anova"
"3","exp_env_factor:gen_factor",81,54.4679253573871,0.672443522930705,5.44371814748735,3.33248262919803e-39,"Raw_anova"
"4","Residuals                ",900,111.173862099561,0.123526513443956,NA,NA,"Raw_anova"
"5","exp_env_factor           ",9,452.824584274714,50.3138426971905,5.58669907839607e+29,0,"NoError_anova"
"6","gen_factor               ",9,489.792735441015,54.4214150490016,6.04279166528945e+29,0,"NoError_anova"
"7","exp_env_factor:gen_factor",81,56.3826802842691,0.696082472645298,7.72909223376072e+27,0,"NoError_anova"
"8","Residuals                ",900,8.10540496132682e-26,9.00600551258536e-29,NA,NA,"NoError_anova"
