"","Fixed_effect","Df","Sum Sq","Mean Sq","F value","Pr(>F)","data_class"
"1","exp_env_factor           ",1,4.52591800133025,4.52591800133025,4.97384782490751,0.0320580912528065,"Raw_anova"
"2","gen_factor               ",1,0.0168193251268174,0.0168193251268174,0.0184839326903061,0.892613773971963,"Raw_anova"
"3","exp_env_factor:gen_factor",1,1.69931474599073,1.69931474599073,1.86749582089092,0.180237125517689,"Raw_anova"
"4","Residuals                ",36,32.7579479275522,0.909942997987561,NA,NA,"Raw_anova"
"5","exp_env_factor           ",1,25.0087384355487,25.0087384355487,5.71933759654183e+32,0,"NoError_anova"
"6","gen_factor               ",1,13.860818438986,13.860818438986,3.1698800089911e+32,0,"NoError_anova"
"7","exp_env_factor:gen_factor",1,0.130443125465305,0.130443125465305,2.98315036404905e+30,0,"NoError_anova"
"8","Residuals                ",36,1.57415884004491e-30,4.37266344456919e-32,NA,NA,"NoError_anova"
