"","Fixed_effect","Df","Sum Sq","Mean Sq","F value","Pr(>F)","data_class"
"1","exp_env_factor           ",1,1.8434864896294,1.8434864896294,2.51656134395012,0.132219249133032,"Raw_anova"
"2","gen_factor               ",1,4.54261299531331,4.54261299531331,6.2011651991163,0.0241447113574353,"Raw_anova"
"3","exp_env_factor:gen_factor",1,0.893230997114036,0.893230997114036,1.21935832521729,0.285817066533676,"Raw_anova"
"4","Residuals                ",16,11.7206695179433,0.732541844871453,NA,NA,"Raw_anova"
"5","exp_env_factor           ",1,5.91330536925223,5.91330536925223,1.87431587286229e+32,5.53753154131659e-250,"NoError_anova"
"6","gen_factor               ",1,12.5214844375601,12.5214844375601,3.96888297958557e+32,1.36997336693143e-252,"NoError_anova"
"7","exp_env_factor:gen_factor",1,0.565210193187643,0.565210193187643,1.79152330286154e+31,7.94838298998842e-242,"NoError_anova"
"8","Residuals                ",16,5.04786238423895e-31,3.15491399014934e-32,NA,NA,"NoError_anova"
