"","Fixed_effect","Df","Sum Sq","Mean Sq","F value","Pr(>F)","data_class"
"1","exp_env_factor           ",9,216.406242640114,24.0451380711238,175.380334319515,3.75364712837392e-191,"Raw_anova"
"2","gen_factor               ",9,123.387819520821,13.7097577245357,99.9961774416313,5.22584497025149e-129,"Raw_anova"
"3","exp_env_factor:gen_factor",81,535.813401566522,6.61498026625336,48.2483172764867,2.61056548944028e-273,"Raw_anova"
"4","Residuals                ",900,123.392536272543,0.137102818080603,NA,NA,"Raw_anova"
"5","exp_env_factor           ",9,248.854661758957,27.6505179732174,1.09017180567297e+29,0,"NoError_anova"
"6","gen_factor               ",9,148.914055264326,16.5460061404807,6.52356292504746e+28,0,"NoError_anova"
"7","exp_env_factor:gen_factor",81,601.231282976715,7.4226084318113,2.9264979573797e+28,0,"NoError_anova"
"8","Residuals                ",900,2.28271049080504e-25,2.53634498978338e-28,NA,NA,"NoError_anova"
