"","Fixed_effect","Df","Sum Sq","Mean Sq","F value","Pr(>F)","data_class"
"1","exp_env_factor           ",1,1.34235976110975,1.34235976110975,2.07778967414277,0.155025395751823,"Raw_anova"
"2","gen_factor               ",1,4.54335769124858,4.54335769124858,7.03249752436642,0.010392025078017,"Raw_anova"
"3","exp_env_factor:gen_factor",1,16.9353816908166,16.9353816908166,26.2136591279781,3.89199369433392e-06,"Raw_anova"
"4","Residuals                ",56,36.1789008568251,0.646051801014734,NA,NA,"Raw_anova"
"5","exp_env_factor           ",1,6.40110996940292,6.40110996940292,7.05700201094598e+30,0,"NoError_anova"
"6","gen_factor               ",1,21.0753586192285,21.0753586192285,2.32348528408701e+31,0,"NoError_anova"
"7","exp_env_factor:gen_factor",1,31.5235314113685,31.5235314113685,3.47536014262378e+31,0,"NoError_anova"
"8","Residuals                ",56,5.07952467252467e-29,9.07057977236549e-31,NA,NA,"NoError_anova"
