"","Fixed_effect","Df","Sum Sq","Mean Sq","F value","Pr(>F)","data_class"
"1","exp_env_factor           ",2,20.7517819445627,10.3758909722814,16.8276236366245,7.73016715589995e-07,"Raw_anova"
"2","gen_factor               ",2,12.9193927697041,6.45969638485204,10.4763378741685,8.98460146162052e-05,"Raw_anova"
"3","exp_env_factor:gen_factor",4,5.38433003771728,1.34608250942932,2.18307708832249,0.0781723334757187,"Raw_anova"
"4","Residuals                ",81,49.9444952480159,0.616598706765628,NA,NA,"Raw_anova"
"5","exp_env_factor           ",2,46.4440823179523,23.2220411589762,1.57061259612428e+31,0,"NoError_anova"
"6","gen_factor               ",2,42.4534375460631,21.2267187730316,1.43565983933434e+31,0,"NoError_anova"
"7","exp_env_factor:gen_factor",4,0.102480135984334,0.0256200339960836,1.73279979274463e+28,0,"NoError_anova"
"8","Residuals                ",81,1.1976125357193e-28,1.47853399471518e-30,NA,NA,"NoError_anova"
