"","Fixed_effect","Df","Sum Sq","Mean Sq","F value","Pr(>F)","data_class"
"1","exp_env_factor           ",4,9.40813976754964,2.35203494188741,4.2282945267811,0.0033296338678024,"Raw_anova"
"2","gen_factor               ",4,26.704277067986,6.67606926699649,12.001686981487,5.27109387597241e-08,"Raw_anova"
"3","exp_env_factor:gen_factor",16,32.2614926215722,2.01634328884826,3.6248157459376,3.58517246133966e-05,"Raw_anova"
"4","Residuals                ",100,55.6260905428922,0.556260905428922,NA,NA,"Raw_anova"
"5","exp_env_factor           ",4,30.2574798237337,7.56436995593342,4.01510417673575e+30,0,"NoError_anova"
"6","gen_factor               ",4,45.7322980847342,11.4330745211835,6.06858013692571e+30,0,"NoError_anova"
"7","exp_env_factor:gen_factor",16,48.0102220915321,3.00063888072076,1.59271396997279e+30,0,"NoError_anova"
"8","Residuals                ",100,1.88397850291476e-28,1.88397850291476e-30,NA,NA,"NoError_anova"
