"","Fixed_effect","Df","Sum Sq","Mean Sq","F value","Pr(>F)","data_class"
"1","exp_env_factor           ",6,59.3965592316176,9.89942653860294,11.0475625668125,1.74037549576711e-11,"Raw_anova"
"2","gen_factor               ",6,0.73041798857227,0.121736331428712,0.135855317766994,0.991580474590232,"Raw_anova"
"3","exp_env_factor:gen_factor",36,33.7046698402639,0.936240828896221,1.04482609113791,0.401647461339826,"Raw_anova"
"4","Residuals                ",441,395.168352939546,0.896073362674708,NA,NA,"Raw_anova"
"5","exp_env_factor           ",6,386.93090370743,64.4884839512383,5.47793817675862e+29,0,"NoError_anova"
"6","gen_factor               ",6,13.9355916496595,2.32259860827659,1.97291838883746e+28,0,"NoError_anova"
"7","exp_env_factor:gen_factor",36,88.1335046429101,2.4481529067475,2.07956978497976e+28,0,"NoError_anova"
"8","Residuals                ",441,5.19162876703442e-26,1.17724008322776e-28,NA,NA,"NoError_anova"
