"","Fixed_effect","Df","Sum Sq","Mean Sq","F value","Pr(>F)","data_class"
"1","exp_env_factor           ",2,8.83855546395628,4.41927773197814,5.60913191353578,0.00463866894824328,"Raw_anova"
"2","gen_factor               ",2,16.599487689075,8.29974384453751,10.5343816107545,5.8824278380072e-05,"Raw_anova"
"3","exp_env_factor:gen_factor",4,9.29009039549091,2.32252259887273,2.94784270628174,0.0228001253680463,"Raw_anova"
"4","Residuals                ",126,99.2718664514777,0.787871955964109,NA,NA,"Raw_anova"
"5","exp_env_factor           ",2,17.5088288277345,8.75441441386726,1.65562282176255e+30,0,"NoError_anova"
"6","gen_factor               ",2,64.2611338564794,32.1305669282397,6.07648865677393e+30,0,"NoError_anova"
"7","exp_env_factor:gen_factor",4,52.230037315786,13.0575093289465,2.46941821786928e+30,0,"NoError_anova"
"8","Residuals                ",126,6.66248496727642e-28,5.28768648196542e-30,NA,NA,"NoError_anova"
