"","Fixed_effect","Df","Sum Sq","Mean Sq","F value","Pr(>F)","data_class"
"1","exp_env_factor           ",1,4.33005686678043,4.33005686678043,4.94183996937648,0.0325815362818583,"Raw_anova"
"2","gen_factor               ",1,2.81499141984034,2.81499141984034,3.21271464556132,0.0814755029024523,"Raw_anova"
"3","exp_env_factor:gen_factor",1,0.311630163093687,0.311630163093687,0.355659623654034,0.554658539692868,"Raw_anova"
"4","Residuals                ",36,31.5433215502855,0.876203376396821,NA,NA,"Raw_anova"
"5","exp_env_factor           ",1,10.1134228652001,10.1134228652001,1.1893674349409e+31,0,"NoError_anova"
"6","gen_factor               ",1,17.1447420600846,17.1447420600846,2.01627066904244e+31,0,"NoError_anova"
"7","exp_env_factor:gen_factor",1,11.7418350747153,11.7418350747153,1.38087336507676e+31,0,"NoError_anova"
"8","Residuals                ",36,3.06115009080685e-29,8.50319469668569e-31,NA,NA,"NoError_anova"
