"","Fixed_effect","Df","Sum Sq","Mean Sq","F value","Pr(>F)","data_class"
"1","exp_env_factor           ",6,107.005912871593,17.8343188119322,172.706673687877,1.63226658231751e-133,"Raw_anova"
"2","gen_factor               ",6,246.980708036032,41.1634513393386,398.624855442949,8.91691481189872e-220,"Raw_anova"
"3","exp_env_factor:gen_factor",36,309.174525886876,8.58818127463545,83.1675286626829,9.84870794686439e-224,"Raw_anova"
"4","Residuals                ",686,70.8388532054989,0.103263634410348,NA,NA,"Raw_anova"
"5","exp_env_factor           ",6,107.901328192192,17.9835546986986,3.3757616260646e+29,0,"NoError_anova"
"6","gen_factor               ",6,294.314075896604,49.0523459827674,9.20780290723352e+29,0,"NoError_anova"
"7","exp_env_factor:gen_factor",36,331.784595911203,9.2162387753112,1.73001532319946e+29,0,"NoError_anova"
"8","Residuals                ",686,3.65449930707612e-26,5.32725846512555e-29,NA,NA,"NoError_anova"
