"","Fixed_effect","Df","Sum Sq","Mean Sq","F value","Pr(>F)","data_class"
"1","exp_env_factor           ",2,42.9881943567576,21.4940971783788,99.9995550079387,9.78836674493474e-27,"Raw_anova"
"2","gen_factor               ",2,0.77513666483382,0.38756833241691,1.80313043414756,0.169008097157247,"Raw_anova"
"3","exp_env_factor:gen_factor",4,63.1539860178622,15.7884965044655,73.4547076617449,5.30324529800055e-32,"Raw_anova"
"4","Residuals                ",126,27.0826829605464,0.214941928258305,NA,NA,"Raw_anova"
"5","exp_env_factor           ",2,50.8684690186207,25.4342345093104,2.5874558635183e+30,0,"NoError_anova"
"6","gen_factor               ",2,0.274357386853435,0.137178693426718,1.39553566877278e+28,0,"NoError_anova"
"7","exp_env_factor:gen_factor",4,82.8571735945259,20.7142933986315,2.10729046684333e+30,0,"NoError_anova"
"8","Residuals                ",126,1.23855776377012e-27,9.82982352198506e-30,NA,NA,"NoError_anova"
