"","Fixed_effect","Df","Sum Sq","Mean Sq","F value","Pr(>F)","data_class"
"1","exp_env_factor           ",1,1.25609988563095,1.25609988563095,1.24605042696027,0.26907508576665,"Raw_anova"
"2","gen_factor               ",1,1.19265240530174,1.19265240530174,1.18311055979035,0.281383032314885,"Raw_anova"
"3","exp_env_factor:gen_factor",1,0.0996049236860387,0.0996049236860387,0.0988080319934041,0.754432874669043,"Raw_anova"
"4","Residuals                ",56,56.4516427853813,1.00806504973895,NA,NA,"Raw_anova"
"5","exp_env_factor           ",1,7.73823434896853,7.73823434896853,2.6638991220429e+31,0,"NoError_anova"
"6","gen_factor               ",1,33.3822661853421,33.3822661853421,1.14918966746967e+32,0,"NoError_anova"
"7","exp_env_factor:gen_factor",1,17.8794994656894,17.8794994656894,6.15504529603258e+31,0,"NoError_anova"
"8","Residuals                ",56,1.62671746822724e-29,2.90485262183435e-31,NA,NA,"NoError_anova"
