"","row","aov_coefs"
"(Intercept)",26770,0.152033458233699
"exp_env_factorE_2",26770,-0.401222670345955
"gen_factorG_2",26770,-0.300288370569697
"exp_env_factorE_2:gen_factorG_2",26770,0.79488824889651
