"","Fixed_effect","Df","Sum Sq","Mean Sq","F value","Pr(>F)","data_class"
"1","exp_env_factor           ",4,3.43771303411274,0.859428258528184,4.3360388114257,0.00282295540150868,"Raw_anova"
"2","gen_factor               ",4,54.3620030649299,13.5905007662325,68.5676066668015,8.24862950284545e-28,"Raw_anova"
"3","exp_env_factor:gen_factor",16,46.3796988945792,2.8987311809112,14.6248517890788,1.51124466912619e-19,"Raw_anova"
"4","Residuals                ",100,19.8205850063782,0.198205850063782,NA,NA,"Raw_anova"
"5","exp_env_factor           ",4,2.88795454951405,0.721988637378512,5.11401132336711e+29,0,"NoError_anova"
"6","gen_factor               ",4,67.9785745725768,16.9946436431442,1.20376963747234e+31,0,"NoError_anova"
"7","exp_env_factor:gen_factor",16,53.1334708779091,3.32084192986932,2.35222860211864e+30,0,"NoError_anova"
"8","Residuals                ",100,1.41178537106396e-28,1.41178537106396e-30,NA,NA,"NoError_anova"
