"","Fixed_effect","Df","Sum Sq","Mean Sq","F value","Pr(>F)","data_class"
"1","exp_env_factor           ",9,127.878848046495,14.208760894055,669.149100115028,0,"Raw_anova"
"2","gen_factor               ",9,230.330229634262,25.5922477371403,1205.24440314802,0,"Raw_anova"
"3","exp_env_factor:gen_factor",81,1111.06322000558,13.716829876612,645.982041418282,0,"Raw_anova"
"4","Residuals                ",1400,29.7277023136659,0.0212340730811899,NA,NA,"Raw_anova"
"5","exp_env_factor           ",9,126.3230497683,14.0358944187001,1.65612068196963e+28,0,"NoError_anova"
"6","gen_factor               ",9,239.122891524917,26.5692101694352,3.13494937711812e+28,0,"NoError_anova"
"7","exp_env_factor:gen_factor",81,1133.55405870678,13.9944945519356,1.65123583647748e+28,0,"NoError_anova"
"8","Residuals                ",1400,1.18652296297695e-24,8.47516402126392e-28,NA,NA,"NoError_anova"
