"","Fixed_effect","Df","Sum Sq","Mean Sq","F value","Pr(>F)","data_class"
"1","exp_env_factor           ",9,285.921743782704,31.7690826425227,91.436238740355,6.79825114163529e-134,"Raw_anova"
"2","gen_factor               ",9,41.2475020143011,4.58305577936679,13.1907297141039,2.01602279468887e-20,"Raw_anova"
"3","exp_env_factor:gen_factor",81,685.407468290838,8.46182059618318,24.3544032075715,1.91129435631708e-211,"Raw_anova"
"4","Residuals                ",1400,486.423285912155,0.347445204222968,NA,NA,"Raw_anova"
"5","exp_env_factor           ",9,416.265742518362,46.2517491687069,4.68135730187363e+28,0,"NoError_anova"
"6","gen_factor               ",9,60.8139848495723,6.75710942773025,6.83918859883165e+27,0,"NoError_anova"
"7","exp_env_factor:gen_factor",81,1021.92027263207,12.6162996621243,1.27695509050869e+28,0,"NoError_anova"
"8","Residuals                ",1400,1.38319817652615e-24,9.87998697518676e-28,NA,NA,"NoError_anova"
