"","row","aov_coefs"
"(Intercept)",12979,0.00300207858944853
"exp_env_factorE_2",12979,1.12986848123924
"gen_factorG_2",12979,-1.30072388323553
"exp_env_factorE_2:gen_factorG_2",12979,0.329702489634777
