"","Fixed_effect","Df","Sum Sq","Mean Sq","F value","Pr(>F)","data_class"
"1","exp_env_factor           ",2,14.8099147205711,7.40495736028557,16.9843933440555,6.38508730915395e-06,"Raw_anova"
"2","gen_factor               ",2,6.49401528820952,3.24700764410476,7.44750473708379,0.00196467818071817,"Raw_anova"
"3","exp_env_factor:gen_factor",4,7.00057474625186,1.75014368656297,4.01422011430117,0.00857467269884937,"Raw_anova"
"4","Residuals                ",36,15.6954952449675,0.435985979026874,NA,NA,"Raw_anova"
"5","exp_env_factor           ",2,12.66791815085,6.33395907542502,1.63107500802688e+31,0,"NoError_anova"
"6","gen_factor               ",2,12.6714544934727,6.33572724673635,1.63153033462458e+31,0,"NoError_anova"
"7","exp_env_factor:gen_factor",4,18.6606273556772,4.66515683891931,1.20133721072019e+31,0,"NoError_anova"
"8","Residuals                ",36,1.39798921320695e-29,3.88330337001929e-31,NA,NA,"NoError_anova"
