"","Fixed_effect","Df","Sum Sq","Mean Sq","F value","Pr(>F)","data_class"
"1","exp_env_factor           ",6,70.5827598740573,11.7637933123429,65.1566841703593,4.62317689104622e-44,"Raw_anova"
"2","gen_factor               ",6,17.1607023948359,2.86011706580599,15.8414670675526,8.18644265443458e-15,"Raw_anova"
"3","exp_env_factor:gen_factor",36,120.869477775897,3.3574854937749,18.5962653470733,7.20728305317974e-46,"Raw_anova"
"4","Residuals                ",196,35.3870599552103,0.180546224261277,NA,NA,"Raw_anova"
"5","exp_env_factor           ",6,78.9974877402788,13.1662479567131,1.6765688623767e+30,0,"NoError_anova"
"6","gen_factor               ",6,21.3926415549206,3.56544025915344,4.54017434489611e+29,0,"NoError_anova"
"7","exp_env_factor:gen_factor",36,143.609870704801,3.98916307513335,5.07973617138312e+29,0,"NoError_anova"
"8","Residuals                ",196,1.53920584917552e-27,7.85309106722205e-30,NA,NA,"NoError_anova"
