"","row","aov_coefs"
"(Intercept)",10539,-0.230463495120884
"exp_env_factorE_2",10539,0.623426318354479
"gen_factorG_2",10539,-0.617512740885054
"exp_env_factorE_2:gen_factorG_2",10539,0.910026825544685
