"","Fixed_effect","Df","Sum Sq","Mean Sq","F value","Pr(>F)","data_class"
"1","exp_env_factor           ",9,126.565193027597,14.0627992252886,90.5573101821239,8.0707770762336e-133,"Raw_anova"
"2","gen_factor               ",9,157.119207726567,17.4576897473963,112.418687075852,1.71562038766431e-158,"Raw_anova"
"3","exp_env_factor:gen_factor",81,997.907210284097,12.3198421022728,79.3335483766329,0,"Raw_anova"
"4","Residuals                ",1400,217.408388961739,0.155291706401242,NA,NA,"Raw_anova"
"5","exp_env_factor           ",9,155.435405897285,17.2706006552539,2.04381357078898e+28,0,"NoError_anova"
"6","gen_factor               ",9,189.158135040922,21.0175705601024,2.48723230843072e+28,0,"NoError_anova"
"7","exp_env_factor:gen_factor",81,1154.40645906179,14.2519315933554,1.68658240566722e+28,0,"NoError_anova"
"8","Residuals                ",1400,1.18302575454676e-24,8.45018396104831e-28,NA,NA,"NoError_anova"
