"","Fixed_effect","Df","Sum Sq","Mean Sq","F value","Pr(>F)","data_class"
"1","exp_env_factor           ",4,22.4211624122764,5.6052906030691,6.83127899058297,3.31125932097482e-05,"Raw_anova"
"2","gen_factor               ",4,27.9060899936798,6.97652249841996,8.50242653693831,2.09105621976232e-06,"Raw_anova"
"3","exp_env_factor:gen_factor",16,14.0527975921305,0.878299849508155,1.07040147144058,0.384758502579538,"Raw_anova"
"4","Residuals                ",225,184.619950001913,0.820533111119615,NA,NA,"Raw_anova"
"5","exp_env_factor           ",4,67.3511726374633,16.8377931593658,3.53116146822268e+30,0,"NoError_anova"
"6","gen_factor               ",4,155.127391397935,38.7818478494838,8.1331897533376e+30,0,"NoError_anova"
"7","exp_env_factor:gen_factor",16,26.5214359646014,1.65758974778759,3.47623764712461e+29,0,"NoError_anova"
"8","Residuals                ",225,1.07287743563994e-27,4.76834415839973e-30,NA,NA,"NoError_anova"
