"","Fixed_effect","Df","Sum Sq","Mean Sq","F value","Pr(>F)","data_class"
"1","exp_env_factor           ",9,159.59495800046,17.7327731111622,228.192996532578,2.62465176300975e-225,"Raw_anova"
"2","gen_factor               ",9,100.180137670998,11.1311264078886,143.240150532358,5.12587031515083e-167,"Raw_anova"
"3","exp_env_factor:gen_factor",81,669.286317068845,8.26279403788697,106.329208602465,0,"Raw_anova"
"4","Residuals                ",900,69.9385872596993,0.0777095413996659,NA,NA,"Raw_anova"
"5","exp_env_factor           ",9,178.800812228249,19.8667569142499,4.20543236071156e+28,0,"NoError_anova"
"6","gen_factor               ",9,109.667702669544,12.185300296616,2.57940721847867e+28,0,"NoError_anova"
"7","exp_env_factor:gen_factor",81,710.531485102209,8.77199364323715,1.85687206495013e+28,0,"NoError_anova"
"8","Residuals                ",900,4.25166301326497e-25,4.72407001473885e-28,NA,NA,"NoError_anova"
