"","Fixed_effect","Df","Sum Sq","Mean Sq","F value","Pr(>F)","data_class"
"1","exp_env_factor           ",6,32.1444542309094,5.35740903848489,28.5575791678583,7.26934288694051e-29,"Raw_anova"
"2","gen_factor               ",6,301.466065342396,50.2443442237326,267.826635524577,1.36285818999155e-143,"Raw_anova"
"3","exp_env_factor:gen_factor",36,72.6577694478113,2.01827137355031,10.7583617600132,4.42446614229141e-41,"Raw_anova"
"4","Residuals                ",441,82.7317109788837,0.187600251652797,NA,NA,"Raw_anova"
"5","exp_env_factor           ",6,32.2939405947188,5.38232343245313,3.1797292329375e+29,0,"NoError_anova"
"6","gen_factor               ",6,374.974328173383,62.4957213622305,3.69207600849117e+30,0,"NoError_anova"
"7","exp_env_factor:gen_factor",36,81.7317312318976,2.27032586755271,1.34124632604275e+29,0,"NoError_anova"
"8","Residuals                ",441,7.46480111930489e-27,1.69269866650905e-29,NA,NA,"NoError_anova"
