"","row","aov_coefs"
"(Intercept)",26742,0.572457283528916
"exp_env_factorE_2",26742,-0.688913268740525
"gen_factorG_2",26742,-0.979475246031359
"exp_env_factorE_2:gen_factorG_2",26742,1.04694789542811
