"","Fixed_effect","Df","Sum Sq","Mean Sq","F value","Pr(>F)","data_class"
"1","exp_env_factor           ",2,12.1269813248184,6.06349066240919,18.0981003484761,3.63234281467174e-06,"Raw_anova"
"2","gen_factor               ",2,6.25740007099981,3.1287000354999,9.338437272411,0.000540727864144202,"Raw_anova"
"3","exp_env_factor:gen_factor",4,13.5543713106165,3.38859282765413,10.1141564239903,1.36200463727786e-05,"Raw_anova"
"4","Residuals                ",36,12.0612472935653,0.335034647043481,NA,NA,"Raw_anova"
"5","exp_env_factor           ",2,14.0325700324696,7.0162850162348,9.56735687178905e+30,0,"NoError_anova"
"6","gen_factor               ",2,6.37833589688857,3.18916794844429,4.34872697107331e+30,0,"NoError_anova"
"7","exp_env_factor:gen_factor",4,23.5890940706418,5.89727351766046,8.04148066725575e+30,0,"NoError_anova"
"8","Residuals                ",36,2.64008402706547e-29,7.33356674184852e-31,NA,NA,"NoError_anova"
