"","Fixed_effect","Df","Sum Sq","Mean Sq","F value","Pr(>F)","data_class"
"1","exp_env_factor           ",4,48.4732442742321,12.118311068558,58.7732829837716,6.56784928422755e-34,"Raw_anova"
"2","gen_factor               ",4,26.3081286845247,6.57703217113117,31.8983207148567,4.70380896674421e-21,"Raw_anova"
"3","exp_env_factor:gen_factor",16,127.82645951202,7.98915371950127,38.7470489658731,1.51973264725363e-55,"Raw_anova"
"4","Residuals                ",225,46.3921675292229,0.206187411240991,NA,NA,"Raw_anova"
"5","exp_env_factor           ",4,53.125979094443,13.2814947736107,6.08291409125161e+29,0,"NoError_anova"
"6","gen_factor               ",4,43.099484614548,10.774871153637,4.93488245781693e+29,0,"NoError_anova"
"7","exp_env_factor:gen_factor",16,152.774536291009,9.54840851818806,4.37316354178128e+29,0,"NoError_anova"
"8","Residuals                ",225,4.91267224759958e-27,2.18340988782203e-29,NA,NA,"NoError_anova"
