"","Fixed_effect","Df","Sum Sq","Mean Sq","F value","Pr(>F)","data_class"
"1","exp_env_factor           ",4,8.22718750772655,2.05679687693164,2.7733545911049,0.0311326208302064,"Raw_anova"
"2","gen_factor               ",4,22.3553607785409,5.58884019463522,7.53590973740979,2.39091869775587e-05,"Raw_anova"
"3","exp_env_factor:gen_factor",16,19.2546712482093,1.20341695301308,1.6226696807471,0.0763606725926666,"Raw_anova"
"4","Residuals                ",100,74.1627804655233,0.741627804655233,NA,NA,"Raw_anova"
"5","exp_env_factor           ",4,7.98438831311827,1.99609707827957,3.89335150625039e+30,0,"NoError_anova"
"6","gen_factor               ",4,96.9582917006455,24.2395729251614,4.72788517081461e+31,0,"NoError_anova"
"7","exp_env_factor:gen_factor",16,19.0573199862363,1.19108249913977,2.32318502569584e+30,0,"NoError_anova"
"8","Residuals                ",100,5.12693774264931e-29,5.12693774264931e-31,NA,NA,"NoError_anova"
