"","Fixed_effect","Df","Sum Sq","Mean Sq","F value","Pr(>F)","data_class"
"1","exp_env_factor           ",9,144.854987004333,16.094998556037,150.12844139325,2.29115257286939e-122,"Raw_anova"
"2","gen_factor               ",9,135.75319902827,15.0836887809189,140.695302286364,4.50435808841773e-118,"Raw_anova"
"3","exp_env_factor:gen_factor",81,175.508537736274,2.16677207081819,20.210881828526,1.97012082605255e-100,"Raw_anova"
"4","Residuals                ",400,42.8832762311236,0.107208190577809,NA,NA,"Raw_anova"
"5","exp_env_factor           ",9,153.566331219362,17.0629256910403,8.45045036492571e+28,0,"NoError_anova"
"6","gen_factor               ",9,149.232414022374,16.5813793358193,8.21196350476535e+28,0,"NoError_anova"
"7","exp_env_factor:gen_factor",81,196.201254758264,2.42223771306499,1.1996183970405e+28,0,"NoError_anova"
"8","Residuals                ",400,8.07669411886559e-26,2.0191735297164e-28,NA,NA,"NoError_anova"
