"","Fixed_effect","Df","Sum Sq","Mean Sq","F value","Pr(>F)","data_class"
"1","exp_env_factor           ",1,0.234857425239678,0.234857425239678,0.290875157466189,0.592980506260345,"Raw_anova"
"2","gen_factor               ",1,1.16953893855534,1.16953893855534,1.44849507128825,0.236624318322553,"Raw_anova"
"3","exp_env_factor:gen_factor",1,8.5286067077677,8.5286067077677,10.5628332447119,0.00250459744803546,"Raw_anova"
"4","Residuals                ",36,29.0669969284373,0.80741658134548,NA,NA,"Raw_anova"
"5","exp_env_factor           ",1,6.09057136037281,6.09057136037281,3.67835621989135e+30,0,"NoError_anova"
"6","gen_factor               ",1,0.46824708665922,0.46824708665922,2.82794418084533e+29,0,"NoError_anova"
"7","exp_env_factor:gen_factor",1,32.441181552968,32.441181552968,1.95926153533616e+31,0,"NoError_anova"
"8","Residuals                ",36,5.96083021507627e-29,1.65578617085452e-30,NA,NA,"NoError_anova"
