"","Fixed_effect","Df","Sum Sq","Mean Sq","F value","Pr(>F)","data_class"
"1","exp_env_factor           ",1,9.81254575098894,9.81254575098894,32.564325773958,3.24412217446615e-05,"Raw_anova"
"2","gen_factor               ",1,1.72727567941835,1.72727567941835,5.73220949521127,0.0292547326864775,"Raw_anova"
"3","exp_env_factor:gen_factor",1,2.63892929498381,2.63892929498381,8.75766140989798,0.00922944214698378,"Raw_anova"
"4","Residuals                ",16,4.8212492746089,0.301328079663056,NA,NA,"Raw_anova"
"5","exp_env_factor           ",1,10.8250373517304,10.8250373517304,4.21597167952084e+31,8.45039478067998e-245,"NoError_anova"
"6","gen_factor               ",1,8.0930737719939,8.0930737719939,3.15196786065085e+31,8.65773390008064e-244,"NoError_anova"
"7","exp_env_factor:gen_factor",1,0.0818888762756926,0.0818888762756926,3.18928399070068e+29,7.8797589977063e-228,"NoError_anova"
"8","Residuals                ",16,4.10820116437241e-30,2.56762572773276e-31,NA,NA,"NoError_anova"
