"","Fixed_effect","Df","Sum Sq","Mean Sq","F value","Pr(>F)","data_class"
"1","exp_env_factor           ",6,55.1749362943862,9.19582271573104,17.5017568657647,3.43846472664377e-16,"Raw_anova"
"2","gen_factor               ",6,57.9767126528455,9.66278544214092,18.3904938886109,6.54601554991869e-17,"Raw_anova"
"3","exp_env_factor:gen_factor",36,27.8654753273643,0.774040981315675,1.47317727602015,0.0512866497347647,"Raw_anova"
"4","Residuals                ",196,102.982875725404,0.525422835333693,NA,NA,"Raw_anova"
"5","exp_env_factor           ",6,117.776354418145,19.6293924030241,4.31488887940662e+30,0,"NoError_anova"
"6","gen_factor               ",6,118.58305783727,19.7638429728783,4.34444350120961e+30,0,"NoError_anova"
"7","exp_env_factor:gen_factor",36,7.64058774458569,0.212238548460714,4.66538002670654e+28,0,"NoError_anova"
"8","Residuals                ",196,8.91647738451565e-28,4.54922315536513e-30,NA,NA,"NoError_anova"
