"","Fixed_effect","Df","Sum Sq","Mean Sq","F value","Pr(>F)","data_class"
"1","exp_env_factor           ",1,0.0347188357837695,0.0347188357837695,0.100265211505525,0.753340528396954,"Raw_anova"
"2","gen_factor               ",1,5.17694744049457,5.17694744049457,14.9506087504475,0.000444132208732433,"Raw_anova"
"3","exp_env_factor:gen_factor",1,21.3226133661994,21.3226133661994,61.5779962302755,2.62659019074306e-09,"Raw_anova"
"4","Residuals                ",36,12.4657203575223,0.346270009931175,NA,NA,"Raw_anova"
"5","exp_env_factor           ",1,1.24370901487434,1.24370901487434,8.06138450091144e+29,0,"NoError_anova"
"6","gen_factor               ",1,9.31403748494663,9.31403748494663,6.03710647137533e+30,0,"NoError_anova"
"7","exp_env_factor:gen_factor",1,28.4422535001791,28.4422535001791,1.84354972742965e+31,0,"NoError_anova"
"8","Residuals                ",36,5.55407381082169e-29,1.5427982807838e-30,NA,NA,"NoError_anova"
