"","Fixed_effect","Df","Sum Sq","Mean Sq","F value","Pr(>F)","data_class"
"1","exp_env_factor           ",2,25.9263933043259,12.9631966521629,19.0004126571202,1.71344173952024e-07,"Raw_anova"
"2","gen_factor               ",2,2.01843782999115,1.00921891499558,1.47923204135668,0.233900752031811,"Raw_anova"
"3","exp_env_factor:gen_factor",4,5.79221496179946,1.44805374044987,2.12244088834702,0.0854796495568811,"Raw_anova"
"4","Residuals                ",81,55.2629539038835,0.682258690171402,NA,NA,"Raw_anova"
"5","exp_env_factor           ",2,56.6272494044735,28.3136247022368,8.38212658768504e+30,0,"NoError_anova"
"6","gen_factor               ",2,23.0521408731152,11.5260704365576,3.41224348608984e+30,0,"NoError_anova"
"7","exp_env_factor:gen_factor",4,9.32060972241122,2.33015243060281,6.89831586288268e+29,0,"NoError_anova"
"8","Residuals                ",81,2.73606414421208e-28,3.37785696816306e-30,NA,NA,"NoError_anova"
