"","Fixed_effect","Df","Sum Sq","Mean Sq","F value","Pr(>F)","data_class"
"1","exp_env_factor           ",1,0.459315844557877,0.459315844557877,0.491235196088399,0.486279015075663,"Raw_anova"
"2","gen_factor               ",1,1.83477669742044,1.83477669742044,1.96228129600737,0.166786681445575,"Raw_anova"
"3","exp_env_factor:gen_factor",1,4.34466074757133,4.34466074757133,4.64658534983728,0.0354277302358462,"Raw_anova"
"4","Residuals                ",56,52.3612467104504,0.935022262686614,NA,NA,"Raw_anova"
"5","exp_env_factor           ",1,21.000634715076,21.000634715076,8.18700347100015e+30,0,"NoError_anova"
"6","gen_factor               ",1,0.058143021145221,0.058143021145221,2.26667966177534e+28,0,"NoError_anova"
"7","exp_env_factor:gen_factor",1,37.9412222637787,37.9412222637787,1.47912157219016e+31,0,"NoError_anova"
"8","Residuals                ",56,1.43646640460088e-28,2.56511857964444e-30,NA,NA,"NoError_anova"
