"","Fixed_effect","Df","Sum Sq","Mean Sq","F value","Pr(>F)","data_class"
"1","exp_env_factor           ",1,2.54448395899672,2.54448395899672,3.6925729502774,0.0726512119254245,"Raw_anova"
"2","gen_factor               ",1,0.0251626329786881,0.0251626329786881,0.0365161892910881,0.850857242523879,"Raw_anova"
"3","exp_env_factor:gen_factor",1,5.40504831800894,5.40504831800894,7.84384399180561,0.0128231980712114,"Raw_anova"
"4","Residuals                ",16,11.0253050900157,0.689081568125978,NA,NA,"Raw_anova"
"5","exp_env_factor           ",1,4.06580032568534,4.06580032568534,2.99444571042353e+31,1.30474886575589e-243,"NoError_anova"
"6","gen_factor               ",1,3.89886746954212,3.89886746954212,2.87150032821946e+31,1.82468337636805e-243,"NoError_anova"
"7","exp_env_factor:gen_factor",1,11.0353322047726,11.0353322047726,8.12747811911046e+31,4.43008445695352e-247,"NoError_anova"
"8","Residuals                ",16,2.1724489772688e-30,1.357780610793e-31,NA,NA,"NoError_anova"
