"","Fixed_effect","Df","Sum Sq","Mean Sq","F value","Pr(>F)","data_class"
"1","exp_env_factor           ",4,19.414541376566,4.85363534414149,13.9390469079608,4.50985910779896e-09,"Raw_anova"
"2","gen_factor               ",4,27.2794209276077,6.81985523190192,19.5857898755674,6.28387851938005e-12,"Raw_anova"
"3","exp_env_factor:gen_factor",16,42.4856129121956,2.65535080701223,7.62584265847475,2.15892734060582e-11,"Raw_anova"
"4","Residuals                ",100,34.8204247836307,0.348204247836307,NA,NA,"Raw_anova"
"5","exp_env_factor           ",4,20.1251007072462,5.03127517681156,1.09909791189763e+30,0,"NoError_anova"
"6","gen_factor               ",4,47.5941619077209,11.8985404769302,2.59927364996781e+30,0,"NoError_anova"
"7","exp_env_factor:gen_factor",16,56.2807373850328,3.51754608656455,7.68419023583765e+29,0,"NoError_anova"
"8","Residuals                ",100,4.57764055626754e-28,4.57764055626754e-30,NA,NA,"NoError_anova"
