"","Fixed_effect","Df","Sum Sq","Mean Sq","F value","Pr(>F)","data_class"
"1","exp_env_factor           ",1,1.7361310147246,1.7361310147246,1.66383147955086,0.215419763358016,"Raw_anova"
"2","gen_factor               ",1,0.490442423211664,0.490442423211664,0.470018412047213,0.502791967162366,"Raw_anova"
"3","exp_env_factor:gen_factor",1,0.0781683120562989,0.0781683120562989,0.0749130665828559,0.787815061057925,"Raw_anova"
"4","Residuals                ",16,16.6952582500074,1.04345364062547,NA,NA,"Raw_anova"
"5","exp_env_factor           ",1,1.4355287528691,1.4355287528691,2.57913198403413e+31,4.3079429153347e-243,"NoError_anova"
"6","gen_factor               ",1,6.50056262375981,6.50056262375981,1.16791871591893e+32,2.43645016604893e-248,"NoError_anova"
"7","exp_env_factor:gen_factor",1,11.0639086233711,11.0639086233711,1.98778885772478e+32,3.46016223928649e-250,"NoError_anova"
"8","Residuals                ",16,8.90550006284658e-31,5.56593753927911e-32,NA,NA,"NoError_anova"
