"","Fixed_effect","Df","Sum Sq","Mean Sq","F value","Pr(>F)","data_class"
"1","exp_env_factor           ",6,36.9925181281179,6.16541968801965,6.82353284142141,6.1758453101166e-07,"Raw_anova"
"2","gen_factor               ",6,12.2870835416114,2.04784725693524,2.26643987254673,0.0363711987651933,"Raw_anova"
"3","exp_env_factor:gen_factor",36,41.2537761852705,1.14593822736862,1.26825869516786,0.142300463880407,"Raw_anova"
"4","Residuals                ",441,398.466622145,0.903552431167801,NA,NA,"Raw_anova"
"5","exp_env_factor           ",6,357.253485918359,59.5422476530599,1.44977032249048e+30,0,"NoError_anova"
"6","gen_factor               ",6,33.8278540143084,5.6379756690514,1.37276809762724e+29,0,"NoError_anova"
"7","exp_env_factor:gen_factor",36,97.9186600673319,2.71996277964811,6.62272835111874e+28,0,"NoError_anova"
"8","Residuals                ",441,1.81119249081414e-26,4.10701245082571e-29,NA,NA,"NoError_anova"
