"","Fixed_effect","Df","Sum Sq","Mean Sq","F value","Pr(>F)","data_class"
"1","exp_env_factor           ",2,18.1072026291402,9.0536013145701,14.4043719273318,4.44475536190925e-06,"Raw_anova"
"2","gen_factor               ",2,16.4428358100647,8.22141790503233,13.0803596446785,1.19453987911609e-05,"Raw_anova"
"3","exp_env_factor:gen_factor",4,3.53891107002792,0.88472776750698,1.40761089149126,0.238870311636969,"Raw_anova"
"4","Residuals                ",81,50.9110504907672,0.628531487540336,NA,NA,"Raw_anova"
"5","exp_env_factor           ",2,44.5238480428546,22.2619240214273,3.34834998076827e+31,0,"NoError_anova"
"6","gen_factor               ",2,44.4582310109582,22.2291155054791,3.34341534916866e+31,0,"NoError_anova"
"7","exp_env_factor:gen_factor",4,0.0179209461872009,0.00448023654680022,6.73859094159015e+27,0,"NoError_anova"
"8","Residuals                ",81,5.38538640253451e-29,6.64862518831421e-31,NA,NA,"NoError_anova"
