"","Fixed_effect","Df","Sum Sq","Mean Sq","F value","Pr(>F)","data_class"
"1","exp_env_factor           ",1,6.13905045655606,6.13905045655606,8.33957682590247,0.0107079340238952,"Raw_anova"
"2","gen_factor               ",1,0.64970144585602,0.64970144585602,0.882585207591821,0.36146197790061,"Raw_anova"
"3","exp_env_factor:gen_factor",1,0.433095637883518,0.433095637883518,0.588337621697775,0.454232862686841,"Raw_anova"
"4","Residuals                ",16,11.7781524597044,0.736134528731525,NA,NA,"Raw_anova"
"5","exp_env_factor           ",1,18.3007884388484,18.3007884388484,1.94395860007146e+32,4.1358271931065e-250,"NoError_anova"
"6","gen_factor               ",1,0.210784338923812,0.210784338923812,2.23900751478829e+30,1.33540828984055e-234,"NoError_anova"
"7","exp_env_factor:gen_factor",1,0.488427222227799,0.488427222227799,5.18820433519251e+30,1.60665229795914e-237,"NoError_anova"
"8","Residuals                ",16,1.50626980950526e-30,9.41418630940786e-32,NA,NA,"NoError_anova"
