"","Fixed_effect","Df","Sum Sq","Mean Sq","F value","Pr(>F)","data_class"
"1","exp_env_factor           ",6,53.8698959051507,8.97831598419179,15.0129243212042,3.49710405949974e-16,"Raw_anova"
"2","gen_factor               ",6,54.5870821928475,9.09784703214125,15.2127959430161,2.10666694899853e-16,"Raw_anova"
"3","exp_env_factor:gen_factor",36,215.288188574399,5.98022746039996,9.99972627880883,1.17028049333646e-42,"Raw_anova"
"4","Residuals                ",686,410.254833327604,0.598039115637906,NA,NA,"Raw_anova"
"5","exp_env_factor           ",6,119.030438898107,19.8384064830179,6.30087057422077e+28,0,"NoError_anova"
"6","gen_factor               ",6,106.467311555049,17.7445519258415,5.63584203085947e+28,0,"NoError_anova"
"7","exp_env_factor:gen_factor",36,508.502249546843,14.1250624874123,4.48625703189175e+28,0,"NoError_anova"
"8","Residuals                ",686,2.15988357276063e-25,3.1485183276394e-28,NA,NA,"NoError_anova"
