"","Fixed_effect","Df","Sum Sq","Mean Sq","F value","Pr(>F)","data_class"
"1","exp_env_factor           ",4,18.1985866379966,4.54964665949914,8.72396454469672,4.40713711387781e-06,"Raw_anova"
"2","gen_factor               ",4,10.9272946945124,2.73182367362809,5.23828214688616,0.000714820518177617,"Raw_anova"
"3","exp_env_factor:gen_factor",16,42.7229821493486,2.67018638433429,5.1200924133367,1.20139289097335e-07,"Raw_anova"
"4","Residuals                ",100,52.1511365181426,0.521511365181426,NA,NA,"Raw_anova"
"5","exp_env_factor           ",4,32.9826331070639,8.24565827676597,1.57678384048314e+30,0,"NoError_anova"
"6","gen_factor               ",4,24.1189253891568,6.0297313472892,1.15304110742135e+30,0,"NoError_anova"
"7","exp_env_factor:gen_factor",16,66.8984415037794,4.18115259398621,7.99544878468744e+29,0,"NoError_anova"
"8","Residuals                ",100,5.22941576712215e-28,5.22941576712215e-30,NA,NA,"NoError_anova"
