"","Fixed_effect","Df","Sum Sq","Mean Sq","F value","Pr(>F)","data_class"
"1","exp_env_factor           ",9,38.0848022974969,4.23164469972188,8.69860972382794,8.48647282798935e-13,"Raw_anova"
"2","gen_factor               ",9,638.067042413785,70.8963380459761,145.735197369253,6.68689156947632e-194,"Raw_anova"
"3","exp_env_factor:gen_factor",81,141.78500063513,1.75043210660655,3.59820514809031,1.723270287435e-22,"Raw_anova"
"4","Residuals                ",1400,681.063154653588,0.48647368189542,NA,NA,"Raw_anova"
"5","exp_env_factor           ",9,66.5925878390585,7.39917642656206,1.14986016658833e+28,0,"NoError_anova"
"6","gen_factor               ",9,1215.74737888841,135.083042098712,2.09924186607148e+29,0,"NoError_anova"
"7","exp_env_factor:gen_factor",81,216.660033272538,2.67481522558689,4.15676462294521e+27,0,"NoError_anova"
"8","Residuals                ",1400,9.00878845809741e-25,6.43484889864101e-28,NA,NA,"NoError_anova"
