"","Fixed_effect","Df","Sum Sq","Mean Sq","F value","Pr(>F)","data_class"
"1","exp_env_factor           ",6,56.1988202947156,9.36647004911927,24.2692745388757,3.95834462974888e-26,"Raw_anova"
"2","gen_factor               ",6,149.690487354535,24.9484145590892,64.643341522365,1.37209287028817e-63,"Raw_anova"
"3","exp_env_factor:gen_factor",36,263.356241474876,7.3154511520799,18.9549202052118,5.82099069853101e-80,"Raw_anova"
"4","Residuals                ",686,264.754450875872,0.385939432763662,NA,NA,"Raw_anova"
"5","exp_env_factor           ",6,64.665796024571,10.7776326707618,3.11051221322661e+28,0,"NoError_anova"
"6","gen_factor               ",6,269.275389608605,44.8792316014342,1.29525102850456e+29,0,"NoError_anova"
"7","exp_env_factor:gen_factor",36,400.058814366823,11.1127448435229,3.20722830459999e+28,0,"NoError_anova"
"8","Residuals                ",686,2.37692556894776e-25,3.46490607718333e-28,NA,NA,"NoError_anova"
