"","Fixed_effect","Df","Sum Sq","Mean Sq","F value","Pr(>F)","data_class"
"1","exp_env_factor           ",1,0.395788636045208,0.395788636045208,0.40556522369855,0.526823911344898,"Raw_anova"
"2","gen_factor               ",1,3.94056913306293,3.94056913306293,4.03790724746256,0.0493174098990528,"Raw_anova"
"3","exp_env_factor:gen_factor",1,0.0135827006252707,0.0135827006252707,0.0139182142078712,0.906509231789857,"Raw_anova"
"4","Residuals                ",56,54.6500595302666,0.975893920183332,NA,NA,"Raw_anova"
"5","exp_env_factor           ",1,50.2605398857394,50.2605398857394,1.46907267141722e+32,0,"NoError_anova"
"6","gen_factor               ",1,8.37414210072935,8.37414210072935,2.44769024262639e+31,0,"NoError_anova"
"7","exp_env_factor:gen_factor",1,0.365318013531293,0.365318013531293,1.06779336488489e+30,0,"NoError_anova"
"8","Residuals                ",56,1.91589584937698e-29,3.42124258817318e-31,NA,NA,"NoError_anova"
