"","Fixed_effect","Df","Sum Sq","Mean Sq","F value","Pr(>F)","data_class"
"1","exp_env_factor           ",1,5.62427573475966,5.62427573475966,7.25129454789219,0.00932870801200095,"Raw_anova"
"2","gen_factor               ",1,0.03756998975535,0.03756998975535,0.0484384256258334,0.826603515195502,"Raw_anova"
"3","exp_env_factor:gen_factor",1,9.90322840585614,9.90322840585614,12.7680842000867,0.00073394469740144,"Raw_anova"
"4","Residuals                ",56,43.4349258696288,0.775623676243372,NA,NA,"Raw_anova"
"5","exp_env_factor           ",1,35.2543821175698,35.2543821175698,1.91190468909357e+32,0,"NoError_anova"
"6","gen_factor               ",1,3.30675730331569,3.30675730331569,1.79331033878845e+31,0,"NoError_anova"
"7","exp_env_factor:gen_factor",1,20.4388605791145,20.4388605791145,1.10843393172004e+32,0,"NoError_anova"
"8","Residuals                ",56,1.03260659898266e-29,1.84394035532618e-31,NA,NA,"NoError_anova"
