"","Fixed_effect","Df","Sum Sq","Mean Sq","F value","Pr(>F)","data_class"
"1","exp_env_factor           ",9,95.5341116349615,10.6149012927735,400.316675284801,1.69759834089336e-307,"Raw_anova"
"2","gen_factor               ",9,47.9145280972673,5.32383645525192,200.776290871153,2.54611781938179e-208,"Raw_anova"
"3","exp_env_factor:gen_factor",81,831.686725708895,10.2677373544308,387.224182972061,0,"Raw_anova"
"4","Residuals                ",900,23.8646345588764,0.0265162606209738,NA,NA,"Raw_anova"
"5","exp_env_factor           ",9,95.9744118324011,10.6638235369335,5.33537532782307e+28,0,"NoError_anova"
"6","gen_factor               ",9,45.1115909381342,5.01239899312602,2.5078275000057e+28,0,"NoError_anova"
"7","exp_env_factor:gen_factor",81,857.913997229466,10.5915308299934,5.29920549402438e+28,0,"NoError_anova"
"8","Residuals                ",900,1.79883149610695e-25,1.99870166234106e-28,NA,NA,"NoError_anova"
