"","Fixed_effect","Df","Sum Sq","Mean Sq","F value","Pr(>F)","data_class"
"1","exp_env_factor           ",6,2.87268713223542,0.478781188705903,1.30876389587975,0.254869260779696,"Raw_anova"
"2","gen_factor               ",6,154.624475157863,25.7707458596439,70.4451689970473,2.7912354376169e-46,"Raw_anova"
"3","exp_env_factor:gen_factor",36,14.8007428692754,0.411131746368762,1.12384195283818,0.301850679625558,"Raw_anova"
"4","Residuals                ",196,71.7020948406258,0.365827014492989,NA,NA,"Raw_anova"
"5","exp_env_factor           ",6,1.98913147552062,0.331521912586769,5.00355459216083e+28,0,"NoError_anova"
"6","gen_factor               ",6,232.116319241586,38.686053206931,5.83876274318535e+30,0,"NoError_anova"
"7","exp_env_factor:gen_factor",36,9.89454928289299,0.274848591191472,4.14820221044993e+28,0,"NoError_anova"
"8","Residuals                ",196,1.29864266833042e-27,6.62572789964501e-30,NA,NA,"NoError_anova"
