"","Fixed_effect","Df","Sum Sq","Mean Sq","F value","Pr(>F)","data_class"
"1","exp_env_factor           ",4,21.0063753276915,5.25159383192288,13.6729496806296,6.27997817342088e-09,"Raw_anova"
"2","gen_factor               ",4,49.643856172089,12.4109640430223,32.3129496071887,2.81575811215397e-17,"Raw_anova"
"3","exp_env_factor:gen_factor",16,14.9411298773277,0.933820617332979,2.43127757404142,0.00389535783961051,"Raw_anova"
"4","Residuals                ",100,38.4086386228918,0.384086386228918,NA,NA,"Raw_anova"
"5","exp_env_factor           ",4,24.8580848286425,6.21452120716063,1.48570363677108e+30,0,"NoError_anova"
"6","gen_factor               ",4,89.8386556731707,22.4596639182927,5.3694248119413e+30,0,"NoError_anova"
"7","exp_env_factor:gen_factor",16,9.30325949818685,0.581453718636678,1.39007958231311e+29,0,"NoError_anova"
"8","Residuals                ",100,4.18288079355234e-28,4.18288079355234e-30,NA,NA,"NoError_anova"
