"","row","aov_coefs"
"(Intercept)",5126,-0.668037020594042
"exp_env_factorE_2",5126,0.302059509026005
"gen_factorG_2",5126,1.2044764160568
"exp_env_factorE_2:gen_factorG_2",5126,-0.340923767789444
