"","Fixed_effect","Df","Sum Sq","Mean Sq","F value","Pr(>F)","data_class"
"1","exp_env_factor           ",1,1.16121051998293,1.16121051998293,1.51639205605139,0.235959941854869,"Raw_anova"
"2","gen_factor               ",1,4.3813873675343,4.3813873675343,5.72153014830644,0.0293848272550316,"Raw_anova"
"3","exp_env_factor:gen_factor",1,1.20505071985771,1.20505071985771,1.57364173617554,0.227695748220948,"Raw_anova"
"4","Residuals                ",16,12.2523513926251,0.765771962039067,NA,NA,"Raw_anova"
"5","exp_env_factor           ",1,8.26092636806568,8.26092636806568,1.89792840838473e+32,5.00979397648109e-250,"NoError_anova"
"6","gen_factor               ",1,7.83990887040161,7.83990887040161,1.8012006282737e+32,7.6131039427645e-250,"NoError_anova"
"7","exp_env_factor:gen_factor",1,2.89916476153271,2.89916476153271,6.66076286888547e+31,2.17704144687594e-246,"NoError_anova"
"8","Residuals                ",16,6.96416267890425e-31,4.35260167431515e-32,NA,NA,"NoError_anova"
