"","Fixed_effect","Df","Sum Sq","Mean Sq","F value","Pr(>F)","data_class"
"1","exp_env_factor           ",1,7.32349367899686,7.32349367899686,9.2942108819259,0.00350599923362174,"Raw_anova"
"2","gen_factor               ",1,5.27521301821968,5.27521301821968,6.69474766927501,0.0122925513406222,"Raw_anova"
"3","exp_env_factor:gen_factor",1,2.27536897914232,2.27536897914232,2.88765991387295,0.0948097699152039,"Raw_anova"
"4","Residuals                ",56,44.1259243236411,0.787962934350735,NA,NA,"Raw_anova"
"5","exp_env_factor           ",1,26.0173181863071,26.0173181863071,4.76194720719027e+31,0,"NoError_anova"
"6","gen_factor               ",1,20.4413977279738,20.4413977279738,3.74138703015981e+31,0,"NoError_anova"
"7","exp_env_factor:gen_factor",1,12.5412840857192,12.5412840857192,2.29543000162105e+31,0,"NoError_anova"
"8","Residuals                ",56,3.05960934685134e-29,5.46358811937739e-31,NA,NA,"NoError_anova"
