"","Fixed_effect","Df","Sum Sq","Mean Sq","F value","Pr(>F)","data_class"
"1","exp_env_factor           ",9,30.0952095968766,3.34391217743073,42.4133932694376,1.98203623491178e-63,"Raw_anova"
"2","gen_factor               ",9,408.691364986761,45.4101516651956,575.971652006894,0,"Raw_anova"
"3","exp_env_factor:gen_factor",81,489.256571279057,6.04020458369206,76.6125301271606,0,"Raw_anova"
"4","Residuals                ",900,70.9568541373055,0.0788409490414506,NA,NA,"Raw_anova"
"5","exp_env_factor           ",9,29.1010900095565,3.23345444550628,5.63821553566801e+28,0,"NoError_anova"
"6","gen_factor               ",9,440.639526535766,48.9599473928629,8.53720813662818e+29,0,"NoError_anova"
"7","exp_env_factor:gen_factor",81,529.259383454677,6.53406646240342,1.13935345805195e+29,0,"NoError_anova"
"8","Residuals                ",900,5.16140077041391e-26,5.73488974490434e-29,NA,NA,"NoError_anova"
