"","Fixed_effect","Df","Sum Sq","Mean Sq","F value","Pr(>F)","data_class"
"1","exp_env_factor           ",1,0.154924853049549,0.154924853049549,0.165887497958821,0.686204687995815,"Raw_anova"
"2","gen_factor               ",1,4.33733107458664,4.33733107458664,4.64424516544227,0.0379212628932509,"Raw_anova"
"3","exp_env_factor:gen_factor",1,0.88679747656772,0.88679747656772,0.949548195065683,0.336336972000733,"Raw_anova"
"4","Residuals                ",36,33.6209465957961,0.933915183216558,NA,NA,"Raw_anova"
"5","exp_env_factor           ",1,15.4097218434112,15.4097218434112,1.69420914000083e+31,0,"NoError_anova"
"6","gen_factor               ",1,22.5386377447824,22.5386377447824,2.47799191045783e+31,0,"NoError_anova"
"7","exp_env_factor:gen_factor",1,1.05164041180636,1.05164041180636,1.1562173644545e+30,0,"NoError_anova"
"8","Residuals                ",36,3.2743890542494e-29,9.09552515069278e-31,NA,NA,"NoError_anova"
