"","Fixed_effect","Df","Sum Sq","Mean Sq","F value","Pr(>F)","data_class"
"1","exp_env_factor           ",9,678.468910010305,75.3854344455894,326.841367919719,1.59782579374636e-276,"Raw_anova"
"2","gen_factor               ",9,7.36858117608573,0.818731241787303,3.54969419480514,0.000241453006392078,"Raw_anova"
"3","exp_env_factor:gen_factor",81,105.578960155547,1.30344395253761,5.65121641318609,3.25897019971791e-41,"Raw_anova"
"4","Residuals                ",900,207.583548658062,0.230648387397846,NA,NA,"Raw_anova"
"5","exp_env_factor           ",9,881.425177214514,97.9361308016126,3.94581973164672e+29,0,"NoError_anova"
"6","gen_factor               ",9,7.68972861148552,0.854414290165058,3.4424116386255e+27,0,"NoError_anova"
"7","exp_env_factor:gen_factor",81,109.885094174003,1.35660610091362,5.46572861031297e+27,0,"NoError_anova"
"8","Residuals                ",900,2.23382018733701e-25,2.48202243037445e-28,NA,NA,"NoError_anova"
