"","Fixed_effect","Df","Sum Sq","Mean Sq","F value","Pr(>F)","data_class"
"1","exp_env_factor           ",4,7.14429647161346,1.78607411790336,17.7517717975491,4.86387342605272e-11,"Raw_anova"
"2","gen_factor               ",4,22.6744039271161,5.66860098177902,56.340165299539,8.58209750805144e-25,"Raw_anova"
"3","exp_env_factor:gen_factor",16,84.1199145278663,5.25749465799165,52.2541838885494,3.31590049773135e-41,"Raw_anova"
"4","Residuals                ",100,10.0613850734041,0.100613850734041,NA,NA,"Raw_anova"
"5","exp_env_factor           ",4,5.3194873384878,1.32987183462195,1.28322709104787e+29,0,"NoError_anova"
"6","gen_factor               ",4,23.0829194536265,5.77072986340664,5.56832373094619e+29,0,"NoError_anova"
"7","exp_env_factor:gen_factor",16,95.5975932078855,5.97484957549285,5.76528402256736e+29,0,"NoError_anova"
"8","Residuals                ",100,1.03634956267639e-27,1.03634956267639e-29,NA,NA,"NoError_anova"
