"","Fixed_effect","Df","Sum Sq","Mean Sq","F value","Pr(>F)","data_class"
"1","exp_env_factor           ",6,58.7091536795618,9.78485894659364,244.33063942325,8.843222490355e-137,"Raw_anova"
"2","gen_factor               ",6,72.7381203070888,12.1230200511815,302.715170143276,6.86238290866197e-153,"Raw_anova"
"3","exp_env_factor:gen_factor",36,339.891728581207,9.44143690503353,235.755295878248,1.4576893193356e-263,"Raw_anova"
"4","Residuals                ",441,17.6609974321427,0.0400476132248133,NA,NA,"Raw_anova"
"5","exp_env_factor           ",6,65.0467797478437,10.841129957974,4.21773178400611e+29,0,"NoError_anova"
"6","gen_factor               ",6,78.7435526679426,13.1239254446571,5.10585129902838e+29,0,"NoError_anova"
"7","exp_env_factor:gen_factor",36,345.209667584213,9.58915743289481,3.73065300788234e+29,0,"NoError_anova"
"8","Residuals                ",441,1.13353303536183e-26,2.57036969469803e-29,NA,NA,"NoError_anova"
