"","Fixed_effect","Df","Sum Sq","Mean Sq","F value","Pr(>F)","data_class"
"1","exp_env_factor           ",4,8.54771774196844,2.13692943549211,2.70562790906526,0.034529127187428,"Raw_anova"
"2","gen_factor               ",4,27.3760306318564,6.8440076579641,8.66539522629566,4.78506036928751e-06,"Raw_anova"
"3","exp_env_factor:gen_factor",16,9.09534562900212,0.568459101812632,0.719742442348001,0.768033391782278,"Raw_anova"
"4","Residuals                ",100,78.980905997173,0.78980905997173,NA,NA,"Raw_anova"
"5","exp_env_factor           ",4,57.8845900182831,14.4711475045708,5.61246723907698e+30,0,"NoError_anova"
"6","gen_factor               ",4,64.3979763314662,16.0994940828665,6.24400263194485e+30,0,"NoError_anova"
"7","exp_env_factor:gen_factor",16,1.71743365025069,0.107339603140668,4.16304239793175e+28,0,"NoError_anova"
"8","Residuals                ",100,2.57839322496441e-28,2.57839322496441e-30,NA,NA,"NoError_anova"
