"","Fixed_effect","Df","Sum Sq","Mean Sq","F value","Pr(>F)","data_class"
"1","exp_env_factor           ",2,4.48208558794165,2.24104279397083,3.08002572136772,0.0513789718927075,"Raw_anova"
"2","gen_factor               ",2,18.1776244741676,9.0888122370838,12.4914060285741,1.86899441739933e-05,"Raw_anova"
"3","exp_env_factor:gen_factor",4,7.40426708187737,1.85106677046934,2.54405372371879,0.0457505847177798,"Raw_anova"
"4","Residuals                ",81,58.9360228560134,0.72760522044461,NA,NA,"Raw_anova"
"5","exp_env_factor           ",2,4.89364429073052,2.44682214536526,2.88307211483866e+30,0,"NoError_anova"
"6","gen_factor               ",2,70.9376263833876,35.4688131916938,4.17926355837068e+31,0,"NoError_anova"
"7","exp_env_factor:gen_factor",4,13.1687293258818,3.29218233147046,3.87915365847324e+30,0,"NoError_anova"
"8","Residuals                ",81,6.87435436507204e-29,8.48685724082968e-31,NA,NA,"NoError_anova"
