"","Fixed_effect","Df","Sum Sq","Mean Sq","F value","Pr(>F)","data_class"
"1","exp_env_factor           ",1,0.447319613214063,0.447319613214063,0.536563697187553,0.468602996927249,"Raw_anova"
"2","gen_factor               ",1,7.13473573222448,7.13473573222448,8.5581764578396,0.00592172775830031,"Raw_anova"
"3","exp_env_factor:gen_factor",1,1.40565317805227,1.40565317805227,1.68609299458154,0.202373586445562,"Raw_anova"
"4","Residuals                ",36,30.0122914765092,0.833674763236366,NA,NA,"Raw_anova"
"5","exp_env_factor           ",1,22.0817863705828,22.0817863705828,1.31451810194309e+32,0,"NoError_anova"
"6","gen_factor               ",1,16.4256115407251,16.4256115407251,9.77808739900361e+31,0,"NoError_anova"
"7","exp_env_factor:gen_factor",1,0.492602088692133,0.492602088692133,2.93243649663882e+30,0,"NoError_anova"
"8","Residuals                ",36,6.04742002537592e-30,1.67983889593776e-31,NA,NA,"NoError_anova"
