"","Fixed_effect","Df","Sum Sq","Mean Sq","F value","Pr(>F)","data_class"
"1","exp_env_factor           ",2,23.093502979885,11.5467514899425,14.9645920602067,2.94637217105961e-06,"Raw_anova"
"2","gen_factor               ",2,1.5173219601255,0.758660980062749,0.983224770059738,0.378522586436635,"Raw_anova"
"3","exp_env_factor:gen_factor",4,1.88918395281974,0.472295988204936,0.612095687805805,0.655117088015234,"Raw_anova"
"4","Residuals                ",81,62.4999911071698,0.771604828483578,NA,NA,"Raw_anova"
"5","exp_env_factor           ",2,78.8731131320355,39.4365565660177,3.83547745623053e+31,0,"NoError_anova"
"6","gen_factor               ",2,6.59618759941276,3.29809379970638,3.20762397095484e+30,0,"NoError_anova"
"7","exp_env_factor:gen_factor",4,3.53069926855161,0.882674817137902,8.58462213009762e+29,0,"NoError_anova"
"8","Residuals                ",81,8.32845745621153e-29,1.02820462422365e-30,NA,NA,"NoError_anova"
