"","Fixed_effect","Df","Sum Sq","Mean Sq","F value","Pr(>F)","data_class"
"1","exp_env_factor           ",9,77.3576448853614,8.59529387615127,181.6741680013,5.37644509443321e-228,"Raw_anova"
"2","gen_factor               ",9,298.050319899377,33.1167022110419,699.970170633867,0,"Raw_anova"
"3","exp_env_factor:gen_factor",81,1057.35580824366,13.0537754104155,275.91072756025,0,"Raw_anova"
"4","Residuals                ",1400,66.2362269716061,0.0473115906940043,NA,NA,"Raw_anova"
"5","exp_env_factor           ",9,82.9275714028975,9.21417460032195,1.76351781365528e+28,0,"NoError_anova"
"6","gen_factor               ",9,318.552363214708,35.3947070238565,6.77425803755656e+28,0,"NoError_anova"
"7","exp_env_factor:gen_factor",81,1097.52006538239,13.5496304368197,2.59328867535703e+28,0,"NoError_anova"
"8","Residuals                ",1400,7.3148364822655e-25,5.22488320161822e-28,NA,NA,"NoError_anova"
