"","Fixed_effect","Df","Sum Sq","Mean Sq","F value","Pr(>F)","data_class"
"1","exp_env_factor           ",2,17.0737644959421,8.53688224797103,13.4599694917504,5.03622391126689e-06,"Raw_anova"
"2","gen_factor               ",2,19.9434069373841,9.97170346869203,15.7222297989733,8.02267571897578e-07,"Raw_anova"
"3","exp_env_factor:gen_factor",4,17.0682965238178,4.26707413095446,6.72782942921987,6.10922539099643e-05,"Raw_anova"
"4","Residuals                ",126,79.9145320428561,0.634242317800445,NA,NA,"Raw_anova"
"5","exp_env_factor           ",2,39.971031066166,19.985515533083,1.13307396299973e+31,0,"NoError_anova"
"6","gen_factor               ",2,59.4854601063474,29.7427300531737,1.68625687718659e+31,0,"NoError_anova"
"7","exp_env_factor:gen_factor",4,34.5435088274864,8.63587720687159,4.89608966782533e+30,0,"NoError_anova"
"8","Residuals                ",126,2.22242769616008e-28,1.76383150488895e-30,NA,NA,"NoError_anova"
