"","Fixed_effect","Df","Sum Sq","Mean Sq","F value","Pr(>F)","data_class"
"1","exp_env_factor           ",1,0.24565534583606,0.24565534583606,0.258323042045075,0.618210102579226,"Raw_anova"
"2","gen_factor               ",1,0.241071440307051,0.241071440307051,0.253502758502412,0.621480376810803,"Raw_anova"
"3","exp_env_factor:gen_factor",1,3.29788436483923,3.29788436483923,3.46794619322755,0.0810371642600164,"Raw_anova"
"4","Residuals                ",16,15.2153888490177,0.950961803063604,NA,NA,"Raw_anova"
"5","exp_env_factor           ",1,18.8569954213542,18.8569954213542,6.49291426547817e+32,2.67018364038698e-254,"NoError_anova"
"6","gen_factor               ",1,0.123661518976431,0.123661518976431,4.25796168854936e+30,7.80628641162527e-237,"NoError_anova"
"7","exp_env_factor:gen_factor",1,0.0193430596694142,0.0193430596694142,6.66027780456003e+29,2.17831019198223e-230,"NoError_anova"
"8","Residuals                ",16,4.6467874733203e-31,2.90424217082519e-32,NA,NA,"NoError_anova"
