"","Fixed_effect","Df","Sum Sq","Mean Sq","F value","Pr(>F)","data_class"
"1","exp_env_factor           ",1,1.65149198528877,1.65149198528877,2.14389376418434,0.151816611544038,"Raw_anova"
"2","gen_factor               ",1,8.62482693234925,8.62482693234925,11.1963684002981,0.00192749373539971,"Raw_anova"
"3","exp_env_factor:gen_factor",1,0.992031098756002,0.992031098756002,1.28781084343443,0.263951438392672,"Raw_anova"
"4","Residuals                ",36,27.731649983606,0.770323610655722,NA,NA,"Raw_anova"
"5","exp_env_factor           ",1,0.554070343020851,0.554070343020851,2.58249344836129e+30,0,"NoError_anova"
"6","gen_factor               ",1,36.6002015314791,36.6002015314791,1.70591661969157e+32,0,"NoError_anova"
"7","exp_env_factor:gen_factor",1,1.84572812550002,1.84572812550002,8.60284411826133e+30,0,"NoError_anova"
"8","Residuals                ",36,7.72374944897057e-30,2.14548595804738e-31,NA,NA,"NoError_anova"
