"","row","aov_coefs"
"(Intercept)",18513,-0.154283582824702
"exp_env_factorE_2",18513,0.109793507989712
"gen_factorG_2",18513,0.424122992205367
"exp_env_factorE_2:gen_factorG_2",18513,-0.45069866909135
