"","Fixed_effect","Df","Sum Sq","Mean Sq","F value","Pr(>F)","data_class"
"1","exp_env_factor           ",9,72.5089796521286,8.05655329468095,206.795345374677,9.45092487307682e-250,"Raw_anova"
"2","gen_factor               ",9,347.462383380847,38.6069314867608,990.961449473954,0,"Raw_anova"
"3","exp_env_factor:gen_factor",81,1024.48594601759,12.6479746421924,324.647797731216,0,"Raw_anova"
"4","Residuals                ",1400,54.5426909494381,0.0389590649638843,NA,NA,"Raw_anova"
"5","exp_env_factor           ",9,74.2211400055851,8.2467933339539,1.31103187702809e+28,0,"NoError_anova"
"6","gen_factor               ",9,365.96919191252,40.6632435458355,6.46442882137649e+28,0,"NoError_anova"
"7","exp_env_factor:gen_factor",81,1058.8096680819,13.0717242973074,2.07807405224208e+28,0,"NoError_anova"
"8","Residuals                ",1400,8.80643016377862e-25,6.29030725984187e-28,NA,NA,"NoError_anova"
