"","Fixed_effect","Df","Sum Sq","Mean Sq","F value","Pr(>F)","data_class"
"1","exp_env_factor           ",4,55.0725941254121,13.768148531353,41.2917701458906,6.18996647005302e-26,"Raw_anova"
"2","gen_factor               ",4,102.520901152843,25.6302252882108,76.8670797658943,5.39234123295717e-41,"Raw_anova"
"3","exp_env_factor:gen_factor",16,16.3834817656137,1.02396761035085,3.0709601299812,0.000104790135031729,"Raw_anova"
"4","Residuals                ",225,75.0230229561309,0.333435657582804,NA,NA,"Raw_anova"
"5","exp_env_factor           ",4,90.9802484893661,22.7450621223415,4.59816357161058e+30,0,"NoError_anova"
"6","gen_factor               ",4,146.256173743075,36.5640434357686,7.39182208660551e+30,0,"NoError_anova"
"7","exp_env_factor:gen_factor",16,11.7635777675596,0.735223610472473,1.48633510186892e+29,0,"NoError_anova"
"8","Residuals                ",225,1.1129745381664e-27,4.94655350296176e-30,NA,NA,"NoError_anova"
