"","Fixed_effect","Df","Sum Sq","Mean Sq","F value","Pr(>F)","data_class"
"1","exp_env_factor           ",1,0.879168794012942,0.879168794012942,1.0646765350304,0.309033505729223,"Raw_anova"
"2","gen_factor               ",1,8.0053617292571,8.0053617292571,9.69452151351608,0.00361345912370114,"Raw_anova"
"3","exp_env_factor:gen_factor",1,0.388058809637463,0.388058809637463,0.469940598035779,0.4974054803513,"Raw_anova"
"4","Residuals                ",36,29.7274106670925,0.825761407419236,NA,NA,"Raw_anova"
"5","exp_env_factor           ",1,0.0223314354579954,0.0223314354579954,1.20034706119041e+29,0,"NoError_anova"
"6","gen_factor               ",1,38.9736282530036,38.9736282530036,2.09488907354009e+32,0,"NoError_anova"
"7","exp_env_factor:gen_factor",1,0.00404031153843022,0.00404031153843022,2.1717260811875e+28,0,"NoError_anova"
"8","Residuals                ",36,6.69749360397952e-30,1.86041488999431e-31,NA,NA,"NoError_anova"
