"","Fixed_effect","Df","Sum Sq","Mean Sq","F value","Pr(>F)","data_class"
"1","exp_env_factor           ",1,25.1084673376917,25.1084673376917,89.8795639423812,3.04749819679582e-13,"Raw_anova"
"2","gen_factor               ",1,18.2417347320608,18.2417347320608,65.2990539493816,5.69419076511614e-11,"Raw_anova"
"3","exp_env_factor:gen_factor",1,0.00581714934242888,0.00581714934242888,0.0208233676414151,0.885779249542368,"Raw_anova"
"4","Residuals                ",56,15.643980780905,0.279356799659018,NA,NA,"Raw_anova"
"5","exp_env_factor           ",1,35.8522712512353,35.8522712512353,5.7234708962712e+31,0,"NoError_anova"
"6","gen_factor               ",1,23.0325724597048,23.0325724597048,3.67692906303213e+31,0,"NoError_anova"
"7","exp_env_factor:gen_factor",1,0.115156289060023,0.115156289060023,1.83835959607419e+29,0,"NoError_anova"
"8","Residuals                ",56,3.50788398588205e-29,6.26407854621795e-31,NA,NA,"NoError_anova"
