"","Fixed_effect","Df","Sum Sq","Mean Sq","F value","Pr(>F)","data_class"
"1","exp_env_factor           ",2,19.6070789061655,9.80353945308274,17.4266515158916,2.0809200424633e-07,"Raw_anova"
"2","gen_factor               ",2,8.53895016747095,4.26947508373548,7.58936655440747,0.000772466545131009,"Raw_anova"
"3","exp_env_factor:gen_factor",4,34.9713937449705,8.74284843624264,15.5411801710808,2.32361542657278e-10,"Raw_anova"
"4","Residuals                ",126,70.882577181393,0.562560136360262,NA,NA,"Raw_anova"
"5","exp_env_factor           ",2,64.4828592283504,32.2414296141752,6.31398784923155e+30,0,"NoError_anova"
"6","gen_factor               ",2,27.5747550796708,13.7873775398354,2.70004572691203e+30,0,"NoError_anova"
"7","exp_env_factor:gen_factor",4,41.9423856919786,10.4855964229946,2.05344270396825e+30,0,"NoError_anova"
"8","Residuals                ",126,6.43400055304271e-28,5.10634964527199e-30,NA,NA,"NoError_anova"
