"","row","aov_coefs"
"(Intercept)",15669,-0.454003089964597
"exp_env_factorE_2",15669,1.08378564966565
"gen_factorG_2",15669,0.877968502679429
"exp_env_factorE_2:gen_factorG_2",15669,-2.10749594483176
