"","Fixed_effect","Df","Sum Sq","Mean Sq","F value","Pr(>F)","data_class"
"1","exp_env_factor           ",1,2.49100827838556,2.49100827838556,5.81526277046881,0.0282653161887993,"Raw_anova"
"2","gen_factor               ",1,5.5120333780086,5.5120333780086,12.8678506494122,0.00246508802751914,"Raw_anova"
"3","exp_env_factor:gen_factor",1,4.14324699343826,4.14324699343826,9.6724166671232,0.00673652356358986,"Raw_anova"
"4","Residuals                ",16,6.85371135016757,0.428356959385473,NA,NA,"Raw_anova"
"5","exp_env_factor           ",1,5.17500666325984,5.17500666325984,6.16288322030753e+31,4.05309674473767e-246,"NoError_anova"
"6","gen_factor               ",1,8.67712097432318,8.67712097432318,1.03335293523176e+32,6.48737582607458e-248,"NoError_anova"
"7","exp_env_factor:gen_factor",1,5.14787236241699,5.14787236241699,6.1305691503477e+31,4.22719336080803e-246,"NoError_anova"
"8","Residuals                ",16,1.34352872920454e-30,8.39705455752835e-32,NA,NA,"NoError_anova"
