"","Fixed_effect","Df","Sum Sq","Mean Sq","F value","Pr(>F)","data_class"
"1","exp_env_factor           ",6,87.5320150203931,14.5886691700655,31.8011182269649,1.4338327351733e-26,"Raw_anova"
"2","gen_factor               ",6,9.15237095630641,1.5253951593844,3.32513344712481,0.00385277903144451,"Raw_anova"
"3","exp_env_factor:gen_factor",36,57.4011922433675,1.59447756231576,3.47572275979021,1.26289885101518e-08,"Raw_anova"
"4","Residuals                ",196,89.914421779933,0.458747049897617,NA,NA,"Raw_anova"
"5","exp_env_factor           ",6,132.433028713535,22.0721714522558,6.18313322062662e+29,0,"NoError_anova"
"6","gen_factor               ",6,26.5514263640843,4.42523772734739,1.23965303823043e+29,0,"NoError_anova"
"7","exp_env_factor:gen_factor",36,85.0155449223808,2.36154291451058,6.61544990180539e+28,0,"NoError_anova"
"8","Residuals                ",196,6.99668832981043e-27,3.56973894378083e-29,NA,NA,"NoError_anova"
