"","Fixed_effect","Df","Sum Sq","Mean Sq","F value","Pr(>F)","data_class"
"1","exp_env_factor           ",4,7.60175665848853,1.90043916462213,2.51955521224795,0.0421008826296963,"Raw_anova"
"2","gen_factor               ",4,49.8300515276533,12.4575128819133,16.5158622793966,7.01019246978913e-12,"Raw_anova"
"3","exp_env_factor:gen_factor",16,21.8561688499019,1.36601055311887,1.81102298519547,0.0308404433586785,"Raw_anova"
"4","Residuals                ",225,169.712022963956,0.754275657617584,NA,NA,"Raw_anova"
"5","exp_env_factor           ",4,8.37588044552659,2.09397011138165,2.35002921821898e+29,0,"NoError_anova"
"6","gen_factor               ",4,197.134681623635,49.2836704059088,5.5310276305014e+30,0,"NoError_anova"
"7","exp_env_factor:gen_factor",16,43.4894379308388,2.71808987067743,3.05046885775382e+29,0,"NoError_anova"
"8","Residuals                ",225,2.00484007351167e-27,8.91040032671852e-30,NA,NA,"NoError_anova"
