"","Fixed_effect","Df","Sum Sq","Mean Sq","F value","Pr(>F)","data_class"
"1","exp_env_factor           ",1,0.000110432154320864,0.000110432154320864,0.000102546734691745,0.992045522839119,"Raw_anova"
"2","gen_factor               ",1,1.72720125341511,1.72720125341511,1.60387026570708,0.223483125294174,"Raw_anova"
"3","exp_env_factor:gen_factor",1,0.0423545115536602,0.0423545115536602,0.0393301831880596,0.845293885622743,"Raw_anova"
"4","Residuals                ",16,17.2303338028769,1.07689586267981,NA,NA,"Raw_anova"
"5","exp_env_factor           ",1,0.124818820220467,0.124818820220467,1.17515207274117e+30,2.3190275607242e-232,"NoError_anova"
"6","gen_factor               ",1,18.7178572367748,18.7178572367748,1.76226058620144e+32,9.06770645590194e-250,"NoError_anova"
"7","exp_env_factor:gen_factor",1,0.157323943004674,0.157323943004674,1.48118334548591e+30,3.64072533663972e-233,"NoError_anova"
"8","Residuals                ",16,1.6994405829273e-30,1.06215036432956e-31,NA,NA,"NoError_anova"
