"","Fixed_effect","Df","Sum Sq","Mean Sq","F value","Pr(>F)","data_class"
"1","exp_env_factor           ",1,10.9254967728799,10.9254967728799,14.6876909987207,0.000323387140829515,"Raw_anova"
"2","gen_factor               ",1,5.4747271673765,5.4747271673765,7.35994917286781,0.00884397145853689,"Raw_anova"
"3","exp_env_factor:gen_factor",1,0.943955595208683,0.943955595208683,1.26900665362459,0.26475737649508,"Raw_anova"
"4","Residuals                ",56,41.6558204645349,0.743853936866696,NA,NA,"Raw_anova"
"5","exp_env_factor           ",1,33.7245868369633,33.7245868369633,8.96214786271579e+31,0,"NoError_anova"
"6","gen_factor               ",1,25.2344242064841,25.2344242064841,6.70592769786381e+31,0,"NoError_anova"
"7","exp_env_factor:gen_factor",1,0.0409889565526483,0.0409889565526483,1.08926194155962e+29,0,"NoError_anova"
"8","Residuals                ",56,2.10728152648181e-29,3.76300272586038e-31,NA,NA,"NoError_anova"
