"","Fixed_effect","Df","Sum Sq","Mean Sq","F value","Pr(>F)","data_class"
"1","exp_env_factor           ",1,0.755650918538218,0.755650918538218,0.665622499771038,0.426561616340156,"Raw_anova"
"2","gen_factor               ",1,0.0745968570830772,0.0745968570830772,0.0657093709126345,0.800956317849603,"Raw_anova"
"3","exp_env_factor:gen_factor",1,0.00568069619212976,0.00568069619212976,0.00500389678233944,0.944482727682556,"Raw_anova"
"4","Residuals                ",16,18.1640715281866,1.13525447051166,NA,NA,"Raw_anova"
"5","exp_env_factor           ",1,2.10277798527397,2.10277798527397,1.694557769271e+31,1.24053049780769e-241,"NoError_anova"
"6","gen_factor               ",1,16.209183622015,16.209183622015,1.30624337103506e+32,9.95097606447692e-249,"NoError_anova"
"7","exp_env_factor:gen_factor",1,0.688038392711034,0.688038392711034,5.54466906202325e+30,9.44177044060934e-238,"NoError_anova"
"8","Residuals                ",16,1.9854411796688e-30,1.240900737293e-31,NA,NA,"NoError_anova"
