"","Fixed_effect","Df","Sum Sq","Mean Sq","F value","Pr(>F)","data_class"
"1","exp_env_factor           ",1,0.147692228324552,0.147692228324552,0.19498141499181,0.664711981736336,"Raw_anova"
"2","gen_factor               ",1,3.93238569845744,3.93238569845744,5.19148594666662,0.0367662528013654,"Raw_anova"
"3","exp_env_factor:gen_factor",1,2.80043030887683,2.80043030887683,3.69709273402563,0.0724932784032544,"Raw_anova"
"4","Residuals                ",16,12.1194917643412,0.757468235271324,NA,NA,"Raw_anova"
"5","exp_env_factor           ",1,1.12024818381398,1.12024818381398,5.90523972141795e+30,5.70372027748359e-238,"NoError_anova"
"6","gen_factor               ",1,13.7875290697683,13.7875290697683,7.26791308384931e+31,1.08337965997497e-246,"NoError_anova"
"7","exp_env_factor:gen_factor",1,4.09222274641768,4.09222274641768,2.15716094524358e+31,1.79886298811611e-242,"NoError_anova"
"8","Residuals                ",16,3.03526559235428e-30,1.89704099522143e-31,NA,NA,"NoError_anova"
