"","Fixed_effect","Df","Sum Sq","Mean Sq","F value","Pr(>F)","data_class"
"1","exp_env_factor           ",4,13.0735716627138,3.26839291567846,6.70751035233191,7.98905571895418e-05,"Raw_anova"
"2","gen_factor               ",4,52.8490875832533,13.2122718958133,27.114686882925,3.0240554388801e-15,"Raw_anova"
"3","exp_env_factor:gen_factor",16,9.34997778332683,0.584373611457927,1.19927198155427,0.282000230236351,"Raw_anova"
"4","Residuals                ",100,48.7273629707061,0.487273629707061,NA,NA,"Raw_anova"
"5","exp_env_factor           ",4,23.4780677851149,5.86951694627873,3.7305314605438e+30,0,"NoError_anova"
"6","gen_factor               ",4,99.3396220484784,24.8349055121196,1.57845010382555e+31,0,"NoError_anova"
"7","exp_env_factor:gen_factor",16,1.18231016640671,0.0738943854004196,4.69655905276132e+28,0,"NoError_anova"
"8","Residuals                ",100,1.57337285809222e-28,1.57337285809222e-30,NA,NA,"NoError_anova"
