"","Fixed_effect","Df","Sum Sq","Mean Sq","F value","Pr(>F)","data_class"
"1","exp_env_factor           ",1,3.5288732301606,3.5288732301606,6.12850804809408,0.0163527744066555,"Raw_anova"
"2","gen_factor               ",1,17.2839953181553,17.2839953181553,30.0166930070522,1.05303203011486e-06,"Raw_anova"
"3","exp_env_factor:gen_factor",1,5.94161601168222,5.94161601168222,10.3186595752611,0.00218444880221716,"Raw_anova"
"4","Residuals                ",56,32.2455154400019,0.575812775714319,NA,NA,"Raw_anova"
"5","exp_env_factor           ",1,8.83936701795142,8.83936701795142,1.95876309712973e+31,0,"NoError_anova"
"6","gen_factor               ",1,40.2416873587279,40.2416873587279,8.9173729300332e+31,0,"NoError_anova"
"7","exp_env_factor:gen_factor",1,9.91894562332065,9.91894562332065,2.19799275332044e+31,0,"NoError_anova"
"8","Residuals                ",56,2.52712823582716e-29,4.5127289925485e-31,NA,NA,"NoError_anova"
