"","Fixed_effect","Df","Sum Sq","Mean Sq","F value","Pr(>F)","data_class"
"1","exp_env_factor           ",2,90.6196837717107,45.3098418858554,425.509329788158,9.10886526152857e-57,"Raw_anova"
"2","gen_factor               ",2,1.52000617859058,0.760003089295292,7.13726624731222,0.00115791866491205,"Raw_anova"
"3","exp_env_factor:gen_factor",4,28.443353762371,7.11083844059274,66.7786064385504,3.23739786673433e-30,"Raw_anova"
"4","Residuals                ",126,13.4169562873276,0.106483780058156,NA,NA,"Raw_anova"
"5","exp_env_factor           ",2,98.1982015934994,49.0991007967497,3.94427578396627e+31,0,"NoError_anova"
"6","gen_factor               ",2,3.22026714332068,1.61013357166034,1.2934678543179e+30,0,"NoError_anova"
"7","exp_env_factor:gen_factor",4,32.58153126318,8.14538281579501,6.54342659440356e+30,0,"NoError_anova"
"8","Residuals                ",126,1.56847214526401e-28,1.24481916290794e-30,NA,NA,"NoError_anova"
