"","Fixed_effect","Df","Sum Sq","Mean Sq","F value","Pr(>F)","data_class"
"1","exp_env_factor           ",4,62.4014100292149,15.6003525073037,182.408859392908,2.916979097559e-84,"Raw_anova"
"2","gen_factor               ",4,60.3660044938529,15.0915011234632,176.459057907115,1.42676192862437e-82,"Raw_anova"
"3","exp_env_factor:gen_factor",16,221.299152442327,13.8311970276454,161.72281188327,9.95672090956545e-151,"Raw_anova"
"4","Residuals                ",350,29.933433034605,0.0855240943845857,NA,NA,"Raw_anova"
"5","exp_env_factor           ",4,64.3336216159778,16.0834054039945,6.80257953318797e+29,0,"NoError_anova"
"6","gen_factor               ",4,69.1453676575855,17.2863419143964,7.31136925028062e+29,0,"NoError_anova"
"7","exp_env_factor:gen_factor",16,240.521010726437,15.0325631704023,6.35811906655892e+29,0,"NoError_anova"
"8","Residuals                ",350,8.27508427345058e-27,2.36430979241445e-29,NA,NA,"NoError_anova"
