"","Fixed_effect","Df","Sum Sq","Mean Sq","F value","Pr(>F)","data_class"
"1","exp_env_factor           ",4,75.8942512861023,18.9735628215256,39.8938356998424,3.07938437691243e-25,"Raw_anova"
"2","gen_factor               ",4,18.3661040389998,4.59152600974994,9.65414803574509,3.18887884177999e-07,"Raw_anova"
"3","exp_env_factor:gen_factor",16,47.7293369430664,2.98308355894165,6.27223503032893,1.69408002262812e-11,"Raw_anova"
"4","Residuals                ",225,107.010307731831,0.475601367697028,NA,NA,"Raw_anova"
"5","exp_env_factor           ",4,135.00956963781,33.7523924094524,1.97612791569953e+30,0,"NoError_anova"
"6","gen_factor               ",4,40.9024586321131,10.2256146580283,5.98687119294598e+29,0,"NoError_anova"
"7","exp_env_factor:gen_factor",16,73.0879717300767,4.5679982331298,2.67446192194242e+29,0,"NoError_anova"
"8","Residuals                ",225,3.84301452947114e-27,1.70800645754273e-29,NA,NA,"NoError_anova"
