"","Fixed_effect","Df","Sum Sq","Mean Sq","F value","Pr(>F)","data_class"
"1","exp_env_factor           ",1,2.77675353824698,2.77675353824698,3.3366928130888,0.0730822835536521,"Raw_anova"
"2","gen_factor               ",1,9.43505470230233,9.43505470230233,11.3376570093963,0.00137856605619945,"Raw_anova"
"3","exp_env_factor:gen_factor",1,0.185700354829856,0.185700354829856,0.223147294426426,0.638488011285336,"Raw_anova"
"4","Residuals                ",56,46.6024914046208,0.832187346511086,NA,NA,"Raw_anova"
"5","exp_env_factor           ",1,0.389909601463894,0.389909601463894,6.13545968982372e+29,0,"NoError_anova"
"6","gen_factor               ",1,51.855122811194,51.855122811194,8.15971226470042e+31,0,"NoError_anova"
"7","exp_env_factor:gen_factor",1,6.75496758734205,6.75496758734205,1.06293436177515e+31,0,"NoError_anova"
"8","Residuals                ",56,3.55881038843651e-29,6.35501855077948e-31,NA,NA,"NoError_anova"
