"","Fixed_effect","Df","Sum Sq","Mean Sq","F value","Pr(>F)","data_class"
"1","exp_env_factor           ",4,7.08688243621197,1.77172060905299,3.1269089142695,0.015095823904991,"Raw_anova"
"2","gen_factor               ",4,79.5052233061537,19.8763058265384,35.0796833056937,1.2202090157229e-24,"Raw_anova"
"3","exp_env_factor:gen_factor",16,89.0963251745887,5.56852032341179,9.82787904006732,2.21404364513926e-20,"Raw_anova"
"4","Residuals                ",350,198.311569083046,0.566604483094416,NA,NA,"Raw_anova"
"5","exp_env_factor           ",4,40.6187733701372,10.1546933425343,2.43935858235906e+29,0,"NoError_anova"
"6","gen_factor               ",4,159.164023858121,39.7910059645303,9.55858819425986e+29,0,"NoError_anova"
"7","exp_env_factor:gen_factor",16,174.217202771741,10.8885751732338,2.61565154185748e+29,0,"NoError_anova"
"8","Residuals                ",350,1.45699885846625e-26,4.16285388133214e-29,NA,NA,"NoError_anova"
