"","Fixed_effect","Df","Sum Sq","Mean Sq","F value","Pr(>F)","data_class"
"1","exp_env_factor           ",2,10.5649890980133,5.28249454900666,10.8250021247843,4.58813431316316e-05,"Raw_anova"
"2","gen_factor               ",2,29.5665847474333,14.7832923737167,30.2942425916717,1.80967043730555e-11,"Raw_anova"
"3","exp_env_factor:gen_factor",4,32.3816656438159,8.09541641095398,16.5893024662126,6.04182359134117e-11,"Raw_anova"
"4","Residuals                ",126,61.4867605107375,0.487990162783631,NA,NA,"Raw_anova"
"5","exp_env_factor           ",2,36.3248905193273,18.1624452596636,1.51222677178099e+30,0,"NoError_anova"
"6","gen_factor               ",2,29.5614277965963,14.7807138982982,1.23065980067574e+30,0,"NoError_anova"
"7","exp_env_factor:gen_factor",4,68.1136816840762,17.0284204210191,1.41780651633931e+30,0,"NoError_anova"
"8","Residuals                ",126,1.51331013669493e-27,1.20103979102772e-29,NA,NA,"NoError_anova"
