"","Fixed_effect","Df","Sum Sq","Mean Sq","F value","Pr(>F)","data_class"
"1","exp_env_factor           ",6,22.8173459302616,3.80289098837694,16.8395103415497,1.20395402920309e-15,"Raw_anova"
"2","gen_factor               ",6,89.560528815729,14.9267548026215,66.0968833008279,1.82770576295982e-44,"Raw_anova"
"3","exp_env_factor:gen_factor",36,87.3591616283528,2.42664337856536,10.7453740834272,3.72698810542425e-30,"Raw_anova"
"4","Residuals                ",196,44.2629636256566,0.225831447069676,NA,NA,"Raw_anova"
"5","exp_env_factor           ",6,33.2612506218647,5.54354177031079,4.61953357823103e+29,0,"NoError_anova"
"6","gen_factor               ",6,111.319175232374,18.5531958720624,1.54607135412068e+30,0,"NoError_anova"
"7","exp_env_factor:gen_factor",36,99.4195741457606,2.76165483738224,2.30133690361932e+29,0,"NoError_anova"
"8","Residuals                ",196,2.35204305495488e-27,1.20002196681371e-29,NA,NA,"NoError_anova"
