"","Fixed_effect","Df","Sum Sq","Mean Sq","F value","Pr(>F)","data_class"
"1","exp_env_factor           ",6,30.5354592743969,5.08924321239948,72.3658558435955,1.41708609691113e-62,"Raw_anova"
"2","gen_factor               ",6,144.629349426329,24.1048915710549,342.75648377473,1.48258380434183e-162,"Raw_anova"
"3","exp_env_factor:gen_factor",36,282.821169140552,7.85614358723755,111.709448849975,1.52000636733154e-197,"Raw_anova"
"4","Residuals                ",441,31.0140221587222,0.0703265808587806,NA,NA,"Raw_anova"
"5","exp_env_factor           ",6,34.4038635274633,5.73397725457721,7.82467805439553e+28,0,"NoError_anova"
"6","gen_factor               ",6,155.026806136148,25.8378010226914,3.5258680957394e+29,0,"NoError_anova"
"7","exp_env_factor:gen_factor",36,299.569330336388,8.32137028712189,1.13554764131939e+29,0,"NoError_anova"
"8","Residuals                ",441,3.2316779702496e-26,7.32806795974965e-29,NA,NA,"NoError_anova"
