"","Fixed_effect","Df","Sum Sq","Mean Sq","F value","Pr(>F)","data_class"
"1","exp_env_factor           ",6,32.8699986115006,5.47833310191677,35.7966043826879,4.43406572471527e-29,"Raw_anova"
"2","gen_factor               ",6,22.1643875361629,3.69406458936048,24.1378109379963,2.60547590824715e-21,"Raw_anova"
"3","exp_env_factor:gen_factor",36,158.969660144085,4.41582389289126,28.8539411490227,2.21533171365405e-60,"Raw_anova"
"4","Residuals                ",196,29.9959537082511,0.153040580144138,NA,NA,"Raw_anova"
"5","exp_env_factor           ",6,36.7531957100898,6.1255326183483,7.31129027626272e+29,0,"NoError_anova"
"6","gen_factor               ",6,28.1050615906686,4.6841769317781,5.59092235522826e+29,0,"NoError_anova"
"7","exp_env_factor:gen_factor",36,179.141742699242,4.97615951942338,5.93942583841835e+29,0,"NoError_anova"
"8","Residuals                ",196,1.64212382196645e-27,8.37818276513494e-30,NA,NA,"NoError_anova"
