"","Fixed_effect","Df","Sum Sq","Mean Sq","F value","Pr(>F)","data_class"
"1","exp_env_factor           ",2,34.5459745856738,17.2729872928369,36.7547387564207,2.66466042804018e-13,"Raw_anova"
"2","gen_factor               ",2,20.6217879663462,10.3108939831731,21.94028214528,6.67254579179176e-09,"Raw_anova"
"3","exp_env_factor:gen_factor",4,19.6182021280514,4.90455053201284,10.4362650458588,2.46921913154527e-07,"Raw_anova"
"4","Residuals                ",126,59.2140353199287,0.469952661269275,NA,NA,"Raw_anova"
"5","exp_env_factor           ",2,53.0860940559852,26.5430470279926,3.03662653757267e+30,0,"NoError_anova"
"6","gen_factor               ",2,29.2952318338823,14.6476159169412,1.67574352555104e+30,0,"NoError_anova"
"7","exp_env_factor:gen_factor",4,51.6186741101323,12.9046685275331,1.47634364916579e+30,0,"NoError_anova"
"8","Residuals                ",126,1.10136162091254e-27,8.7409652453376e-30,NA,NA,"NoError_anova"
