"","row","aov_coefs"
"(Intercept)",26516,-0.586473086658901
"exp_env_factorE_2",26516,1.35153763299459
"gen_factorG_2",26516,0.694520883915285
"exp_env_factorE_2:gen_factorG_2",26516,-1.74622468718415
