"","Fixed_effect","Df","Sum Sq","Mean Sq","F value","Pr(>F)","data_class"
"1","exp_env_factor           ",9,50.4768662431417,5.60854069368241,178.289040427779,3.38861973710938e-193,"Raw_anova"
"2","gen_factor               ",9,238.20121848741,26.4668020541567,841.349113637145,0,"Raw_anova"
"3","exp_env_factor:gen_factor",81,682.010098613736,8.41987776066341,267.658203524997,0,"Raw_anova"
"4","Residuals                ",900,28.3118166557124,0.0314575740619027,NA,NA,"Raw_anova"
"5","exp_env_factor           ",9,50.8536565052947,5.65040627836607,6.66825221457154e+28,0,"NoError_anova"
"6","gen_factor               ",9,248.293772795768,27.5881969773075,3.2557845671084e+29,0,"NoError_anova"
"7","exp_env_factor:gen_factor",81,699.852570698939,8.64015519381406,1.01965648427767e+29,0,"NoError_anova"
"8","Residuals                ",900,7.62623471172381e-26,8.47359412413757e-29,NA,NA,"NoError_anova"
