"","Fixed_effect","Df","Sum Sq","Mean Sq","F value","Pr(>F)","data_class"
"1","exp_env_factor           ",2,17.12996680784,8.56498340392001,19.7724661059055,1.01650730310919e-07,"Raw_anova"
"2","gen_factor               ",2,33.2019508435909,16.6009754217955,38.3237431262494,1.93783918444156e-12,"Raw_anova"
"3","exp_env_factor:gen_factor",4,3.58072136883201,0.895180342208002,2.06654492370408,0.0928000756160906,"Raw_anova"
"4","Residuals                ",81,35.0873609797371,0.433177296046137,NA,NA,"Raw_anova"
"5","exp_env_factor           ",2,30.9663018377991,15.4831509188996,5.61173377051344e+31,0,"NoError_anova"
"6","gen_factor               ",2,50.8048630409889,25.4024315204945,9.20689099805309e+31,0,"NoError_anova"
"7","exp_env_factor:gen_factor",4,7.22883512121199,1.807208780303,6.55007149120751e+30,0,"NoError_anova"
"8","Residuals                ",81,2.23484448072118e-29,2.75906726014961e-31,NA,NA,"NoError_anova"
