"","Fixed_effect","Df","Sum Sq","Mean Sq","F value","Pr(>F)","data_class"
"1","exp_env_factor           ",4,15.0426484373649,3.76066210934123,20.0114093471886,7.4620063807822e-15,"Raw_anova"
"2","gen_factor               ",4,168.601803574653,42.1504508936632,224.29293099917,3.37471062765824e-95,"Raw_anova"
"3","exp_env_factor:gen_factor",16,124.581483031665,7.78634268947905,41.4330472524024,1.0552468574214e-70,"Raw_anova"
"4","Residuals                ",350,65.774064956317,0.187925899875191,NA,NA,"Raw_anova"
"5","exp_env_factor           ",4,14.7082971885937,3.67707429714844,8.18098632085372e+28,0,"NoError_anova"
"6","gen_factor               ",4,219.943788805185,54.9859472012962,1.22336195991971e+30,0,"NoError_anova"
"7","exp_env_factor:gen_factor",16,139.347914006223,8.70924462538893,1.93768755775563e+29,0,"NoError_anova"
"8","Residuals                ",350,1.57313061472966e-26,4.49465889922759e-29,NA,NA,"NoError_anova"
