"","Fixed_effect","Df","Sum Sq","Mean Sq","F value","Pr(>F)","data_class"
"1","exp_env_factor           ",2,1.93975787768518,0.969878938842592,1.95559674490839,0.15622126295253,"Raw_anova"
"2","gen_factor               ",2,3.09282573685668,1.54641286842834,3.11807984550299,0.0563800420622381,"Raw_anova"
"3","exp_env_factor:gen_factor",4,21.1132028880999,5.27830072202497,10.6428001446837,8.51572583829089e-06,"Raw_anova"
"4","Residuals                ",36,17.8542134973583,0.495950374926619,NA,NA,"Raw_anova"
"5","exp_env_factor           ",2,2.56373963268457,1.28186981634229,4.62755731157244e+29,0,"NoError_anova"
"6","gen_factor               ",2,4.5142110192149,2.25710550960745,8.14816369869604e+29,0,"NoError_anova"
"7","exp_env_factor:gen_factor",4,36.9220493481005,9.23051233702512,3.33222019195703e+30,0,"NoError_anova"
"8","Residuals                ",36,9.97228349239861e-29,2.7700787478885e-30,NA,NA,"NoError_anova"
