"","Fixed_effect","Df","Sum Sq","Mean Sq","F value","Pr(>F)","data_class"
"1","exp_env_factor           ",1,3.19262507265691,3.19262507265691,3.70753188011513,0.0620950602715253,"Raw_anova"
"2","gen_factor               ",1,0.606194733352137,0.606194733352137,0.703961864707956,0.406992697127138,"Raw_anova"
"3","exp_env_factor:gen_factor",1,4.20090660711086,4.20090660711086,4.87842913489626,0.0336463175633693,"Raw_anova"
"4","Residuals                ",36,31.0002735868801,0.861118710746669,NA,NA,"Raw_anova"
"5","exp_env_factor           ",1,34.3523669852337,34.3523669852337,7.30217059964511e+31,0,"NoError_anova"
"6","gen_factor               ",1,0.724654222199986,0.724654222199986,1.54037384338959e+30,0,"NoError_anova"
"7","exp_env_factor:gen_factor",1,3.92297879256633,3.92297879256633,8.33894805980112e+30,0,"NoError_anova"
"8","Residuals                ",36,1.69358575589636e-29,4.70440487748989e-31,NA,NA,"NoError_anova"
