"","Fixed_effect","Df","Sum Sq","Mean Sq","F value","Pr(>F)","data_class"
"1","exp_env_factor           ",1,0.629616817307677,0.629616817307677,0.706556984399652,0.406137629391317,"Raw_anova"
"2","gen_factor               ",1,5.17712753872299,5.17712753872299,5.80978068097722,0.0211709861295105,"Raw_anova"
"3","exp_env_factor:gen_factor",1,1.11345751935602,1.11345751935602,1.24952378257212,0.271047822261844,"Raw_anova"
"4","Residuals                ",36,32.0797981246133,0.891105503461481,NA,NA,"Raw_anova"
"5","exp_env_factor           ",1,18.3769600679547,18.3769600679547,2.57919175958779e+31,0,"NoError_anova"
"6","gen_factor               ",1,13.4999973405969,13.4999973405969,1.89471391168995e+31,0,"NoError_anova"
"7","exp_env_factor:gen_factor",1,7.12304259144842,7.12304259144842,9.99713374090242e+30,0,"NoError_anova"
"8","Residuals                ",36,2.5650305371327e-29,7.1250848253686e-31,NA,NA,"NoError_anova"
