"","row","aov_coefs"
"(Intercept)",21237,-0.368180251319569
"exp_env_factorE_2",21237,0.67003561520528
"gen_factorG_2",21237,0.221420862106861
"exp_env_factorE_2:gen_factorG_2",21237,-0.310191949346006
