"","Fixed_effect","Df","Sum Sq","Mean Sq","F value","Pr(>F)","data_class"
"1","exp_env_factor           ",2,2.25396496667022,1.12698248333511,1.19910667297848,0.313217993216562,"Raw_anova"
"2","gen_factor               ",2,4.70800954162518,2.35400477081259,2.50465545884197,0.0958430267008576,"Raw_anova"
"3","exp_env_factor:gen_factor",4,3.2033631432015,0.800840785800374,0.852092685065289,0.501819956494266,"Raw_anova"
"4","Residuals                ",36,33.8346623485031,0.939851731902864,NA,NA,"Raw_anova"
"5","exp_env_factor           ",2,27.945055107424,13.972527553712,1.00461041638378e+31,0,"NoError_anova"
"6","gen_factor               ",2,13.2404287087615,6.62021435438074,4.7598662973024e+30,0,"NoError_anova"
"7","exp_env_factor:gen_factor",4,2.81451618381443,0.703629045953607,5.05902075424702e+29,0,"NoError_anova"
"8","Residuals                ",36,5.00702544718064e-29,1.39084040199462e-30,NA,NA,"NoError_anova"
