"","Fixed_effect","Df","Sum Sq","Mean Sq","F value","Pr(>F)","data_class"
"1","exp_env_factor           ",1,9.00172669320266,9.00172669320266,29.3901106004386,4.12658567621374e-06,"Raw_anova"
"2","gen_factor               ",1,2.62616154585598,2.62616154585598,8.57426368494483,0.00587975464550719,"Raw_anova"
"3","exp_env_factor:gen_factor",1,16.3458803404152,16.3458803404152,53.3683422569474,1.31054239624069e-08,"Raw_anova"
"4","Residuals                ",36,11.0262314205262,0.306284206125727,NA,NA,"Raw_anova"
"5","exp_env_factor           ",1,10.7277377632971,10.7277377632971,1.69914042769786e+31,0,"NoError_anova"
"6","gen_factor               ",1,8.90435439298046,8.90435439298046,1.41033914749722e+31,0,"NoError_anova"
"7","exp_env_factor:gen_factor",1,19.3679078437225,19.3679078437225,3.06763606114484e+31,0,"NoError_anova"
"8","Residuals                ",36,2.27290548316804e-29,6.31362634213344e-31,NA,NA,"NoError_anova"
