"","Fixed_effect","Df","Sum Sq","Mean Sq","F value","Pr(>F)","data_class"
"1","exp_env_factor           ",1,0.417277667933381,0.417277667933381,0.472646254669794,0.494609925273348,"Raw_anova"
"2","gen_factor               ",1,8.29882268233127,8.29882268233127,9.39999372216302,0.00333714678092383,"Raw_anova"
"3","exp_env_factor:gen_factor",1,0.844071927849177,0.844071927849177,0.956071858208138,0.332383830263642,"Raw_anova"
"4","Residuals                ",56,49.4398277218862,0.882854066462253,NA,NA,"Raw_anova"
"5","exp_env_factor           ",1,2.10351970045621,2.10351970045621,3.70779297419079e+31,0,"NoError_anova"
"6","gen_factor               ",1,47.4955273081025,47.4955273081025,8.37185325244525e+32,0,"NoError_anova"
"7","exp_env_factor:gen_factor",1,9.40095299144135,9.40095299144135,1.65706969346684e+32,0,"NoError_anova"
"8","Residuals                ",56,3.17701403626118e-30,5.6732393504664e-32,NA,NA,"NoError_anova"
