"","Fixed_effect","Df","Sum Sq","Mean Sq","F value","Pr(>F)","data_class"
"1","exp_env_factor           ",9,254.686908258479,28.2985453620532,210.530800063422,7.39826202765784e-253,"Raw_anova"
"2","gen_factor               ",9,763.082240351156,84.7869155945728,630.783559602024,0,"Raw_anova"
"3","exp_env_factor:gen_factor",81,293.049533051479,3.61789546977134,26.9158155676143,6.6452628365166e-229,"Raw_anova"
"4","Residuals                ",1400,188.181318338883,0.134415227384916,NA,NA,"Raw_anova"
"5","exp_env_factor           ",9,296.27197375265,32.9191081947388,8.09733668090262e+28,0,"NoError_anova"
"6","gen_factor               ",9,867.138891737656,96.3487657486284,2.36995604632069e+29,0,"NoError_anova"
"7","exp_env_factor:gen_factor",81,335.589134509695,4.14307573468759,1.01910048473321e+28,0,"NoError_anova"
"8","Residuals                ",1400,5.69159382755183e-25,4.06542416253702e-28,NA,NA,"NoError_anova"
