"","Fixed_effect","Df","Sum Sq","Mean Sq","F value","Pr(>F)","data_class"
"1","exp_env_factor           ",9,148.941136606554,16.549015178506,196.248231186661,8.33826080527533e-241,"Raw_anova"
"2","gen_factor               ",9,395.34565572385,43.9272950804278,520.916433235558,0,"Raw_anova"
"3","exp_env_factor:gen_factor",81,836.655474818636,10.3290799360325,122.48847713094,0,"Raw_anova"
"4","Residuals                ",1400,118.057732850961,0.0843269520364006,NA,NA,"Raw_anova"
"5","exp_env_factor           ",9,151.870627715949,16.874514190661,4.33793158230473e+28,0,"NoError_anova"
"6","gen_factor               ",9,426.300978104993,47.3667753449992,1.21765775535465e+29,0,"NoError_anova"
"7","exp_env_factor:gen_factor",81,920.828394179057,11.3682517799884,2.92243663283036e+28,0,"NoError_anova"
"8","Residuals                ",1400,5.44598719889766e-25,3.88999085635547e-28,NA,NA,"NoError_anova"
