"","Fixed_effect","Df","Sum Sq","Mean Sq","F value","Pr(>F)","data_class"
"1","exp_env_factor           ",2,1.66483565111226,0.832417825556131,1.01935179270946,0.365410122055887,"Raw_anova"
"2","gen_factor               ",2,0.781417975328362,0.390708987664181,0.478449517508951,0.621483770598502,"Raw_anova"
"3","exp_env_factor:gen_factor",4,20.4079423907879,5.10198559769697,6.24772560812918,0.000196555931091242,"Raw_anova"
"4","Residuals                ",81,66.1458039827715,0.816614863984833,NA,NA,"Raw_anova"
"5","exp_env_factor           ",2,13.3923809891909,6.69619049459544,1.78255354362578e+30,0,"NoError_anova"
"6","gen_factor               ",2,7.59588541020199,3.797942705101,1.01102802151904e+30,0,"NoError_anova"
"7","exp_env_factor:gen_factor",4,68.0117336006072,17.0029334001518,4.52625103914473e+30,0,"NoError_anova"
"8","Residuals                ",81,3.04277777238033e-28,3.75651576837078e-30,NA,NA,"NoError_anova"
