"","Fixed_effect","Df","Sum Sq","Mean Sq","F value","Pr(>F)","data_class"
"1","exp_env_factor           ",1,2.52460464222643,2.52460464222643,2.61661406410936,0.114479898907525,"Raw_anova"
"2","gen_factor               ",1,1.05053014952529,1.05053014952529,1.08881680641869,0.30369019197671,"Raw_anova"
"3","exp_env_factor:gen_factor",1,0.690752766225975,0.690752766225975,0.715927307071483,0.403072438496293,"Raw_anova"
"4","Residuals                ",36,34.7341124420223,0.964836456722842,NA,NA,"Raw_anova"
"5","exp_env_factor           ",1,0.402409926228411,0.402409926228411,1.09432531204557e+30,0,"NoError_anova"
"6","gen_factor               ",1,24.5207759806511,24.5207759806511,6.66825147136021e+31,0,"NoError_anova"
"7","exp_env_factor:gen_factor",1,14.0768140931205,14.0768140931205,3.82808995778046e+31,0,"NoError_anova"
"8","Residuals                ",36,1.32380720657401e-29,3.67724224048336e-31,NA,NA,"NoError_anova"
