"","Fixed_effect","Df","Sum Sq","Mean Sq","F value","Pr(>F)","data_class"
"1","exp_env_factor           ",4,111.807832346556,27.9519580866391,60.8826385541503,8.64668944724826e-35,"Raw_anova"
"2","gen_factor               ",4,8.04328894734054,2.01082223683513,4.37980634710523,0.00198111149676113,"Raw_anova"
"3","exp_env_factor:gen_factor",16,25.848648642978,1.61554054018613,3.51883651488242,1.19196427647698e-05,"Raw_anova"
"4","Residuals                ",225,103.300230063125,0.459112133613888,NA,NA,"Raw_anova"
"5","exp_env_factor           ",4,210.910308989119,52.7275772472798,4.58876663258341e+30,0,"NoError_anova"
"6","gen_factor               ",4,7.06863780333166,1.76715945083292,1.53792052390475e+29,0,"NoError_anova"
"7","exp_env_factor:gen_factor",16,31.0210532075485,1.93881582547178,1.68730934192667e+29,0,"NoError_anova"
"8","Residuals                ",225,2.5853798701371e-27,1.14905772006093e-29,NA,NA,"NoError_anova"
