"","Fixed_effect","Df","Sum Sq","Mean Sq","F value","Pr(>F)","data_class"
"1","exp_env_factor           ",4,49.9142704228997,12.4785676057249,71.8234107712847,2.26451415885378e-44,"Raw_anova"
"2","gen_factor               ",4,108.687396860065,27.1718492150162,156.394143081789,1.39662393603109e-76,"Raw_anova"
"3","exp_env_factor:gen_factor",16,154.589487591152,9.66184297444703,55.61107161394,8.76031005094379e-86,"Raw_anova"
"4","Residuals                ",350,60.8088451258829,0.173739557502523,NA,NA,"Raw_anova"
"5","exp_env_factor           ",4,53.7094355937973,13.4273588984493,4.64980622049474e+29,0,"NoError_anova"
"6","gen_factor               ",4,134.797894668727,33.6994736671817,1.16699064551821e+30,0,"NoError_anova"
"7","exp_env_factor:gen_factor",16,185.492669737476,11.5932918585922,4.01468084734956e+29,0,"NoError_anova"
"8","Residuals                ",350,1.01070354152463e-26,2.88772440435607e-29,NA,NA,"NoError_anova"
