"","Fixed_effect","Df","Sum Sq","Mean Sq","F value","Pr(>F)","data_class"
"1","exp_env_factor           ",2,20.1949837503726,10.0974918751863,14.7567413146461,1.74565077826156e-06,"Raw_anova"
"2","gen_factor               ",2,27.0828772898536,13.5414386449268,19.7898160831795,3.3566711304685e-08,"Raw_anova"
"3","exp_env_factor:gen_factor",4,0.505002727214733,0.126250681803683,0.184506080837057,0.946090468496717,"Raw_anova"
"4","Residuals                ",126,86.217136232559,0.684262985972691,NA,NA,"Raw_anova"
"5","exp_env_factor           ",2,43.5884337058789,21.7942168529395,2.14366611997942e+30,0,"NoError_anova"
"6","gen_factor               ",2,90.2908104435518,45.1454052217759,4.44047502599802e+30,0,"NoError_anova"
"7","exp_env_factor:gen_factor",4,0.120755850568804,0.0301889626422011,2.96936828930756e+27,0,"NoError_anova"
"8","Residuals                ",126,1.28101633826108e-27,1.01667963354054e-29,NA,NA,"NoError_anova"
