"","Fixed_effect","Df","Sum Sq","Mean Sq","F value","Pr(>F)","data_class"
"1","exp_env_factor           ",1,9.67479524091259,9.67479524091259,23.5970518789984,0.000174576318070759,"Raw_anova"
"2","gen_factor               ",1,2.58083529373408,2.58083529373408,6.29471764527481,0.0232526183670953,"Raw_anova"
"3","exp_env_factor:gen_factor",1,0.184366773136848,0.184366773136848,0.449674871885286,0.512053577973372,"Raw_anova"
"4","Residuals                ",16,6.56000269221647,0.41000016826353,NA,NA,"Raw_anova"
"5","exp_env_factor           ",1,12.8777858184177,12.8777858184177,5.22793485925368e+31,1.51153127273013e-245,"NoError_anova"
"6","gen_factor               ",1,4.6212435673111,4.6212435673111,1.87606477381343e+31,5.49636855108007e-242,"NoError_anova"
"7","exp_env_factor:gen_factor",1,1.50097061427118,1.50097061427118,6.09342064521764e+30,4.43781506501774e-238,"NoError_anova"
"8","Residuals                ",16,3.94122303819404e-30,2.46326439887128e-31,NA,NA,"NoError_anova"
