"","Fixed_effect","Df","Sum Sq","Mean Sq","F value","Pr(>F)","data_class"
"1","exp_env_factor           ",4,15.2344364090848,3.80860910227121,23.1583850407572,1.45247293246019e-13,"Raw_anova"
"2","gen_factor               ",4,32.4509392105868,8.1127348026467,49.3297766318959,7.45881579596072e-23,"Raw_anova"
"3","exp_env_factor:gen_factor",16,59.868705998851,3.74179412492819,22.7521141606933,2.36312879367943e-26,"Raw_anova"
"4","Residuals                ",100,16.4459183814774,0.164459183814774,NA,NA,"Raw_anova"
"5","exp_env_factor           ",4,16.4456890956878,4.11142227392194,4.91535233540298e+29,0,"NoError_anova"
"6","gen_factor               ",4,43.4883952779015,10.8720988194754,1.29979828785777e+30,0,"NoError_anova"
"7","exp_env_factor:gen_factor",16,64.0659156264107,4.00411972665067,4.78706830345862e+29,0,"NoError_anova"
"8","Residuals                ",100,8.36445079289494e-28,8.36445079289494e-30,NA,NA,"NoError_anova"
