"","Fixed_effect","Df","Sum Sq","Mean Sq","F value","Pr(>F)","data_class"
"1","exp_env_factor           ",2,2.15087651648697,1.07543825824348,1.62155658614651,0.203938750574645,"Raw_anova"
"2","gen_factor               ",2,30.8197442118357,15.4098721059178,23.2351596323526,1.05821956235435e-08,"Raw_anova"
"3","exp_env_factor:gen_factor",4,2.30908380870342,0.577270952175855,0.870414928348119,0.485430701490869,"Raw_anova"
"4","Residuals                ",81,53.7202954629739,0.663213524234246,NA,NA,"Raw_anova"
"5","exp_env_factor           ",2,2.20144813990812,1.10072406995406,1.48843751612878e+30,0,"NoError_anova"
"6","gen_factor               ",2,76.9988890700455,38.4994445350228,5.20602930018952e+31,0,"NoError_anova"
"7","exp_env_factor:gen_factor",4,9.79966279004642,2.4499156975116,3.31286153820664e+30,0,"NoError_anova"
"8","Residuals                ",81,5.99008347345129e-29,7.39516478203863e-31,NA,NA,"NoError_anova"
