"","Fixed_effect","Df","Sum Sq","Mean Sq","F value","Pr(>F)","data_class"
"1","exp_env_factor           ",1,1.92502914468456,1.92502914468456,1.90405625317295,0.186603994635411,"Raw_anova"
"2","gen_factor               ",1,0.323849215097718,0.323849215097718,0.320320928540023,0.579266875094667,"Raw_anova"
"3","exp_env_factor:gen_factor",1,0.574884061298274,0.574884061298274,0.568620789345925,0.461761839282064,"Raw_anova"
"4","Residuals                ",16,16.1762375789195,1.01101484868247,NA,NA,"Raw_anova"
"5","exp_env_factor           ",1,11.9987429703234,11.9987429703234,5.08995387509617e+31,1.872180438192e-245,"NoError_anova"
"6","gen_factor               ",1,1.21795883408192,1.21795883408192,5.16666979414075e+30,1.66101221726513e-237,"NoError_anova"
"7","exp_env_factor:gen_factor",1,5.78329819559465,5.78329819559465,2.45331707948989e+31,6.42730662307893e-243,"NoError_anova"
"8","Residuals                ",16,3.77174120308796e-30,2.35733825192998e-31,NA,NA,"NoError_anova"
