"","Fixed_effect","Df","Sum Sq","Mean Sq","F value","Pr(>F)","data_class"
"1","exp_env_factor           ",1,1.56070059708412,1.56070059708412,1.66513424401423,0.205138359697485,"Raw_anova"
"2","gen_factor               ",1,1.65994299183635,1.65994299183635,1.77101740332658,0.191624134275383,"Raw_anova"
"3","exp_env_factor:gen_factor",1,2.03719916640039,2.03719916640039,2.17351752167473,0.149096654622015,"Raw_anova"
"4","Residuals                ",36,33.7421572446791,0.937282145685532,NA,NA,"Raw_anova"
"5","exp_env_factor           ",1,9.36041467361249,9.36041467361249,1.79152385869689e+31,0,"NoError_anova"
"6","gen_factor               ",1,0.0130239938436686,0.0130239938436686,2.49270962025113e+28,0,"NoError_anova"
"7","exp_env_factor:gen_factor",1,29.6265613325439,29.6265613325439,5.670335485032e+31,0,"NoError_anova"
"8","Residuals                ",36,1.88094022088635e-29,5.22483394690652e-31,NA,NA,"NoError_anova"
