"","Fixed_effect","Df","Sum Sq","Mean Sq","F value","Pr(>F)","data_class"
"1","exp_env_factor           ",4,10.2791630305438,2.56979075763594,3.5467669665348,0.00948903313469982,"Raw_anova"
"2","gen_factor               ",4,18.6394726210963,4.65986815527407,6.4314444249686,0.000120004723429037,"Raw_anova"
"3","exp_env_factor:gen_factor",16,22.6269070388449,1.41418168992781,1.95182151994683,0.0238677444321635,"Raw_anova"
"4","Residuals                ",100,72.4544573095151,0.724544573095151,NA,NA,"Raw_anova"
"5","exp_env_factor           ",4,21.2720961150692,5.31802402876731,1.54964787827529e+30,0,"NoError_anova"
"6","gen_factor               ",4,19.9265425536487,4.98163563841218,1.4516258399072e+30,0,"NoError_anova"
"7","exp_env_factor:gen_factor",16,82.8013613312821,5.17508508320513,1.50799612331609e+30,0,"NoError_anova"
"8","Residuals                ",100,3.43176285614387e-28,3.43176285614387e-30,NA,NA,"NoError_anova"
