"","Fixed_effect","Df","Sum Sq","Mean Sq","F value","Pr(>F)","data_class"
"1","exp_env_factor           ",1,0.00379012719085045,0.00379012719085045,0.014138829179444,0.906829303535141,"Raw_anova"
"2","gen_factor               ",1,13.7752361264872,13.7752361264872,51.3876449764226,2.23374041375457e-06,"Raw_anova"
"3","exp_env_factor:gen_factor",1,0.931931543183048,0.931931543183048,3.47651153444383,0.0806971036429556,"Raw_anova"
"4","Residuals                ",16,4.2890422031389,0.268065137696181,NA,NA,"Raw_anova"
"5","exp_env_factor           ",1,0.350954739949913,0.350954739949913,6.23528210001657e+30,3.69155737543263e-238,"NoError_anova"
"6","gen_factor               ",1,15.7926759028637,15.7926759028637,2.80582588462953e+32,2.19569866721013e-251,"NoError_anova"
"7","exp_env_factor:gen_factor",1,2.85636935718636,2.85636935718636,5.07480500945557e+31,1.91735971517036e-245,"NoError_anova"
"8","Residuals                ",16,9.00564841995472e-31,5.6285302624717e-32,NA,NA,"NoError_anova"
