"","Fixed_effect","Df","Sum Sq","Mean Sq","F value","Pr(>F)","data_class"
"1","exp_env_factor           ",4,91.7610534003513,22.9402633500878,219.073875443828,6.43149107325943e-94,"Raw_anova"
"2","gen_factor               ",4,64.6892597208607,16.1723149302152,154.441631841456,5.67564906346667e-76,"Raw_anova"
"3","exp_env_factor:gen_factor",16,180.899528769957,11.3062205481223,107.971626755118,1.41434847749227e-124,"Raw_anova"
"4","Residuals                ",350,36.6501581088315,0.104714737453804,NA,NA,"Raw_anova"
"5","exp_env_factor           ",4,103.735738238771,25.9339345596927,2.96118637556698e+29,0,"NoError_anova"
"6","gen_factor               ",4,61.9252043709055,15.4813010927264,1.76768464369776e+29,0,"NoError_anova"
"7","exp_env_factor:gen_factor",16,208.339057390324,13.0211910868953,1.48678456604485e+29,0,"NoError_anova"
"8","Residuals                ",350,3.06528395874931e-26,8.75795416785516e-29,NA,NA,"NoError_anova"
