"","Fixed_effect","Df","Sum Sq","Mean Sq","F value","Pr(>F)","data_class"
"1","exp_env_factor           ",2,8.46586994541537,4.23293497270769,9.95715918818074,9.66442381981301e-05,"Raw_anova"
"2","gen_factor               ",2,45.3697810389557,22.6848905194778,53.3618086564665,1.63078025471145e-17,"Raw_anova"
"3","exp_env_factor:gen_factor",4,26.5998938852679,6.64997347131697,15.6427738384855,2.03678090998729e-10,"Raw_anova"
"4","Residuals                ",126,53.564455130361,0.425114723256833,NA,NA,"Raw_anova"
"5","exp_env_factor           ",2,12.133288342455,6.06664417122749,2.1220869400016e+30,0,"NoError_anova"
"6","gen_factor               ",2,82.7409129598068,41.3704564799034,1.44712138902559e+31,0,"NoError_anova"
"7","exp_env_factor:gen_factor",4,39.1257986977381,9.78144967443452,3.42151047968922e+30,0,"NoError_anova"
"8","Residuals                ",126,3.60210107873379e-28,2.85881037994745e-30,NA,NA,"NoError_anova"
