"","Fixed_effect","Df","Sum Sq","Mean Sq","F value","Pr(>F)","data_class"
"1","exp_env_factor           ",4,26.4301455227379,6.60753638068448,13.123349153495,5.70337643601411e-10,"Raw_anova"
"2","gen_factor               ",4,36.4744281634448,9.1186070408612,18.1106326316349,1.56340469655156e-13,"Raw_anova"
"3","exp_env_factor:gen_factor",16,134.872291031032,8.4295181894395,16.7420206295242,2.26031393766253e-34,"Raw_anova"
"4","Residuals                ",350,176.223135282785,0.503494672236529,NA,NA,"Raw_anova"
"5","exp_env_factor           ",4,72.7862731222021,18.1965682805505,1.12720588715796e+29,0,"NoError_anova"
"6","gen_factor               ",4,36.8048120339173,9.20120300847933,5.69978362963044e+28,0,"NoError_anova"
"7","exp_env_factor:gen_factor",16,264.408914843879,16.5255571777424,1.02369331690015e+29,0,"NoError_anova"
"8","Residuals                ",350,5.6500759717024e-26,1.6143074204864e-28,NA,NA,"NoError_anova"
