"","Fixed_effect","Df","Sum Sq","Mean Sq","F value","Pr(>F)","data_class"
"1","exp_env_factor           ",4,4.47477300687527,1.11869325171882,2.56253825319862,0.042951658027474,"Raw_anova"
"2","gen_factor               ",4,55.9437054333361,13.985926358334,32.0369066717657,3.57159186529022e-17,"Raw_anova"
"3","exp_env_factor:gen_factor",16,19.9258512367237,1.24536570229523,2.85270090478317,0.000749897857929265,"Raw_anova"
"4","Residuals                ",100,43.655670323065,0.43655670323065,NA,NA,"Raw_anova"
"5","exp_env_factor           ",4,2.38497018623303,0.596242546558257,2.69559049057656e+29,0,"NoError_anova"
"6","gen_factor               ",4,93.3170236516369,23.3292559129092,1.05470702743486e+31,0,"NoError_anova"
"7","exp_env_factor:gen_factor",16,28.2980061621301,1.76862538513313,7.99588992277886e+29,0,"NoError_anova"
"8","Residuals                ",100,2.21191812570435e-28,2.21191812570435e-30,NA,NA,"NoError_anova"
