"","Fixed_effect","Df","Sum Sq","Mean Sq","F value","Pr(>F)","data_class"
"1","exp_env_factor           ",2,8.51030575817069,4.25515287908534,5.00745958543056,0.00890396535259531,"Raw_anova"
"2","gen_factor               ",2,3.01726001518873,1.50863000759436,1.77535426036688,0.175952154234848,"Raw_anova"
"3","exp_env_factor:gen_factor",4,8.6416474123568,2.1604118530892,2.54237047402036,0.045865535748154,"Raw_anova"
"4","Residuals                ",81,68.8307868142838,0.849762800176343,NA,NA,"Raw_anova"
"5","exp_env_factor           ",2,41.019496454277,20.5097482271385,9.17409097717644e+30,0,"NoError_anova"
"6","gen_factor               ",2,15.8468810443856,7.92344052219281,3.54418608155605e+30,0,"NoError_anova"
"7","exp_env_factor:gen_factor",4,32.1336225013374,8.03340562533435,3.59337390431051e+30,0,"NoError_anova"
"8","Residuals                ",81,1.8108492825406e-28,2.23561639819828e-30,NA,NA,"NoError_anova"
