"","Fixed_effect","Df","Sum Sq","Mean Sq","F value","Pr(>F)","data_class"
"1","exp_env_factor           ",2,18.9782212401864,9.48911062009319,26.9484253079744,7.01527053524638e-08,"Raw_anova"
"2","gen_factor               ",2,2.30064991743665,1.15032495871833,3.26684422502972,0.0496878485357109,"Raw_anova"
"3","exp_env_factor:gen_factor",4,10.0447672954829,2.51119182387072,7.1316130677494,0.000245672662246302,"Raw_anova"
"4","Residuals                ",36,12.6763615468941,0.352121154080391,NA,NA,"Raw_anova"
"5","exp_env_factor           ",2,29.660066029296,14.830033014648,8.68589124271799e+31,0,"NoError_anova"
"6","gen_factor               ",2,1.7875910224818,0.893795511240902,5.23492469382899e+30,0,"NoError_anova"
"7","exp_env_factor:gen_factor",4,12.5523429482222,3.13808573705554,1.83796431170898e+31,0,"NoError_anova"
"8","Residuals                ",36,6.14653319513894e-30,1.70737033198304e-31,NA,NA,"NoError_anova"
