"","Fixed_effect","Df","Sum Sq","Mean Sq","F value","Pr(>F)","data_class"
"1","exp_env_factor           ",6,42.8315285057805,7.13858808429676,12.3633543414274,6.97199571206596e-13,"Raw_anova"
"2","gen_factor               ",6,165.075903219882,27.5126505366471,47.6492891086793,5.38641395577213e-45,"Raw_anova"
"3","exp_env_factor:gen_factor",36,26.4596217263203,0.734989492397786,1.27293176527846,0.138726105076782,"Raw_anova"
"4","Residuals                ",441,254.632946548017,0.577398971764211,NA,NA,"Raw_anova"
"5","exp_env_factor           ",6,96.7784171925081,16.1297361987513,4.11124493167816e+29,0,"NoError_anova"
"6","gen_factor               ",6,390.94729929475,65.1578832157916,1.66078362242861e+30,0,"NoError_anova"
"7","exp_env_factor:gen_factor",36,1.27428351274241,0.0353967642428448,9.02214182538632e+26,0,"NoError_anova"
"8","Residuals                ",441,1.73018484227011e-26,3.92332163780069e-29,NA,NA,"NoError_anova"
