"","row","aov_coefs"
"(Intercept)",7638,-0.762105519404429
"exp_env_factorE_2",7638,1.29637383162785
"gen_factorG_2",7638,0.342456121522884
"exp_env_factorE_2:gen_factorG_2",7638,-0.229237828683762
