"","Fixed_effect","Df","Sum Sq","Mean Sq","F value","Pr(>F)","data_class"
"1","exp_env_factor           ",9,263.891389650007,29.3212655166674,605.714843309989,0,"Raw_anova"
"2","gen_factor               ",9,101.281240104951,11.2534711227724,232.472725092607,7.86273508480385e-228,"Raw_anova"
"3","exp_env_factor:gen_factor",81,590.260435644606,7.28716587215563,150.537313333818,0,"Raw_anova"
"4","Residuals                ",900,43.5669346004377,0.0484077051115975,NA,NA,"Raw_anova"
"5","exp_env_factor           ",9,277.905905701954,30.8784339668838,1.49108368239583e+29,0,"NoError_anova"
"6","gen_factor               ",9,103.583965039575,11.5093294488417,5.55772140351763e+28,0,"NoError_anova"
"7","exp_env_factor:gen_factor",81,617.510129258472,7.62358184269718,3.6813390534138e+28,0,"NoError_anova"
"8","Residuals                ",900,1.86378476931237e-25,2.07087196590263e-28,NA,NA,"NoError_anova"
