"","Fixed_effect","Df","Sum Sq","Mean Sq","F value","Pr(>F)","data_class"
"1","exp_env_factor           ",2,4.35538706883296,2.17769353441648,3.07185949839549,0.0498210931099628,"Raw_anova"
"2","gen_factor               ",2,9.18433706237363,4.59216853118681,6.47772347110308,0.00209982493950342,"Raw_anova"
"3","exp_env_factor:gen_factor",4,31.1367291767011,7.78418229417528,10.9803854122254,1.13591280878612e-07,"Raw_anova"
"4","Residuals                ",126,89.3235466920923,0.708917037238828,NA,NA,"Raw_anova"
"5","exp_env_factor           ",2,12.6723590132954,6.33617950664771,1.09332962984717e+30,0,"NoError_anova"
"6","gen_factor               ",2,19.322331420759,9.66116571037952,1.66706746848621e+30,0,"NoError_anova"
"7","exp_env_factor:gen_factor",4,102.005309565946,25.5013273914864,4.40034200550871e+30,0,"NoError_anova"
"8","Residuals                ",126,7.30208526361083e-28,5.7953057647705e-30,NA,NA,"NoError_anova"
