"","Fixed_effect","Df","Sum Sq","Mean Sq","F value","Pr(>F)","data_class"
"1","exp_env_factor           ",2,7.27240181390781,3.63620090695391,4.47058931593276,0.0143986242547708,"Raw_anova"
"2","gen_factor               ",2,7.9215870671314,3.9607935335657,4.86966526517035,0.0100675234425403,"Raw_anova"
"3","exp_env_factor:gen_factor",4,7.92380797997385,1.98095199499346,2.43551526739271,0.0537763132573946,"Raw_anova"
"4","Residuals                ",81,65.8822031389869,0.813360532580086,NA,NA,"Raw_anova"
"5","exp_env_factor           ",2,45.3735043252931,22.6867521626466,7.48556574568259e+30,0,"NoError_anova"
"6","gen_factor               ",2,30.1290342734647,15.0645171367323,4.97058515231812e+30,0,"NoError_anova"
"7","exp_env_factor:gen_factor",4,13.4974614012422,3.37436535031056,1.11338253702492e+30,0,"NoError_anova"
"8","Residuals                ",81,2.45489384183721e-28,3.03073313807062e-30,NA,NA,"NoError_anova"
