"","Fixed_effect","Df","Sum Sq","Mean Sq","F value","Pr(>F)","data_class"
"1","exp_env_factor           ",4,36.813076065258,9.2032690163145,17.4643794826017,1.70180398989568e-12,"Raw_anova"
"2","gen_factor               ",4,84.3482691582858,21.0870672895715,40.0154059027723,2.67596317163343e-25,"Raw_anova"
"3","exp_env_factor:gen_factor",16,9.26956786823438,0.579347991764649,1.0993868768505,0.356658050358069,"Raw_anova"
"4","Residuals                ",225,118.569086908222,0.526973719592097,NA,NA,"Raw_anova"
"5","exp_env_factor           ",4,61.3333375788044,15.3333343947011,2.05458564455961e+30,0,"NoError_anova"
"6","gen_factor               ",4,177.115085753882,44.2787714384705,5.93312099080397e+30,0,"NoError_anova"
"7","exp_env_factor:gen_factor",16,10.5515766673136,0.659473541707101,8.836596378062e+28,0,"NoError_anova"
"8","Residuals                ",225,1.67917080893809e-27,7.46298137305817e-30,NA,NA,"NoError_anova"
