"","row","aov_coefs"
"(Intercept)",26569,0.223333146410135
"exp_env_factorE_2",26569,0.212812612737314
"gen_factorG_2",26569,0.55509345280656
"exp_env_factorE_2:gen_factorG_2",26569,-2.42914471672829
