"","Fixed_effect","Df","Sum Sq","Mean Sq","F value","Pr(>F)","data_class"
"1","exp_env_factor           ",9,127.397589369563,14.1552877077292,92.6255198274576,2.42323427915418e-135,"Raw_anova"
"2","gen_factor               ",9,391.049440414467,43.4499378238297,284.315879726372,1.68563040564175e-308,"Raw_anova"
"3","exp_env_factor:gen_factor",81,766.601104383133,9.46421116522387,61.9293296636439,0,"Raw_anova"
"4","Residuals                ",1400,213.951865832836,0.152822761309169,NA,NA,"Raw_anova"
"5","exp_env_factor           ",9,160.305755820545,17.8117506467272,4.46225401361901e+28,0,"NoError_anova"
"6","gen_factor               ",9,453.976658508119,50.4418509453465,1.26368461079148e+29,0,"NoError_anova"
"7","exp_env_factor:gen_factor",81,884.717585671335,10.9224393292757,2.73632276255373e+28,0,"NoError_anova"
"8","Residuals                ",1400,5.58830824720217e-25,3.99164874800155e-28,NA,NA,"NoError_anova"
