"","Fixed_effect","Df","Sum Sq","Mean Sq","F value","Pr(>F)","data_class"
"1","exp_env_factor           ",1,4.67541751555357,4.67541751555357,5.89249106894358,0.0203356058998743,"Raw_anova"
"2","gen_factor               ",1,5.03808254621294,5.03808254621294,6.34956264534705,0.0163181814576247,"Raw_anova"
"3","exp_env_factor:gen_factor",1,0.722174835216502,0.722174835216502,0.910166579256869,0.346432682064624,"Raw_anova"
"4","Residuals                ",36,28.564325103017,0.793453475083805,NA,NA,"Raw_anova"
"5","exp_env_factor           ",1,15.1975024930401,15.1975024930401,4.75552095935239e+31,0,"NoError_anova"
"6","gen_factor               ",1,23.2068239810087,23.2068239810087,7.26175487664698e+31,0,"NoError_anova"
"7","exp_env_factor:gen_factor",1,0.595673525951172,0.595673525951172,1.86394964494293e+30,0,"NoError_anova"
"8","Residuals                ",36,1.15047351157916e-29,3.19575975438655e-31,NA,NA,"NoError_anova"
