"","Fixed_effect","Df","Sum Sq","Mean Sq","F value","Pr(>F)","data_class"
"1","exp_env_factor           ",2,5.85719176005593,2.92859588002796,5.88832932259443,0.00409614014955156,"Raw_anova"
"2","gen_factor               ",2,15.8632348816592,7.93161744082962,15.9475658184674,1.44642888297398e-06,"Raw_anova"
"3","exp_env_factor:gen_factor",4,26.9937378884463,6.74843447211157,13.568619984319,1.64502324715935e-08,"Raw_anova"
"4","Residuals                ",81,40.2858354698386,0.497355993454797,NA,NA,"Raw_anova"
"5","exp_env_factor           ",2,15.4226961775921,7.71134808879605,9.70720865209413e+29,0,"NoError_anova"
"6","gen_factor               ",2,25.0171960251371,12.5085980125685,1.57460886806019e+30,0,"NoError_anova"
"7","exp_env_factor:gen_factor",4,48.5601077972706,12.1400269493176,1.52821236030432e+30,0,"NoError_anova"
"8","Residuals                ",81,6.43459121544411e-28,7.94393977215323e-30,NA,NA,"NoError_anova"
