"","Fixed_effect","Df","Sum Sq","Mean Sq","F value","Pr(>F)","data_class"
"1","exp_env_factor           ",4,85.6989402932638,21.424735073316,38.7884990639435,7.09785104301303e-27,"Raw_anova"
"2","gen_factor               ",4,28.1113458446945,7.02783646117361,12.7235752070184,1.11551833446621e-09,"Raw_anova"
"3","exp_env_factor:gen_factor",16,66.8680474758557,4.17925296724098,7.56634559321625,2.58336228407321e-15,"Raw_anova"
"4","Residuals                ",350,193.321666386186,0.552347618246246,NA,NA,"Raw_anova"
"5","exp_env_factor           ",4,176.31922409343,44.0798060233575,5.0963811849073e+29,0,"NoError_anova"
"6","gen_factor               ",4,64.2369567425268,16.0592391856317,1.85672333463108e+29,0,"NoError_anova"
"7","exp_env_factor:gen_factor",16,133.443819164043,8.34023869775268,9.64274560426591e+28,0,"NoError_anova"
"8","Residuals                ",350,3.02723276545017e-26,8.64923647271478e-29,NA,NA,"NoError_anova"
