"","row","aov_coefs"
"(Intercept)",2370,0.249067705256024
"exp_env_factorE_2",2370,0.198362081133582
"gen_factorG_2",2370,-0.622343063230442
"exp_env_factorE_2:gen_factorG_2",2370,-0.148308856830376
