"","Fixed_effect","Df","Sum Sq","Mean Sq","F value","Pr(>F)","data_class"
"1","exp_env_factor           ",2,11.8122725772758,5.90613628863789,6.95236660481114,0.00136742230846092,"Raw_anova"
"2","gen_factor               ",2,4.56054362097445,2.28027181048723,2.68420585139931,0.0721796124842094,"Raw_anova"
"3","exp_env_factor:gen_factor",4,10.5883559221331,2.64708898053329,3.11600209152429,0.0175110453400535,"Raw_anova"
"4","Residuals                ",126,107.038827879617,0.849514506981084,NA,NA,"Raw_anova"
"5","exp_env_factor           ",2,109.364774768417,54.6823873842086,1.23490203741766e+31,0,"NoError_anova"
"6","gen_factor               ",2,4.55224449118539,2.2761222455927,5.14020717264037e+29,0,"NoError_anova"
"7","exp_env_factor:gen_factor",4,20.0829807403979,5.02074518509948,1.13384377585254e+30,0,"NoError_anova"
"8","Residuals                ",126,5.57937439703162e-28,4.42807491827906e-30,NA,NA,"NoError_anova"
