"","Fixed_effect","Df","Sum Sq","Mean Sq","F value","Pr(>F)","data_class"
"1","exp_env_factor           ",4,42.9842810166519,10.746070254163,26.6130846724482,4.39444514909052e-18,"Raw_anova"
"2","gen_factor               ",4,93.3721458424586,23.3430364606147,57.8099892467874,1.67825418334646e-33,"Raw_anova"
"3","exp_env_factor:gen_factor",16,21.7910531513591,1.36194082195994,3.37290242446,2.42986439492095e-05,"Raw_anova"
"4","Residuals                ",225,90.8525199895305,0.403788977731247,NA,NA,"Raw_anova"
"5","exp_env_factor           ",4,54.2001138053247,13.5500284513312,1.4328799304127e+30,0,"NoError_anova"
"6","gen_factor               ",4,153.407141730447,38.3517854326118,4.05560060919907e+30,0,"NoError_anova"
"7","exp_env_factor:gen_factor",16,41.3927444642277,2.58704652901423,2.73573377634063e+29,0,"NoError_anova"
"8","Residuals                ",225,2.12771240411708e-27,9.45649957385371e-30,NA,NA,"NoError_anova"
