"","Fixed_effect","Df","Sum Sq","Mean Sq","F value","Pr(>F)","data_class"
"1","exp_env_factor           ",4,18.8520843494949,4.71302108737373,28.0658451918918,3.12416423574939e-20,"Raw_anova"
"2","gen_factor               ",4,211.89957852465,52.9748946311626,315.463301396659,1.17443070580176e-114,"Raw_anova"
"3","exp_env_factor:gen_factor",16,84.4737885846489,5.27961178654055,31.4398693167961,5.83933452308929e-58,"Raw_anova"
"4","Residuals                ",350,58.7745485412056,0.167927281546302,NA,NA,"Raw_anova"
"5","exp_env_factor           ",4,20.0595596446517,5.01488991116293,3.12101749667197e+29,0,"NoError_anova"
"6","gen_factor               ",4,244.583682887459,61.1459207218647,3.80541730334421e+30,0,"NoError_anova"
"7","exp_env_factor:gen_factor",16,109.356757467889,6.83479734174308,4.25363716206495e+29,0,"NoError_anova"
"8","Residuals                ",350,5.62384373294496e-27,1.60681249512713e-29,NA,NA,"NoError_anova"
