"","Fixed_effect","Df","Sum Sq","Mean Sq","F value","Pr(>F)","data_class"
"1","exp_env_factor           ",9,290.466497167341,32.2740552408157,829.627323153194,0,"Raw_anova"
"2","gen_factor               ",9,198.749397083201,22.0832663425779,567.665916339582,0,"Raw_anova"
"3","exp_env_factor:gen_factor",81,955.321486117535,11.7940924212041,303.17545320585,0,"Raw_anova"
"4","Residuals                ",1400,54.4626196319219,0.0389018711656585,NA,NA,"Raw_anova"
"5","exp_env_factor           ",9,302.024633638578,33.5582926265087,3.25293596533025e+28,0,"NoError_anova"
"6","gen_factor               ",9,207.150317815719,23.0167019795243,2.23109853965988e+28,0,"NoError_anova"
"7","exp_env_factor:gen_factor",81,989.825048545704,12.2200623277247,1.18453822090557e+28,0,"NoError_anova"
"8","Residuals                ",1400,1.44428326219273e-24,1.03163090156623e-27,NA,NA,"NoError_anova"
