"","Fixed_effect","Df","Sum Sq","Mean Sq","F value","Pr(>F)","data_class"
"1","exp_env_factor           ",6,33.1496643894082,5.52494406490136,14.0176657873889,2.97541709107186e-13,"Raw_anova"
"2","gen_factor               ",6,19.1669282936524,3.19448804894207,8.10492654873192,7.83284206375739e-08,"Raw_anova"
"3","exp_env_factor:gen_factor",36,114.431669891804,3.17865749699456,8.06476190926709,3.21211125477119e-23,"Raw_anova"
"4","Residuals                ",196,77.2517374251353,0.39414151747518,NA,NA,"Raw_anova"
"5","exp_env_factor           ",6,49.8745475267833,8.31242458779721,5.22231777951321e+29,0,"NoError_anova"
"6","gen_factor               ",6,28.8563666382977,4.80939443971628,3.02152348282273e+29,0,"NoError_anova"
"7","exp_env_factor:gen_factor",36,165.269085834919,4.59080793985886,2.88419554047451e+29,0,"NoError_anova"
"8","Residuals                ",196,3.11975503597201e-27,1.59171175304695e-29,NA,NA,"NoError_anova"
