"","Fixed_effect","Df","Sum Sq","Mean Sq","F value","Pr(>F)","data_class"
"1","exp_env_factor           ",6,103.58125448043,17.2635424134049,60.7385617861356,2.44710604207959e-60,"Raw_anova"
"2","gen_factor               ",6,95.0949332144188,15.8491555357365,55.7623047294114,4.31869691216869e-56,"Raw_anova"
"3","exp_env_factor:gen_factor",36,340.344054020867,9.45400150057965,33.2621451912036,9.09800928936095e-126,"Raw_anova"
"4","Residuals                ",686,194.979758284284,0.284227052892542,NA,NA,"Raw_anova"
"5","exp_env_factor           ",6,111.594183483287,18.5990305805479,7.80392881772897e+28,0,"NoError_anova"
"6","gen_factor               ",6,158.348525634724,26.3914209391207,1.10735217900563e+29,0,"NoError_anova"
"7","exp_env_factor:gen_factor",36,464.057290881989,12.8904803022775,5.40868999971006e+28,0,"NoError_anova"
"8","Residuals                ",686,1.6349373855474e-25,2.38329064948601e-28,NA,NA,"NoError_anova"
