"","Fixed_effect","Df","Sum Sq","Mean Sq","F value","Pr(>F)","data_class"
"1","exp_env_factor           ",6,34.9808500281567,5.83014167135944,57.6406413617216,1.07403266750845e-40,"Raw_anova"
"2","gen_factor               ",6,88.896740004459,14.8161233340765,146.482006717927,1.22756105909493e-69,"Raw_anova"
"3","exp_env_factor:gen_factor",36,100.297721334664,2.78604781485177,27.5447136561664,8.85261534453549e-59,"Raw_anova"
"4","Residuals                ",196,19.8246886327207,0.101146370575105,NA,NA,"Raw_anova"
"5","exp_env_factor           ",6,34.8128797771138,5.80214662951897,4.71845540117405e+29,0,"NoError_anova"
"6","gen_factor               ",6,99.6152694349217,16.6025449058203,1.35016180538335e+30,0,"NoError_anova"
"7","exp_env_factor:gen_factor",36,109.571850787965,3.04366252188791,2.47518492426374e+29,0,"NoError_anova"
"8","Residuals                ",196,2.41015468558366e-27,1.22967075795085e-29,NA,NA,"NoError_anova"
