"","Fixed_effect","Df","Sum Sq","Mean Sq","F value","Pr(>F)","data_class"
"1","exp_env_factor           ",2,43.8250689773231,21.9125344886616,67.9874424304738,9.39692755344946e-21,"Raw_anova"
"2","gen_factor               ",2,9.74025042738309,4.87012521369154,15.1104089655344,1.31157515350568e-06,"Raw_anova"
"3","exp_env_factor:gen_factor",4,39.8245436807478,9.95613592018695,30.8906401518243,6.43861811191364e-18,"Raw_anova"
"4","Residuals                ",126,40.610136914546,0.322302673924968,NA,NA,"Raw_anova"
"5","exp_env_factor           ",2,68.7133585874863,34.3566792937431,4.33184221486252e+30,0,"NoError_anova"
"6","gen_factor               ",2,11.5497726040197,5.77488630200984,7.28123229116421e+29,0,"NoError_anova"
"7","exp_env_factor:gen_factor",4,53.7368688084936,13.4342172021234,1.69384557518597e+30,0,"NoError_anova"
"8","Residuals                ",126,9.99330394851195e-28,7.93119360993012e-30,NA,NA,"NoError_anova"
