"","Fixed_effect","Df","Sum Sq","Mean Sq","F value","Pr(>F)","data_class"
"1","exp_env_factor           ",4,65.7503763230289,16.4375940807572,78.9551616992844,1.1186894597051e-47,"Raw_anova"
"2","gen_factor               ",4,54.0642572363829,13.5160643090957,64.9220949136262,4.96812480783239e-41,"Raw_anova"
"3","exp_env_factor:gen_factor",16,181.319225653276,11.3324516033298,54.4334860925704,1.22475440676896e-84,"Raw_anova"
"4","Residuals                ",350,72.8661407873118,0.208188973678034,NA,NA,"Raw_anova"
"5","exp_env_factor           ",4,77.5465199081042,19.386629977026,7.911156111053e+29,0,"NoError_anova"
"6","gen_factor               ",4,64.838343919715,16.2095859799287,6.61469091506455e+29,0,"NoError_anova"
"7","exp_env_factor:gen_factor",16,231.61513617218,14.4759460107613,5.90723962246248e+29,0,"NoError_anova"
"8","Residuals                ",350,8.57690127297458e-27,2.45054322084988e-29,NA,NA,"NoError_anova"
