"","Fixed_effect","Df","Sum Sq","Mean Sq","F value","Pr(>F)","data_class"
"1","exp_env_factor           ",4,4.56862386453419,1.14215596613355,1.69612393409574,0.151808663074792,"Raw_anova"
"2","gen_factor               ",4,65.6161784570624,16.4040446142656,24.3603268828671,9.20168915385591e-17,"Raw_anova"
"3","exp_env_factor:gen_factor",16,27.3020404060513,1.70637752537821,2.53400397775326,0.00132040444295071,"Raw_anova"
"4","Residuals                ",225,151.513157272352,0.673391810099343,NA,NA,"Raw_anova"
"5","exp_env_factor           ",4,23.3196797408173,5.82991993520432,3.80421814781353e+29,0,"NoError_anova"
"6","gen_factor               ",4,151.019789580709,37.7549473951774,2.46363685345269e+30,0,"NoError_anova"
"7","exp_env_factor:gen_factor",16,74.6605306784725,4.66628316740453,3.04490615747281e+29,0,"NoError_anova"
"8","Residuals                ",225,3.44809875368185e-27,1.53248833496971e-29,NA,NA,"NoError_anova"
