"","Fixed_effect","Df","Sum Sq","Mean Sq","F value","Pr(>F)","data_class"
"1","exp_env_factor           ",2,8.50980972845499,4.2549048642275,5.00546270756753,0.00809459682890463,"Raw_anova"
"2","gen_factor               ",2,16.2757431952642,8.13787159763209,9.57337804268765,0.000134735578567827,"Raw_anova"
"3","exp_env_factor:gen_factor",4,2.10786288734402,0.526965721836006,0.61992156181744,0.649121173549192,"Raw_anova"
"4","Residuals                ",126,107.106584188937,0.850052255467752,NA,NA,"Raw_anova"
"5","exp_env_factor           ",2,61.3971464977168,30.6985732488584,8.41628955529277e+30,0,"NoError_anova"
"6","gen_factor               ",2,71.3632055843553,35.6816027921776,9.78243185640809e+30,0,"NoError_anova"
"7","exp_env_factor:gen_factor",4,1.23964791792764,0.30991197948191,8.49651524463176e+28,0,"NoError_anova"
"8","Residuals                ",126,4.59587351878082e-28,3.64751866569906e-30,NA,NA,"NoError_anova"
