"","Fixed_effect","Df","Sum Sq","Mean Sq","F value","Pr(>F)","data_class"
"1","exp_env_factor           ",1,0.698227328207613,0.698227328207613,0.66909284148824,0.425382722889775,"Raw_anova"
"2","gen_factor               ",1,0.413012110613155,0.413012110613155,0.395778617500693,0.538156764777539,"Raw_anova"
"3","exp_env_factor:gen_factor",1,1.19206832565461,1.19206832565461,1.14232765037694,0.301021500334185,"Raw_anova"
"4","Residuals                ",16,16.6966922355246,1.04354326472029,NA,NA,"Raw_anova"
"5","exp_env_factor           ",1,15.86317757808,15.86317757808,1.19696751469638e+33,2.00170265804177e-256,"NoError_anova"
"6","gen_factor               ",1,3.04154742509433,3.04154742509433,2.29502156445442e+32,1.09588330972295e-250,"NoError_anova"
"7","exp_env_factor:gen_factor",1,0.0952749968257065,0.0952749968257065,7.18904365798411e+30,1.18219606468888e-238,"NoError_anova"
"8","Residuals                ",16,2.12044886877035e-31,1.32528054298147e-32,NA,NA,"NoError_anova"
