"","Fixed_effect","Df","Sum Sq","Mean Sq","F value","Pr(>F)","data_class"
"1","exp_env_factor           ",6,104.243180070339,17.3738633450564,80.1855990602553,1.56292386857504e-67,"Raw_anova"
"2","gen_factor               ",6,49.5705268921642,8.26175448202737,38.1304790577056,2.79553079826762e-37,"Raw_anova"
"3","exp_env_factor:gen_factor",36,239.634550268669,6.6565152852408,30.721817893926,8.58016366734382e-98,"Raw_anova"
"4","Residuals                ",441,95.5517427688279,0.216670618523419,NA,NA,"Raw_anova"
"5","exp_env_factor           ",6,132.726728071985,22.1211213453308,2.28759210808471e+29,0,"NoError_anova"
"6","gen_factor               ",6,74.7234092191181,12.4539015365197,1.28788438999363e+29,0,"NoError_anova"
"7","exp_env_factor:gen_factor",36,281.549862708897,7.8208295196916,8.0876857952315e+28,0,"NoError_anova"
"8","Residuals                ",441,4.26449036907136e-26,9.67004618837042e-29,NA,NA,"NoError_anova"
