"","row","aov_coefs"
"(Intercept)",21290,0.670249660996724
"exp_env_factorE_2",21290,0.107415995600287
"gen_factorG_2",21290,-1.55860135229537
"exp_env_factorE_2:gen_factorG_2",21290,0.22137206940326
