"","Fixed_effect","Df","Sum Sq","Mean Sq","F value","Pr(>F)","data_class"
"1","exp_env_factor           ",9,79.7513305814456,8.86125895349395,323.466016741599,5.64158816503236e-275,"Raw_anova"
"2","gen_factor               ",9,191.807587474863,21.3119541638736,777.958635285068,0,"Raw_anova"
"3","exp_env_factor:gen_factor",81,702.785839521378,8.67636838915281,316.716883836849,0,"Raw_anova"
"4","Residuals                ",900,24.6552424223145,0.0273947138025716,NA,NA,"Raw_anova"
"5","exp_env_factor           ",9,81.4399323167946,9.04888136853273,6.57642414331282e+28,0,"NoError_anova"
"6","gen_factor               ",9,195.531233402921,21.7256926003245,1.57895062967473e+29,0,"NoError_anova"
"7","exp_env_factor:gen_factor",81,722.028834280284,8.91393622568252,6.47835052964506e+28,0,"NoError_anova"
"8","Residuals                ",900,1.23836192043067e-25,1.37595768936741e-28,NA,NA,"NoError_anova"
