"","Fixed_effect","Df","Sum Sq","Mean Sq","F value","Pr(>F)","data_class"
"1","exp_env_factor           ",1,2.80639376800728,2.80639376800728,3.08948524877805,0.0842647280662523,"Raw_anova"
"2","gen_factor               ",1,2.58670163226779,2.58670163226779,2.84763194209771,0.097071602468682,"Raw_anova"
"3","exp_env_factor:gen_factor",1,2.73821989874887,2.73821989874887,3.01443442525249,0.0880254141365269,"Raw_anova"
"4","Residuals                ",56,50.868684700976,0.908369369660287,NA,NA,"Raw_anova"
"5","exp_env_factor           ",1,49.7873774434279,49.7873774434279,2.82064350014689e+31,0,"NoError_anova"
"6","gen_factor               ",1,9.00155224217505,9.00155224217505,5.09972027588195e+30,0,"NoError_anova"
"7","exp_env_factor:gen_factor",1,0.21107031439701,0.21107031439701,1.19579327321342e+29,0,"NoError_anova"
"8","Residuals                ",56,9.88459951314928e-29,1.76510705591952e-30,NA,NA,"NoError_anova"
