"","Fixed_effect","Df","Sum Sq","Mean Sq","F value","Pr(>F)","data_class"
"1","exp_env_factor           ",4,122.081709553943,30.5204273884858,63.5995210191272,6.68936207231526e-36,"Raw_anova"
"2","gen_factor               ",4,4.09736149485073,1.02434037371268,2.13455585989789,0.0774354656878842,"Raw_anova"
"3","exp_env_factor:gen_factor",16,14.8469056823189,0.92793160514493,1.93365593720329,0.0186633107677248,"Raw_anova"
"4","Residuals                ",225,107.974023268887,0.47988454786172,NA,NA,"Raw_anova"
"5","exp_env_factor           ",4,234.578009382274,58.6445023455686,4.63197802781368e+30,0,"NoError_anova"
"6","gen_factor               ",4,3.41684447215281,0.854211118038202,6.7469020481271e+28,0,"NoError_anova"
"7","exp_env_factor:gen_factor",16,11.0051461455723,0.687821634098269,5.43269116246296e+28,0,"NoError_anova"
"8","Residuals                ",225,2.84867781075832e-27,1.2660790270037e-29,NA,NA,"NoError_anova"
