"","Fixed_effect","Df","Sum Sq","Mean Sq","F value","Pr(>F)","data_class"
"1","exp_env_factor           ",1,2.28121439817237,2.28121439817237,2.70848890377171,0.119314316153601,"Raw_anova"
"2","gen_factor               ",1,3.05165062868289,3.05165062868289,3.62322886993765,0.0751258376994863,"Raw_anova"
"3","exp_env_factor:gen_factor",1,0.191196297549404,0.191196297549404,0.227007619612466,0.640193052162908,"Raw_anova"
"4","Residuals                ",16,13.4759386755953,0.842246167224708,NA,NA,"Raw_anova"
"5","exp_env_factor           ",1,12.353060339849,12.353060339849,1.64886263228507e+32,1.5437702626509e-249,"NoError_anova"
"6","gen_factor               ",1,2.80954603147633,2.80954603147633,3.75012777201633e+31,2.15620454728784e-244,"NoError_anova"
"7","exp_env_factor:gen_factor",1,3.83739362867466,3.83739362867466,5.12207889026452e+31,1.78028024227334e-245,"NoError_anova"
"8","Residuals                ",16,1.19869879738662e-30,7.49186748366635e-32,NA,NA,"NoError_anova"
