"","Fixed_effect","Df","Sum Sq","Mean Sq","F value","Pr(>F)","data_class"
"1","exp_env_factor           ",1,3.75396685096043,3.75396685096043,4.12185830660578,0.0497710892171223,"Raw_anova"
"2","gen_factor               ",1,2.34011099125119,2.34011099125119,2.56944355414339,0.117685174625224,"Raw_anova"
"3","exp_env_factor:gen_factor",1,0.119058422566656,0.119058422566656,0.130726233744498,0.719793753882754,"Raw_anova"
"4","Residuals                ",36,32.7868637352217,0.91074621486727,NA,NA,"Raw_anova"
"5","exp_env_factor           ",1,12.0586233511556,12.0586233511556,1.50124565563762e+31,0,"NoError_anova"
"6","gen_factor               ",1,15.2082683765102,15.2082683765102,1.89336263063719e+31,0,"NoError_anova"
"7","exp_env_factor:gen_factor",1,11.7331082723343,11.7331082723343,1.46072045771955e+31,0,"NoError_anova"
"8","Residuals                ",36,2.89166825570077e-29,8.03241182139103e-31,NA,NA,"NoError_anova"
