"","Fixed_effect","Df","Sum Sq","Mean Sq","F value","Pr(>F)","data_class"
"1","exp_env_factor           ",9,191.449064485968,21.2721182762187,841.309344751957,0,"Raw_anova"
"2","gen_factor               ",9,118.403770043275,13.1559744492528,520.316975477153,0,"Raw_anova"
"3","exp_env_factor:gen_factor",81,666.39108107918,8.22705038369357,325.378708301209,0,"Raw_anova"
"4","Residuals                ",900,22.7560843915758,0.025284538212862,NA,NA,"Raw_anova"
"5","exp_env_factor           ",9,191.025477221297,21.2250530245885,1.76316477862944e+29,0,"NoError_anova"
"6","gen_factor               ",9,121.437594739831,13.4930660822035,1.12086876034186e+29,0,"NoError_anova"
"7","exp_env_factor:gen_factor",81,686.536928038874,8.4757645436898,7.04081610447699e+28,0,"NoError_anova"
"8","Residuals                ",900,1.08342384975377e-25,1.20380427750419e-28,NA,NA,"NoError_anova"
