"","Fixed_effect","Df","Sum Sq","Mean Sq","F value","Pr(>F)","data_class"
"1","exp_env_factor           ",2,11.5054107015242,5.75270535076212,22.1537792033045,5.34354429172533e-07,"Raw_anova"
"2","gen_factor               ",2,16.9844607247004,8.49223036235022,32.7037428340009,8.020191669798e-09,"Raw_anova"
"3","exp_env_factor:gen_factor",4,6.16195412792073,1.54048853198018,5.93245103335432,0.000897891763343572,"Raw_anova"
"4","Residuals                ",36,9.3481744458546,0.25967151238485,NA,NA,"Raw_anova"
"5","exp_env_factor           ",2,10.741747342398,5.37087367119901,9.38360793599261e+30,0,"NoError_anova"
"6","gen_factor               ",2,26.541297141674,13.270648570837,2.31855319764531e+31,0,"NoError_anova"
"7","exp_env_factor:gen_factor",4,6.71695551592806,1.67923887898201,2.9338465649901e+30,0,"NoError_anova"
"8","Residuals                ",36,2.06052355855074e-29,5.72367655152982e-31,NA,NA,"NoError_anova"
