"","Fixed_effect","Df","Sum Sq","Mean Sq","F value","Pr(>F)","data_class"
"1","exp_env_factor           ",6,31.7323366648805,5.28872277748008,40.8345546715878,4.74783447455818e-32,"Raw_anova"
"2","gen_factor               ",6,56.7220953481214,9.45368255802024,72.9924659517225,2.61009242467888e-47,"Raw_anova"
"3","exp_env_factor:gen_factor",36,130.160457931975,3.61556827588821,27.9160255968194,3.06706799352536e-59,"Raw_anova"
"4","Residuals                ",196,25.3851100550226,0.129515867627666,NA,NA,"Raw_anova"
"5","exp_env_factor           ",6,26.6573094090389,4.44288490150649,3.9801712258065e+29,0,"NoError_anova"
"6","gen_factor               ",6,67.4396055552045,11.2399342592008,1.00693274550638e+30,0,"NoError_anova"
"7","exp_env_factor:gen_factor",36,149.903085035757,4.16397458432658,3.73030861544636e+29,0,"NoError_anova"
"8","Residuals                ",196,2.18785924346463e-27,1.11625471605339e-29,NA,NA,"NoError_anova"
