"","row","aov_coefs"
"(Intercept)",26862,0.736988803522994
"exp_env_factorE_2",26862,-0.719882173070338
"gen_factorG_2",26862,-1.07366180570346
"exp_env_factorE_2:gen_factorG_2",26862,0.63913274345563
