"","Fixed_effect","Df","Sum Sq","Mean Sq","F value","Pr(>F)","data_class"
"1","exp_env_factor           ",9,15.4382897919644,1.71536553244049,9.30650349847631,7.28363925838735e-13,"Raw_anova"
"2","gen_factor               ",9,61.7804009951741,6.86448899946379,37.2424359010362,8.97731856918979e-48,"Raw_anova"
"3","exp_env_factor:gen_factor",81,348.053704308556,4.29695931245131,23.3126211981444,4.40522725294206e-110,"Raw_anova"
"4","Residuals                ",400,73.7276049043053,0.184319012260763,NA,NA,"Raw_anova"
"5","exp_env_factor           ",9,18.3451014940645,2.03834461045161,1.0232129177785e+28,0,"NoError_anova"
"6","gen_factor               ",9,75.3249350444814,8.3694372271646,4.20130935733862e+28,0,"NoError_anova"
"7","exp_env_factor:gen_factor",81,405.329963461454,5.00407362298091,2.51195639162031e+28,0,"NoError_anova"
"8","Residuals                ",400,7.96840843204781e-26,1.99210210801195e-28,NA,NA,"NoError_anova"
