"","Fixed_effect","Df","Sum Sq","Mean Sq","F value","Pr(>F)","data_class"
"1","exp_env_factor           ",9,212.105278522789,23.5672531691988,59.1090896194648,4.88510659485656e-68,"Raw_anova"
"2","gen_factor               ",9,15.0423155456753,1.67136839396392,4.19196346204114,3.41436689969166e-05,"Raw_anova"
"3","exp_env_factor:gen_factor",81,112.369298876962,1.3872752947773,3.47942881324124,1.1850538735333e-16,"Raw_anova"
"4","Residuals                ",400,159.483107054574,0.398707767636435,NA,NA,"Raw_anova"
"5","exp_env_factor           ",9,334.224611693937,37.136067965993,3.91852458988364e+29,0,"NoError_anova"
"6","gen_factor               ",9,28.0649845454011,3.11833161615567,3.29040196945656e+28,0,"NoError_anova"
"7","exp_env_factor:gen_factor",81,136.710403760663,1.68778276247732,1.78091505627507e+28,0,"NoError_anova"
"8","Residuals                ",400,3.79082148029555e-26,9.47705370073888e-29,NA,NA,"NoError_anova"
