"","Fixed_effect","Df","Sum Sq","Mean Sq","F value","Pr(>F)","data_class"
"1","exp_env_factor           ",1,0.258631718679969,0.258631718679969,0.296649886035428,0.589348565567258,"Raw_anova"
"2","gen_factor               ",1,4.39346212701111,4.39346212701111,5.03928924855324,0.0310162274824495,"Raw_anova"
"3","exp_env_factor:gen_factor",1,2.96160765639904,2.96160765639904,3.39695602007562,0.0735627883170837,"Raw_anova"
"4","Residuals                ",36,31.3862984979099,0.871841624941941,NA,NA,"Raw_anova"
"5","exp_env_factor           ",1,0.0014902934734409,0.0014902934734409,6.57997119085218e+27,0,"NoError_anova"
"6","gen_factor               ",1,23.9376300165703,23.9376300165703,1.05689864911401e+32,0,"NoError_anova"
"7","exp_env_factor:gen_factor",1,15.0608796899563,15.0608796899563,6.64970733851454e+31,0,"NoError_anova"
"8","Residuals                ",36,8.1536170125578e-30,2.26489361459939e-31,NA,NA,"NoError_anova"
