"","Fixed_effect","Df","Sum Sq","Mean Sq","F value","Pr(>F)","data_class"
"1","exp_env_factor           ",9,305.085862266976,33.8984291407751,341.594351756048,0,"Raw_anova"
"2","gen_factor               ",9,136.517914491107,15.1686571656786,152.854505145404,5.78363759336322e-201,"Raw_anova"
"3","exp_env_factor:gen_factor",81,918.465937793352,11.3390856517698,114.263926409011,0,"Raw_anova"
"4","Residuals                ",1400,138.930285448565,0.0992359181775461,NA,NA,"Raw_anova"
"5","exp_env_factor           ",9,329.283289234875,36.5870321372084,3.78079587800159e+27,0,"NoError_anova"
"6","gen_factor               ",9,143.177188408062,15.9085764897846,1.6439453244496e+27,0,"NoError_anova"
"7","exp_env_factor:gen_factor",81,1026.53952235706,12.6733274365069,1.30962423934301e+27,0,"NoError_anova"
"8","Residuals                ",1400,1.35479001366151e-23,9.67707152615367e-27,NA,NA,"NoError_anova"
