"","row","aov_coefs"
"(Intercept)",18681,-0.205712595133902
"exp_env_factorE_2",18681,0.574979426152313
"gen_factorG_2",18681,0.265759994075302
"exp_env_factorE_2:gen_factorG_2",18681,-0.858628459919624
