"","Fixed_effect","Df","Sum Sq","Mean Sq","F value","Pr(>F)","data_class"
"1","exp_env_factor           ",1,0.208042584764232,0.208042584764232,0.717311474137249,0.409517172027696,"Raw_anova"
"2","gen_factor               ",1,6.29843232026269,6.29843232026269,21.7164085781829,0.000261395090889784,"Raw_anova"
"3","exp_env_factor:gen_factor",1,7.85302863528476,7.85302863528476,27.0765120189307,8.70194485922268e-05,"Raw_anova"
"4","Residuals                ",16,4.64049645968833,0.29003102873052,NA,NA,"Raw_anova"
"5","exp_env_factor           ",1,0.866675775206955,0.866675775206955,3.71903959088868e+31,2.30468759558232e-244,"NoError_anova"
"6","gen_factor               ",1,4.21569935622025,4.21569935622025,1.80902169618427e+32,7.35374004237941e-250,"NoError_anova"
"7","exp_env_factor:gen_factor",1,13.9176248685728,13.9176248685728,5.97226775895509e+32,5.21127886084898e-254,"NoError_anova"
"8","Residuals                ",16,3.72860037233369e-31,2.33037523270856e-32,NA,NA,"NoError_anova"
