"","Fixed_effect","Df","Sum Sq","Mean Sq","F value","Pr(>F)","data_class"
"1","exp_env_factor           ",1,0.13514334548802,0.13514334548802,0.183935198238106,0.67373150224147,"Raw_anova"
"2","gen_factor               ",1,6.97004967629175,6.97004967629175,9.48650090249409,0.00717386608756157,"Raw_anova"
"3","exp_env_factor:gen_factor",1,0.139071542476143,0.139071542476143,0.189281622726264,0.669326620648733,"Raw_anova"
"4","Residuals                ",16,11.7557354357441,0.734733464734005,NA,NA,"Raw_anova"
"5","exp_env_factor           ",1,0.855800307105566,0.855800307105566,4.86766451717637e+30,2.67604472667105e-237,"NoError_anova"
"6","gen_factor               ",1,18.0507679547456,18.0507679547456,1.02670076128239e+32,6.83136366062326e-248,"NoError_anova"
"7","exp_env_factor:gen_factor",1,0.0934317381488692,0.0934317381488692,5.31425792663642e+29,1.32592037873256e-229,"NoError_anova"
"8","Residuals                ",16,2.813013276772e-30,1.7581332979825e-31,NA,NA,"NoError_anova"
