"","Fixed_effect","Df","Sum Sq","Mean Sq","F value","Pr(>F)","data_class"
"1","exp_env_factor           ",2,6.72739332385486,3.36369666192743,9.5731113040916,0.000134766780568629,"Raw_anova"
"2","gen_factor               ",2,28.9581686493066,14.4790843246533,41.2076057244143,1.70134074656335e-14,"Raw_anova"
"3","exp_env_factor:gen_factor",4,54.0419161747515,13.5104790436879,38.4509462820317,5.28914835640919e-21,"Raw_anova"
"4","Residuals                ",126,44.272521852087,0.35136922104831,NA,NA,"Raw_anova"
"5","exp_env_factor           ",2,13.6467046734396,6.82335233671979,7.75110704524666e+29,0,"NoError_anova"
"6","gen_factor               ",2,40.5668401195217,20.2834200597608,2.30413076107528e+30,0,"NoError_anova"
"7","exp_env_factor:gen_factor",4,79.7864552070387,19.9466138017597,2.2658706620734e+30,0,"NoError_anova"
"8","Residuals                ",126,1.10918658381054e-27,8.80306812548046e-30,NA,NA,"NoError_anova"
