"","Fixed_effect","Df","Sum Sq","Mean Sq","F value","Pr(>F)","data_class"
"1","exp_env_factor           ",1,2.07579158504425,2.07579158504425,2.82417748060939,0.101512792906914,"Raw_anova"
"2","gen_factor               ",1,10.349866464719,10.349866464719,14.081307587703,0.000616570796199344,"Raw_anova"
"3","exp_env_factor:gen_factor",1,0.114072517924578,0.114072517924578,0.155199124324486,0.695939489965359,"Raw_anova"
"4","Residuals                ",36,26.4602694323122,0.735007484230893,NA,NA,"Raw_anova"
"5","exp_env_factor           ",1,11.6546671616568,11.6546671616568,1.33427247021941e+31,0,"NoError_anova"
"6","gen_factor               ",1,27.3329398677755,27.3329398677755,3.12918324392122e+31,0,"NoError_anova"
"7","exp_env_factor:gen_factor",1,0.0123929705676591,0.0123929705676591,1.41879636915485e+28,0,"NoError_anova"
"8","Residuals                ",36,3.14454526481125e-29,8.73484795780902e-31,NA,NA,"NoError_anova"
