"","row","aov_coefs"
"(Intercept)",5100,-0.553395255686601
"exp_env_factorE_2",5100,0.859965721529995
"gen_factorG_2",5100,0.365669986578858
"exp_env_factorE_2:gen_factorG_2",5100,-0.237690393471303
