"","Fixed_effect","Df","Sum Sq","Mean Sq","F value","Pr(>F)","data_class"
"1","exp_env_factor           ",6,120.38996012223,20.0649933537051,440.894299890964,1.49088481735715e-231,"Raw_anova"
"2","gen_factor               ",6,140.091366099322,23.3485610165536,513.045146907761,9.99530502228095e-250,"Raw_anova"
"3","exp_env_factor:gen_factor",36,442.298979071471,12.2860827519853,269.965893227608,0,"Raw_anova"
"4","Residuals                ",686,31.2196947069757,0.0455097590480695,NA,NA,"Raw_anova"
"5","exp_env_factor           ",6,135.080417822604,22.513402970434,1.93937906325989e+29,0,"NoError_anova"
"6","gen_factor               ",6,140.865227295813,23.4775378826354,2.02243283639836e+29,0,"NoError_anova"
"7","exp_env_factor:gen_factor",36,458.054354881583,12.723732080044,1.09606440372305e+29,0,"NoError_anova"
"8","Residuals                ",686,7.96347384082702e-26,1.16085624501852e-28,NA,NA,"NoError_anova"
