"","row","aov_coefs"
"(Intercept)",26657,-0.338286134895793
"exp_env_factorE_2",26657,0.572727798325761
"gen_factorG_2",26657,0.711121954501653
"exp_env_factorE_2:gen_factorG_2",26657,-1.21455496607166
