"","Fixed_effect","Df","Sum Sq","Mean Sq","F value","Pr(>F)","data_class"
"1","exp_env_factor           ",6,31.3442373249718,5.22403955416196,10.8507756962396,2.03166996197413e-10,"Raw_anova"
"2","gen_factor               ",6,35.4974247575529,5.91623745959216,12.2885297812457,1.00275260722274e-11,"Raw_anova"
"3","exp_env_factor:gen_factor",36,82.7953374021679,2.29987048339355,4.77702714287908,4.0616207602303e-13,"Raw_anova"
"4","Residuals                ",196,94.3630005153074,0.48144388018014,NA,NA,"Raw_anova"
"5","exp_env_factor           ",6,53.3908750379445,8.89847917299075,1.57200278053593e+30,0,"NoError_anova"
"6","gen_factor               ",6,70.3042132091904,11.7173688681984,2.06998702624172e+30,0,"NoError_anova"
"7","exp_env_factor:gen_factor",36,120.304911752865,3.34180310424626,5.90361978687768e+29,0,"NoError_anova"
"8","Residuals                ",196,1.10947762911182e-27,5.66060014852968e-30,NA,NA,"NoError_anova"
