"","row","aov_coefs"
"(Intercept)",13029,-0.363467309389476
"exp_env_factorE_2",13029,0.282479919115162
"gen_factorG_2",13029,0.173276317364374
"exp_env_factorE_2:gen_factorG_2",13029,0.542356764598834
