"","Fixed_effect","Df","Sum Sq","Mean Sq","F value","Pr(>F)","data_class"
"1","exp_env_factor           ",2,2.95629103520595,1.47814551760297,1.7398170945123,0.182048148871456,"Raw_anova"
"2","gen_factor               ",2,15.5405588970134,7.77027944850668,9.14582823724441,0.000262226539848133,"Raw_anova"
"3","exp_env_factor:gen_factor",4,1.68569373660051,0.421423434150128,0.496026734872126,0.738665153142639,"Raw_anova"
"4","Residuals                ",81,68.8174563311802,0.849598226310866,NA,NA,"Raw_anova"
"5","exp_env_factor           ",2,3.27149391574072,1.63574695787036,8.48306965590083e+29,0,"NoError_anova"
"6","gen_factor               ",2,82.2923695301803,41.1461847650901,2.13386275766798e+31,0,"NoError_anova"
"7","exp_env_factor:gen_factor",4,3.43613655407885,0.859034138519714,4.45499617089127e+29,0,"NoError_anova"
"8","Residuals                ",81,1.56188159430396e-28,1.92824888185674e-30,NA,NA,"NoError_anova"
