"","Fixed_effect","Df","Sum Sq","Mean Sq","F value","Pr(>F)","data_class"
"1","exp_env_factor           ",6,101.288025389094,16.881337564849,138.845724066079,8.59917424530891e-68,"Raw_anova"
"2","gen_factor               ",6,24.7818432188939,4.13030720314898,33.9709748729078,5.9644075854204e-28,"Raw_anova"
"3","exp_env_factor:gen_factor",36,94.099781664168,2.61388282400467,21.4986787586379,1.70957517707159e-50,"Raw_anova"
"4","Residuals                ",196,23.8303497278442,0.121583416978797,NA,NA,"Raw_anova"
"5","exp_env_factor           ",6,123.046380890126,20.5077301483543,1.31899071794196e+30,0,"NoError_anova"
"6","gen_factor               ",6,33.7497842141547,5.62496403569246,3.61779450878481e+29,0,"NoError_anova"
"7","exp_env_factor:gen_factor",36,87.2038348957197,2.42232874710332,1.55796331925581e+29,0,"NoError_anova"
"8","Residuals                ",196,3.0474172823211e-27,1.55480473587811e-29,NA,NA,"NoError_anova"
