"","Fixed_effect","Df","Sum Sq","Mean Sq","F value","Pr(>F)","data_class"
"1","exp_env_factor           ",2,30.5820841729256,15.2910420864628,53.132655303432,1.84641868078995e-17,"Raw_anova"
"2","gen_factor               ",2,18.0416779199724,9.02083895998618,31.345223190056,8.93510980499929e-12,"Raw_anova"
"3","exp_env_factor:gen_factor",4,49.1147092503579,12.2786773125895,42.6654197629511,1.38646477152169e-22,"Raw_anova"
"4","Residuals                ",126,36.2615286567442,0.28778990997416,NA,NA,"Raw_anova"
"5","exp_env_factor           ",2,43.4195387311427,21.7097693655714,2.96771651717248e+30,0,"NoError_anova"
"6","gen_factor               ",2,17.648861900127,8.8244309500635,1.20629607086856e+30,0,"NoError_anova"
"7","exp_env_factor:gen_factor",4,72.93159936873,18.2328998421825,2.49242988750528e+30,0,"NoError_anova"
"8","Residuals                ",126,9.21729189507696e-28,7.31531102783886e-30,NA,NA,"NoError_anova"
