"","Fixed_effect","Df","Sum Sq","Mean Sq","F value","Pr(>F)","data_class"
"1","exp_env_factor           ",6,79.3049902009886,13.2174983668314,25.5959429164669,4.10393834127518e-26,"Raw_anova"
"2","gen_factor               ",6,94.4368215020098,15.739470250335,30.4797905686884,1.30128428922662e-30,"Raw_anova"
"3","exp_env_factor:gen_factor",36,87.5300362693348,2.43138989637041,4.70843387061379,1.17340804809952e-15,"Raw_anova"
"4","Residuals                ",441,227.728152027667,0.516390367409675,NA,NA,"Raw_anova"
"5","exp_env_factor           ",6,134.338945928179,22.3898243213631,3.71060635542414e+29,0,"NoError_anova"
"6","gen_factor               ",6,206.260361331604,34.3767268886007,5.69716400810758e+29,0,"NoError_anova"
"7","exp_env_factor:gen_factor",36,148.400692740216,4.12224146500601,6.83168173144155e+28,0,"NoError_anova"
"8","Residuals                ",441,2.66099703928107e-26,6.0340068917938e-29,NA,NA,"NoError_anova"
