"","Fixed_effect","Df","Sum Sq","Mean Sq","F value","Pr(>F)","data_class"
"1","exp_env_factor           ",9,201.901436456915,22.4334929396573,561.940652118797,0,"Raw_anova"
"2","gen_factor               ",9,239.993624747313,26.665958305257,667.960448234046,0,"Raw_anova"
"3","exp_env_factor:gen_factor",81,1001.21489062591,12.3606776620483,309.624866922208,0,"Raw_anova"
"4","Residuals                ",1400,55.8900481698566,0.039921462978469,NA,NA,"Raw_anova"
"5","exp_env_factor           ",9,208.575802434166,23.1750891593518,1.50927769409104e+28,0,"NoError_anova"
"6","gen_factor               ",9,251.822343194522,27.9802603549469,1.82221447081425e+28,0,"NoError_anova"
"7","exp_env_factor:gen_factor",81,1038.60185437131,12.8222451156952,8.35048720124444e+27,0,"NoError_anova"
"8","Residuals                ",1400,2.14971207420066e-24,1.53550862442904e-27,NA,NA,"NoError_anova"
