"","Fixed_effect","Df","Sum Sq","Mean Sq","F value","Pr(>F)","data_class"
"1","exp_env_factor           ",2,0.371531172875407,0.185765586437704,0.197337507023975,0.821307007165087,"Raw_anova"
"2","gen_factor               ",2,6.05163894174399,3.025819470872,3.21430724891946,0.0453599558913911,"Raw_anova"
"3","exp_env_factor:gen_factor",4,6.32669006971008,1.58167251742752,1.68019985565062,0.162586283869508,"Raw_anova"
"4","Residuals                ",81,76.2501398156705,0.941359750810747,NA,NA,"Raw_anova"
"5","exp_env_factor           ",2,7.44955345340949,3.72477672670475,4.89725150954318e+30,0,"NoError_anova"
"6","gen_factor               ",2,73.6252457155997,36.8126228577999,4.84003971481254e+31,0,"NoError_anova"
"7","exp_env_factor:gen_factor",4,7.92520083099074,1.98130020774769,2.60496833640673e+30,0,"NoError_anova"
"8","Residuals                ",81,6.16073963681779e-29,7.60585140347875e-31,NA,NA,"NoError_anova"
