"","Fixed_effect","Df","Sum Sq","Mean Sq","F value","Pr(>F)","data_class"
"1","exp_env_factor           ",2,23.7198426534729,11.8599213267365,17.5280418942515,1.92213930303139e-07,"Raw_anova"
"2","gen_factor               ",2,20.3511965179843,10.1755982589922,15.0387433161639,1.38965752216725e-06,"Raw_anova"
"3","exp_env_factor:gen_factor",4,4.67413908722301,1.16853477180575,1.72700356695679,0.148082644305834,"Raw_anova"
"4","Residuals                ",126,85.2548217413197,0.676625569375553,NA,NA,"Raw_anova"
"5","exp_env_factor           ",2,66.9080828111743,33.4540414055871,7.17502902050027e+30,0,"NoError_anova"
"6","gen_factor               ",2,67.0781925250795,33.5390962625398,7.19327109354522e+30,0,"NoError_anova"
"7","exp_env_factor:gen_factor",4,0.0137246637459199,0.00343116593647997,7.35896595270077e+26,0,"NoError_anova"
"8","Residuals                ",126,5.87483228996066e-28,4.66256530949259e-30,NA,NA,"NoError_anova"
