"","row","aov_coefs"
"(Intercept)",26915,-0.333403831292064
"exp_env_factorE_2",26915,0.162723963112626
"gen_factorG_2",26915,0.508713280152719
"exp_env_factorE_2:gen_factorG_2",26915,-0.00925916136243686
