"","Fixed_effect","Df","Sum Sq","Mean Sq","F value","Pr(>F)","data_class"
"1","exp_env_factor           ",9,64.9441784889699,7.21601983210776,19.0297162774921,2.88725347265499e-30,"Raw_anova"
"2","gen_factor               ",9,417.930657986953,46.4367397763281,122.460581228356,1.33180612725395e-169,"Raw_anova"
"3","exp_env_factor:gen_factor",81,485.248737536593,5.99072515477275,15.7984321889622,5.49932547723772e-145,"Raw_anova"
"4","Residuals                ",1400,530.876425987484,0.379197447133917,NA,NA,"Raw_anova"
"5","exp_env_factor           ",9,99.0199926854446,11.0022214094938,2.75129148485327e+28,0,"NoError_anova"
"6","gen_factor               ",9,731.968727552314,81.3298586169237,2.0337906241732e+29,0,"NoError_anova"
"7","exp_env_factor:gen_factor",81,668.011279762238,8.24705283657084,2.06231499984294e+28,0,"NoError_anova"
"8","Residuals                ",1400,5.59850167024846e-25,3.99892976446319e-28,NA,NA,"NoError_anova"
