"","Fixed_effect","Df","Sum Sq","Mean Sq","F value","Pr(>F)","data_class"
"1","exp_env_factor           ",4,19.5868508239784,4.8967127059946,25.0485813241127,2.94032967136691e-18,"Raw_anova"
"2","gen_factor               ",4,73.6203496892713,18.4050874223178,94.1491479602112,2.805132373916e-54,"Raw_anova"
"3","exp_env_factor:gen_factor",16,212.371780949932,13.2732363093708,67.8977426473109,8.21374825628575e-97,"Raw_anova"
"4","Residuals                ",350,68.4210185368181,0.195488624390909,NA,NA,"Raw_anova"
"5","exp_env_factor           ",4,30.0507188208358,7.51267970520895,1.76862384491084e+29,0,"NoError_anova"
"6","gen_factor               ",4,85.6478199038855,21.4119549759714,5.04077048704779e+29,0,"NoError_anova"
"7","exp_env_factor:gen_factor",16,258.301461275279,16.1438413297049,3.80055903413215e+29,0,"NoError_anova"
"8","Residuals                ",350,1.4867140372382e-26,4.24775439210914e-29,NA,NA,"NoError_anova"
