"","Fixed_effect","Df","Sum Sq","Mean Sq","F value","Pr(>F)","data_class"
"1","exp_env_factor           ",4,20.5535271437382,5.13838178593454,6.31554964481607,6.45464193852612e-05,"Raw_anova"
"2","gen_factor               ",4,53.002265736858,13.2505664342145,16.2861798954464,3.02861149125921e-12,"Raw_anova"
"3","exp_env_factor:gen_factor",16,15.6814032115475,0.980087700721721,1.20461903923239,0.261780146511572,"Raw_anova"
"4","Residuals                ",350,284.762803907856,0.813608011165303,NA,NA,"Raw_anova"
"5","exp_env_factor           ",4,88.2678060887627,22.0669515221907,8.30971504281219e+29,0,"NoError_anova"
"6","gen_factor               ",4,273.99094242829,68.4977356070725,2.57940777818937e+30,0,"NoError_anova"
"7","exp_env_factor:gen_factor",16,11.7412514829462,0.733828217684138,2.76336465107011e+28,0,"NoError_anova"
"8","Residuals                ",350,9.29446195564481e-27,2.65556055875566e-29,NA,NA,"NoError_anova"
