"","Fixed_effect","Df","Sum Sq","Mean Sq","F value","Pr(>F)","data_class"
"1","exp_env_factor           ",4,48.399081118365,12.0997702795913,17.5639690711786,1.46811808439247e-12,"Raw_anova"
"2","gen_factor               ",4,16.0886447318311,4.02216118295778,5.83855007032018,0.000173245040771409,"Raw_anova"
"3","exp_env_factor:gen_factor",16,29.5103892184869,1.84439932615543,2.67732130205293,0.000678807071954772,"Raw_anova"
"4","Residuals                ",225,155.001884931317,0.688897266361408,NA,NA,"Raw_anova"
"5","exp_env_factor           ",4,163.9219813042,40.98049532605,1.77440430153896e+30,0,"NoError_anova"
"6","gen_factor               ",4,27.0152620929163,6.75381552322909,2.92431782995078e+29,0,"NoError_anova"
"7","exp_env_factor:gen_factor",16,58.0627566028834,3.62892228768021,1.57127805947167e+29,0,"NoError_anova"
"8","Residuals                ",225,5.19645463007734e-27,2.30953539114548e-29,NA,NA,"NoError_anova"
