"","Fixed_effect","Df","Sum Sq","Mean Sq","F value","Pr(>F)","data_class"
"1","exp_env_factor           ",1,1.7420575610432,1.7420575610432,1.7136455033533,0.209002767758074,"Raw_anova"
"2","gen_factor               ",1,0.010490482998634,0.010490482998634,0.0103193886474384,0.920348731044857,"Raw_anova"
"3","exp_env_factor:gen_factor",1,0.982173680988965,0.982173680988965,0.966154936310377,0.340271853923388,"Raw_anova"
"4","Residuals                ",16,16.2652782749692,1.01657989218558,NA,NA,"Raw_anova"
"5","exp_env_factor           ",1,1.72747548052006,1.72747548052006,7.40941959684053e+30,9.28506525451271e-239,"NoError_anova"
"6","gen_factor               ",1,17.1307876321698,17.1307876321698,7.3476697656455e+31,9.92799259863553e-247,"NoError_anova"
"7","exp_env_factor:gen_factor",1,0.141736887310196,0.141736887310196,6.07932258532075e+29,4.5208174103845e-230,"NoError_anova"
"8","Residuals                ",16,3.73033370928364e-30,2.33145856830227e-31,NA,NA,"NoError_anova"
