"","Fixed_effect","Df","Sum Sq","Mean Sq","F value","Pr(>F)","data_class"
"1","exp_env_factor           ",6,229.881098490714,38.313516415119,234.144816919851,2.60781430432342e-162,"Raw_anova"
"2","gen_factor               ",6,181.027208582982,30.1712014304971,184.384809753666,1.96971766444669e-139,"Raw_anova"
"3","exp_env_factor:gen_factor",36,210.840340936016,5.85667613711154,35.7918168362565,1.30810234516574e-132,"Raw_anova"
"4","Residuals                ",686,112.251351990287,0.163631708440652,NA,NA,"Raw_anova"
"5","exp_env_factor           ",6,286.60477158782,47.7674619313034,2.84093312802359e+29,0,"NoError_anova"
"6","gen_factor               ",6,204.482637797792,34.0804396329654,2.02690798414497e+29,0,"NoError_anova"
"7","exp_env_factor:gen_factor",36,242.912590614387,6.74757196151074,4.01306662404367e+28,0,"NoError_anova"
"8","Residuals                ",686,1.15344069741166e-25,1.68140043354469e-28,NA,NA,"NoError_anova"
