"","Fixed_effect","Df","Sum Sq","Mean Sq","F value","Pr(>F)","data_class"
"1","exp_env_factor           ",2,9.49178009986487,4.74589004993243,5.37017599249527,0.00645575410948122,"Raw_anova"
"2","gen_factor               ",2,2.60014374188206,1.30007187094103,1.47108649302681,0.235746287323453,"Raw_anova"
"3","exp_env_factor:gen_factor",4,5.3243711583157,1.33109278957892,1.50618797889809,0.208128236396889,"Raw_anova"
"4","Residuals                ",81,71.5837049999374,0.883749444443671,NA,NA,"Raw_anova"
"5","exp_env_factor           ",2,40.3618380478421,20.1809190239211,8.72916610320361e+30,0,"NoError_anova"
"6","gen_factor               ",2,9.63496020955398,4.81748010477699,2.08377943460508e+30,0,"NoError_anova"
"7","exp_env_factor:gen_factor",4,39.003201742604,9.75080043565099,4.21766503998637e+30,0,"NoError_anova"
"8","Residuals                ",81,1.87263527994694e-28,2.3118954073419e-30,NA,NA,"NoError_anova"
