"","Fixed_effect","Df","Sum Sq","Mean Sq","F value","Pr(>F)","data_class"
"1","exp_env_factor           ",1,1.31923921916031,1.31923921916031,1.35664262155982,0.249058043205922,"Raw_anova"
"2","gen_factor               ",1,0.00754807676603043,0.00754807676603043,0.00776208173838255,0.930109377355133,"Raw_anova"
"3","exp_env_factor:gen_factor",1,3.21716429536619,3.21716429536619,3.30837814724175,0.0742758640530114,"Raw_anova"
"4","Residuals                ",56,54.4560484087075,0.972429435869776,NA,NA,"Raw_anova"
"5","exp_env_factor           ",1,0.00880202850793261,0.00880202850793261,3.09205953215831e+28,0,"NoError_anova"
"6","gen_factor               ",1,58.9728940038131,58.9728940038131,2.0716554016965e+32,0,"NoError_anova"
"7","exp_env_factor:gen_factor",1,0.0183039676789829,0.0183039676789829,6.42999027861703e+28,0,"NoError_anova"
"8","Residuals                ",56,1.59412712244956e-29,2.84665557580278e-31,NA,NA,"NoError_anova"
