"","Fixed_effect","Df","Sum Sq","Mean Sq","F value","Pr(>F)","data_class"
"1","exp_env_factor           ",9,27.208542130049,3.02317134778323,18.8088156940896,3.36014991746502e-26,"Raw_anova"
"2","gen_factor               ",9,8.58058649130008,0.953398499033342,5.93161769162996,8.51265160245469e-08,"Raw_anova"
"3","exp_env_factor:gen_factor",81,398.918224846244,4.92491635612647,30.6406198640092,2.18785587855798e-129,"Raw_anova"
"4","Residuals                ",400,64.2926465324069,0.160731616331017,NA,NA,"Raw_anova"
"5","exp_env_factor           ",9,38.7702807890378,4.30780897655976,2.77391308179108e+28,0,"NoError_anova"
"6","gen_factor               ",9,12.5136237036973,1.39040263374414,8.95317335491453e+27,0,"NoError_anova"
"7","exp_env_factor:gen_factor",81,447.716095507265,5.5273592037934,3.55921399639345e+28,0,"NoError_anova"
"8","Residuals                ",400,6.21188746660838e-26,1.5529718666521e-28,NA,NA,"NoError_anova"
