"","Fixed_effect","Df","Sum Sq","Mean Sq","F value","Pr(>F)","data_class"
"1","exp_env_factor           ",4,86.6077985869339,21.6519496467335,114.659835323322,3.8548166116224e-53,"Raw_anova"
"2","gen_factor               ",4,2.5034790854854,0.625869771371349,3.3143493352854,0.0115808941465164,"Raw_anova"
"3","exp_env_factor:gen_factor",16,117.400534055047,7.33753337844043,38.8565640775118,1.21005745043105e-55,"Raw_anova"
"4","Residuals                ",225,42.4881882725338,0.188836392322373,NA,NA,"Raw_anova"
"5","exp_env_factor           ",4,120.399502776818,30.0998756942045,2.80513698721889e+30,0,"NoError_anova"
"6","gen_factor               ",4,2.77653823587147,0.694134558967867,6.4689387599117e+28,0,"NoError_anova"
"7","exp_env_factor:gen_factor",16,125.823958987311,7.86399743670692,7.32879773365593e+29,0,"NoError_anova"
"8","Residuals                ",225,2.41431062441998e-27,1.07302694418666e-29,NA,NA,"NoError_anova"
