"","Fixed_effect","Df","Sum Sq","Mean Sq","F value","Pr(>F)","data_class"
"1","exp_env_factor           ",2,10.2883276545498,5.1441638272749,32.9421196136482,7.37087233863622e-09,"Raw_anova"
"2","gen_factor               ",2,12.4396439355992,6.21982196779962,39.830403175047,7.51784089971825e-10,"Raw_anova"
"3","exp_env_factor:gen_factor",4,15.6503531820927,3.91258829552318,25.0553745871587,5.63152483855014e-10,"Raw_anova"
"4","Residuals                ",36,5.62167522775828,0.156157645215508,NA,NA,"Raw_anova"
"5","exp_env_factor           ",2,10.391120393469,5.19556019673452,3.69828254582115e+30,0,"NoError_anova"
"6","gen_factor               ",2,14.686449895477,7.34322494773849,5.22702454132442e+30,0,"NoError_anova"
"7","exp_env_factor:gen_factor",4,18.9224297110539,4.73060742776349,3.36732175526048e+30,0,"NoError_anova"
"8","Residuals                ",36,5.05748721913602e-29,1.40485756087112e-30,NA,NA,"NoError_anova"
