"","Fixed_effect","Df","Sum Sq","Mean Sq","F value","Pr(>F)","data_class"
"1","exp_env_factor           ",2,8.08041818147978,4.04020909073989,5.11071541182928,0.00812305936141405,"Raw_anova"
"2","gen_factor               ",2,10.8447375557181,5.42236877785903,6.85909641289161,0.00177047757033108,"Raw_anova"
"3","exp_env_factor:gen_factor",4,6.04135580197704,1.51033895049426,1.91052303928248,0.116580686923509,"Raw_anova"
"4","Residuals                ",81,64.0334884608251,0.790536894578088,NA,NA,"Raw_anova"
"5","exp_env_factor           ",2,42.03026303078,21.01513151539,5.51599617411793e+31,0,"NoError_anova"
"6","gen_factor               ",2,40.2763013047394,20.1381506523697,5.28580855518003e+31,0,"NoError_anova"
"7","exp_env_factor:gen_factor",4,6.69343566448061,1.67335891612015,4.39218825372818e+30,0,"NoError_anova"
"8","Residuals                ",81,3.08598048115723e-29,3.80985244587313e-31,NA,NA,"NoError_anova"
