"","Fixed_effect","Df","Sum Sq","Mean Sq","F value","Pr(>F)","data_class"
"1","exp_env_factor           ",1,0.836003849687972,0.836003849687972,1.05872684372871,0.310369688201363,"Raw_anova"
"2","gen_factor               ",1,9.73004076251335,9.73004076251335,12.3222582643517,0.0012232486362675,"Raw_anova"
"3","exp_env_factor:gen_factor",1,0.0072287330064273,0.0072287330064273,0.00915456750935872,0.924305752870256,"Raw_anova"
"4","Residuals                ",36,28.4267266547922,0.789631295966451,NA,NA,"Raw_anova"
"5","exp_env_factor           ",1,1.29892645802201,1.29892645802201,1.79904285438942e+31,0,"NoError_anova"
"6","gen_factor               ",1,32.8054347046178,32.8054347046178,4.54362774166244e+32,0,"NoError_anova"
"7","exp_env_factor:gen_factor",1,4.89563883736027,4.89563883736027,6.78057176650034e+31,0,"NoError_anova"
"8","Residuals                ",36,2.59923505294501e-30,7.2200973692917e-32,NA,NA,"NoError_anova"
