"","Fixed_effect","Df","Sum Sq","Mean Sq","F value","Pr(>F)","data_class"
"1","exp_env_factor           ",4,115.81542795461,28.9538569886525,287.064742305567,4.12021412882984e-109,"Raw_anova"
"2","gen_factor               ",4,77.7904925776939,19.4476231444235,192.814619779246,3.95847996931611e-87,"Raw_anova"
"3","exp_env_factor:gen_factor",16,145.092461217268,9.06827882607928,89.9079913734363,2.7207231405036e-113,"Raw_anova"
"4","Residuals                ",350,35.3016182504272,0.100861766429792,NA,NA,"Raw_anova"
"5","exp_env_factor           ",4,135.45785712316,33.8644642807901,1.36096278174713e+30,0,"NoError_anova"
"6","gen_factor               ",4,88.4768111253645,22.1192027813411,8.88938076731938e+29,0,"NoError_anova"
"7","exp_env_factor:gen_factor",16,150.065331751474,9.37908323446714,3.76931496780214e+29,0,"NoError_anova"
"8","Residuals                ",350,8.70895417364817e-27,2.48827262104233e-29,NA,NA,"NoError_anova"
