"","Fixed_effect","Df","Sum Sq","Mean Sq","F value","Pr(>F)","data_class"
"1","exp_env_factor           ",6,156.280610920669,26.0467684867782,554.452473080664,3.09640863610976e-259,"Raw_anova"
"2","gen_factor               ",6,109.618971121944,18.269828520324,388.906271079091,6.2339355208171e-217,"Raw_anova"
"3","exp_env_factor:gen_factor",36,435.873880879013,12.1076078021948,257.732282314612,0,"Raw_anova"
"4","Residuals                ",686,32.2265370783734,0.0469774592979204,NA,NA,"Raw_anova"
"5","exp_env_factor           ",6,152.913212877475,25.4855354795791,4.12794063402002e+29,0,"NoError_anova"
"6","gen_factor               ",6,114.551561964368,19.0919269940613,3.09235571226974e+29,0,"NoError_anova"
"7","exp_env_factor:gen_factor",36,466.535225158157,12.9593118099488,2.09904437174128e+29,0,"NoError_anova"
"8","Residuals                ",686,4.23530251256672e-26,6.17391036817307e-29,NA,NA,"NoError_anova"
