"","Fixed_effect","Df","Sum Sq","Mean Sq","F value","Pr(>F)","data_class"
"1","exp_env_factor           ",2,13.3268702456092,6.66343512280462,9.22191267643158,0.000182939930535386,"Raw_anova"
"2","gen_factor               ",2,24.5313492296856,12.2656746148428,16.9751754359387,2.96672249711725e-07,"Raw_anova"
"3","exp_env_factor:gen_factor",4,5.09853874481629,1.27463468620407,1.76404055174132,0.140193463669483,"Raw_anova"
"4","Residuals                ",126,91.0432417798888,0.722565410951499,NA,NA,"Raw_anova"
"5","exp_env_factor           ",2,35.5415359445765,17.7707679722883,8.52042668443408e+30,0,"NoError_anova"
"6","gen_factor               ",2,95.9375285566993,47.9687642783496,2.29992502188947e+31,0,"NoError_anova"
"7","exp_env_factor:gen_factor",4,2.52093549872431,0.630233874681078,3.0217385830712e+29,0,"NoError_anova"
"8","Residuals                ",126,2.62793971175053e-28,2.08566643789725e-30,NA,NA,"NoError_anova"
