"","Fixed_effect","Df","Sum Sq","Mean Sq","F value","Pr(>F)","data_class"
"1","exp_env_factor           ",4,16.4258062437883,4.10645156094708,5.33777614707791,0.00061505962090735,"Raw_anova"
"2","gen_factor               ",4,11.1612083775454,2.79030209438635,3.62697763300097,0.00838724574617905,"Raw_anova"
"3","exp_env_factor:gen_factor",16,19.481104988832,1.217569061802,1.58265865286569,0.0873383676570409,"Raw_anova"
"4","Residuals                ",100,76.9318803898343,0.769318803898343,NA,NA,"Raw_anova"
"5","exp_env_factor           ",4,43.1122093950077,10.7780523487519,8.37497810038752e+29,0,"NoError_anova"
"6","gen_factor               ",4,39.9259493910063,9.98148734775159,7.75601520959348e+29,0,"NoError_anova"
"7","exp_env_factor:gen_factor",16,40.9618412139861,2.56011507587413,1.98931189060337e+29,0,"NoError_anova"
"8","Residuals                ",100,1.28693498891098e-27,1.28693498891098e-29,NA,NA,"NoError_anova"
