"","Fixed_effect","Df","Sum Sq","Mean Sq","F value","Pr(>F)","data_class"
"1","exp_env_factor           ",1,0.495773332918324,0.495773332918324,0.466605441402768,0.498925773219791,"Raw_anova"
"2","gen_factor               ",1,0.173945745654061,0.173945745654061,0.163711974892401,0.688155820125154,"Raw_anova"
"3","exp_env_factor:gen_factor",1,0.0798911887163145,0.0798911887163145,0.0751909408998185,0.78549086572818,"Raw_anova"
"4","Residuals                ",36,38.2503897327113,1.06251082590865,NA,NA,"Raw_anova"
"5","exp_env_factor           ",1,17.7998050772793,17.7998050772793,1.11202787148076e+32,0,"NoError_anova"
"6","gen_factor               ",1,6.77912327586281,6.77912327586281,4.23520032620248e+31,0,"NoError_anova"
"7","exp_env_factor:gen_factor",1,14.4210716468579,14.4210716468579,9.00944338339802e+31,0,"NoError_anova"
"8","Residuals                ",36,5.7623823936066e-30,1.60066177600183e-31,NA,NA,"NoError_anova"
