"","Fixed_effect","Df","Sum Sq","Mean Sq","F value","Pr(>F)","data_class"
"1","exp_env_factor           ",4,10.0862465353334,2.52156163383334,3.37261530235022,0.0124052711784215,"Raw_anova"
"2","gen_factor               ",4,24.6680399311053,6.16700998277633,8.248440949682,8.62340418987168e-06,"Raw_anova"
"3","exp_env_factor:gen_factor",16,14.479948458719,0.90499677866994,1.21044274443526,0.273520931170034,"Raw_anova"
"4","Residuals                ",100,74.7657650748423,0.747657650748423,NA,NA,"Raw_anova"
"5","exp_env_factor           ",4,32.5294231709859,8.13235579274649,6.94561279846657e+30,0,"NoError_anova"
"6","gen_factor               ",4,85.9841367101765,21.4960341775441,1.83591488007686e+31,0,"NoError_anova"
"7","exp_env_factor:gen_factor",16,5.48644011883759,0.342902507427349,2.92863237284572e+29,0,"NoError_anova"
"8","Residuals                ",100,1.17086224480321e-28,1.17086224480321e-30,NA,NA,"NoError_anova"
