"","Fixed_effect","Df","Sum Sq","Mean Sq","F value","Pr(>F)","data_class"
"1","exp_env_factor           ",2,29.2280323777409,14.6140161888704,70.9418399579287,1.57207531319233e-18,"Raw_anova"
"2","gen_factor               ",2,26.1026665647758,13.0513332823879,63.3559991306068,2.73180137985776e-17,"Raw_anova"
"3","exp_env_factor:gen_factor",4,16.9833043029516,4.2458260757379,20.610810201756,9.62230849897746e-12,"Raw_anova"
"4","Residuals                ",81,16.6859967545317,0.20599995993249,NA,NA,"Raw_anova"
"5","exp_env_factor           ",2,39.739368717168,19.869684358584,5.46705182916213e+31,0,"NoError_anova"
"6","gen_factor               ",2,31.9440584830368,15.9720292415184,4.39463003560753e+31,0,"NoError_anova"
"7","exp_env_factor:gen_factor",4,17.3165727997951,4.32914319994877,1.1911437455603e+31,0,"NoError_anova"
"8","Residuals                ",81,2.94389825327843e-29,3.63444228799806e-31,NA,NA,"NoError_anova"
