"","Fixed_effect","Df","Sum Sq","Mean Sq","F value","Pr(>F)","data_class"
"1","exp_env_factor           ",4,31.3099072990044,7.8274768247511,35.2384458491979,2.42117082719366e-18,"Raw_anova"
"2","gen_factor               ",4,6.83773973686158,1.70943493421539,7.69568939145237,1.89941921980543e-05,"Raw_anova"
"3","exp_env_factor:gen_factor",16,63.6394640692927,3.9774665043308,17.9061198350231,1.49916494620229e-22,"Raw_anova"
"4","Residuals                ",100,22.2128888948412,0.222128888948412,NA,NA,"Raw_anova"
"5","exp_env_factor           ",4,45.3902127261319,11.347553181533,3.74170119441425e+30,0,"NoError_anova"
"6","gen_factor               ",4,13.459438409918,3.36485960247949,1.10951665017294e+30,0,"NoError_anova"
"7","exp_env_factor:gen_factor",16,65.1503488639501,4.07189680399688,1.34265254291484e+30,0,"NoError_anova"
"8","Residuals                ",100,3.03272564855608e-28,3.03272564855608e-30,NA,NA,"NoError_anova"
