"","Fixed_effect","Df","Sum Sq","Mean Sq","F value","Pr(>F)","data_class"
"1","exp_env_factor           ",6,88.7526977754622,14.7921162959104,19.3530680144463,6.53067390100343e-21,"Raw_anova"
"2","gen_factor               ",6,13.6164554929637,2.26940924882728,2.96915131456279,0.00720166862350834,"Raw_anova"
"3","exp_env_factor:gen_factor",36,107.300969348832,2.98058248191201,3.89960532632226,1.0833055045069e-12,"Raw_anova"
"4","Residuals                ",686,524.329877382742,0.764329267321782,NA,NA,"Raw_anova"
"5","exp_env_factor           ",6,386.947061158776,64.491176859796,2.54544812586158e+29,0,"NoError_anova"
"6","gen_factor               ",6,31.2675570127668,5.21125950212779,2.05686907558032e+28,0,"NoError_anova"
"7","exp_env_factor:gen_factor",36,315.785381828457,8.77181616190159,3.46221050644746e+28,0,"NoError_anova"
"8","Residuals                ",686,1.73804159968279e-25,2.53358833773001e-28,NA,NA,"NoError_anova"
