"","Fixed_effect","Df","Sum Sq","Mean Sq","F value","Pr(>F)","data_class"
"1","exp_env_factor           ",2,17.1366826320672,8.56834131603362,12.574792180379,1.04883225401761e-05,"Raw_anova"
"2","gen_factor               ",2,8.2365707253925,4.11828536269625,6.04394487396245,0.0031156021589828,"Raw_anova"
"3","exp_env_factor:gen_factor",4,22.7715698464735,5.69289246161838,8.35481885813061,5.1971765328733e-06,"Raw_anova"
"4","Residuals                ",126,85.8551767960667,0.681390292032276,NA,NA,"Raw_anova"
"5","exp_env_factor           ",2,77.0392737719573,38.5196368859787,1.21027888428451e+31,0,"NoError_anova"
"6","gen_factor               ",2,12.7562318511075,6.37811592555377,2.00399060070744e+30,0,"NoError_anova"
"7","exp_env_factor:gen_factor",4,44.2044943769352,11.0511235942338,3.4722397756008e+30,0,"NoError_anova"
"8","Residuals                ",126,4.01021145676071e-28,3.18270750536565e-30,NA,NA,"NoError_anova"
