"","Fixed_effect","Df","Sum Sq","Mean Sq","F value","Pr(>F)","data_class"
"1","exp_env_factor           ",9,158.606778684945,17.6229754094384,113.099534797734,2.54747528969476e-141,"Raw_anova"
"2","gen_factor               ",9,662.926254223913,73.6584726915459,472.720343856561,0,"Raw_anova"
"3","exp_env_factor:gen_factor",81,37.2305116816691,0.459635946687273,2.94982036454554,6.43689767787367e-15,"Raw_anova"
"4","Residuals                ",900,140.236455409473,0.155818283788303,NA,NA,"Raw_anova"
"5","exp_env_factor           ",9,196.692702628377,21.8547447364863,2.60872038332002e+29,0,"NoError_anova"
"6","gen_factor               ",9,778.719208277753,86.5243564753059,1.03280937440529e+30,0,"NoError_anova"
"7","exp_env_factor:gen_factor",81,23.588089093873,0.291210976467568,3.47607816662885e+27,0,"NoError_anova"
"8","Residuals                ",900,7.53981545458137e-26,8.37757272731264e-29,NA,NA,"NoError_anova"
