"","Fixed_effect","Df","Sum Sq","Mean Sq","F value","Pr(>F)","data_class"
"1","exp_env_factor           ",2,2.50495455942537,1.25247727971269,1.8360698485794,0.174061920782449,"Raw_anova"
"2","gen_factor               ",2,13.6673698754479,6.83368493772397,10.01784469234,0.000347600239686436,"Raw_anova"
"3","exp_env_factor:gen_factor",4,3.2702317921989,0.817557948049725,1.19849958334166,0.32825655982873,"Raw_anova"
"4","Residuals                ",36,24.5574437729278,0.682151215914661,NA,NA,"Raw_anova"
"5","exp_env_factor           ",2,1.54818624605272,0.77409312302636,8.82116490442851e+29,0,"NoError_anova"
"6","gen_factor               ",2,29.7740586879087,14.8870293439544,1.69644887512605e+31,0,"NoError_anova"
"7","exp_env_factor:gen_factor",4,12.6777550660385,3.16943876650964,3.6117285094287e+30,0,"NoError_anova"
"8","Residuals                ",36,3.15914652212869e-29,8.77540700591302e-31,NA,NA,"NoError_anova"
