"","Fixed_effect","Df","Sum Sq","Mean Sq","F value","Pr(>F)","data_class"
"1","exp_env_factor           ",9,63.6856541598485,7.07618379553872,136.289810156909,5.4175053407482e-116,"Raw_anova"
"2","gen_factor               ",9,41.5172782555431,4.61303091728256,88.84861192565,9.8668841479625e-90,"Raw_anova"
"3","exp_env_factor:gen_factor",81,373.029018124735,4.60529652005845,88.6996446913596,8.18244881960676e-212,"Raw_anova"
"4","Residuals                ",400,20.7680494598737,0.0519201236496843,NA,NA,"Raw_anova"
"5","exp_env_factor           ",9,62.768010985054,6.97422344278377,3.90776328340622e+28,0,"NoError_anova"
"6","gen_factor               ",9,44.678610498977,4.96429005544188,2.78156709001155e+28,0,"NoError_anova"
"7","exp_env_factor:gen_factor",81,391.553378515969,4.83399232735764,2.70855929467834e+28,0,"NoError_anova"
"8","Residuals                ",400,7.13883921515805e-26,1.78470980378951e-28,NA,NA,"NoError_anova"
