"","Fixed_effect","Df","Sum Sq","Mean Sq","F value","Pr(>F)","data_class"
"1","exp_env_factor           ",2,51.8389205287044,25.9194602643522,52.7015969230525,2.33386303997349e-17,"Raw_anova"
"2","gen_factor               ",2,14.9424189520807,7.47120947604035,15.1910829283547,1.22899254494411e-06,"Raw_anova"
"3","exp_env_factor:gen_factor",4,5.24991224624096,1.31247806156024,2.66863927972405,0.035267427830481,"Raw_anova"
"4","Residuals                ",126,61.9687482729739,0.49181546248392,NA,NA,"Raw_anova"
"5","exp_env_factor           ",2,116.034875713309,58.0174378566543,8.46906874309286e+31,0,"NoError_anova"
"6","gen_factor               ",2,10.5951079616761,5.29755398083804,7.7330799999843e+30,0,"NoError_anova"
"7","exp_env_factor:gen_factor",4,7.37001632501524,1.84250408125381,2.68958683803338e+30,0,"NoError_anova"
"8","Residuals                ",126,8.63164226397435e-29,6.85050973331297e-31,NA,NA,"NoError_anova"
