"","Fixed_effect","Df","Sum Sq","Mean Sq","F value","Pr(>F)","data_class"
"1","exp_env_factor           ",4,18.3087413987493,4.57718534968732,13.6692822592249,6.30879174746812e-09,"Raw_anova"
"2","gen_factor               ",4,9.66207358395477,2.41551839598869,7.21369143580237,3.81254806886845e-05,"Raw_anova"
"3","exp_env_factor:gen_factor",16,62.5439934550369,3.90899959093981,11.6738158229491,1.87895549317712e-16,"Raw_anova"
"4","Residuals                ",100,33.485191562259,0.33485191562259,NA,NA,"Raw_anova"
"5","exp_env_factor           ",4,21.3286376790894,5.33215941977236,1.29892724705096e+30,0,"NoError_anova"
"6","gen_factor               ",4,8.8188570414344,2.2047142603586,5.37073856817252e+29,0,"NoError_anova"
"7","exp_env_factor:gen_factor",16,93.852505279476,5.86578157996725,1.42891892752043e+30,0,"NoError_anova"
"8","Residuals                ",100,4.10504855593593e-28,4.10504855593593e-30,NA,NA,"NoError_anova"
