"","Fixed_effect","Df","Sum Sq","Mean Sq","F value","Pr(>F)","data_class"
"1","exp_env_factor           ",1,14.7995175962393,14.7995175962393,43.3310478453644,1.6893847168866e-08,"Raw_anova"
"2","gen_factor               ",1,21.8978906568178,21.8978906568178,64.1141538291928,7.52551639618146e-11,"Raw_anova"
"3","exp_env_factor:gen_factor",1,3.17605254237426,3.17605254237426,9.2990655795417,0.00349805703009133,"Raw_anova"
"4","Residuals                ",56,19.1265392045686,0.341545342938725,NA,NA,"Raw_anova"
"5","exp_env_factor           ",1,22.8412914003318,22.8412914003318,6.97299937072477e+30,0,"NoError_anova"
"6","gen_factor               ",1,30.4341383157017,30.4341383157017,9.29094697863083e+30,0,"NoError_anova"
"7","exp_env_factor:gen_factor",1,5.72457028396637,5.72457028396637,1.74759930549231e+30,0,"NoError_anova"
"8","Residuals                ",56,1.83437893855084e-28,3.27567667598365e-30,NA,NA,"NoError_anova"
