"","Fixed_effect","Df","Sum Sq","Mean Sq","F value","Pr(>F)","data_class"
"1","exp_env_factor           ",9,12.938586102353,1.43762067803923,2.31150042797222,0.0152929463634489,"Raw_anova"
"2","gen_factor               ",9,37.094874263621,4.12165269595788,6.62706242070314,7.59656791161282e-09,"Raw_anova"
"3","exp_env_factor:gen_factor",81,200.189483719676,2.47147510765032,3.97379910871075,2.49408678668643e-20,"Raw_anova"
"4","Residuals                ",400,248.77705591435,0.621942639785876,NA,NA,"Raw_anova"
"5","exp_env_factor           ",9,22.5663820923653,2.50737578804059,1.61142149849852e+28,0,"NoError_anova"
"6","gen_factor               ",9,93.2400186238391,10.3600020693155,6.65808856359342e+28,0,"NoError_anova"
"7","exp_env_factor:gen_factor",81,383.193599283796,4.73078517634316,3.04034559729667e+28,0,"NoError_anova"
"8","Residuals                ",400,6.2240097711912e-26,1.5560024427978e-28,NA,NA,"NoError_anova"
