"","Fixed_effect","Df","Sum Sq","Mean Sq","F value","Pr(>F)","data_class"
"1","exp_env_factor           ",6,74.4630709139891,12.4105118189982,72.5902320152593,5.34901987663627e-70,"Raw_anova"
"2","gen_factor               ",6,92.0019176432084,15.3336529405347,89.6879549230976,6.27024959864479e-83,"Raw_anova"
"3","exp_env_factor:gen_factor",36,450.251860921351,12.5069961367042,73.1545777175366,1.45972003886631e-208,"Raw_anova"
"4","Residuals                ",686,117.283150521452,0.170966691722233,NA,NA,"Raw_anova"
"5","exp_env_factor           ",6,87.840825695093,14.6401376158488,1.25242638057552e+28,0,"NoError_anova"
"6","gen_factor               ",6,117.076311010056,19.512718501676,1.66926323027095e+28,0,"NoError_anova"
"7","exp_env_factor:gen_factor",36,529.082863294851,14.6967462026348,1.25726910059074e+28,0,"NoError_anova"
"8","Residuals                ",686,8.01894191964978e-25,1.16894197079443e-27,NA,NA,"NoError_anova"
