"","Fixed_effect","Df","Sum Sq","Mean Sq","F value","Pr(>F)","data_class"
"1","exp_env_factor           ",2,0.229074161083511,0.114537080541756,0.115289019902689,0.891254518572573,"Raw_anova"
"2","gen_factor               ",2,3.39785288188616,1.69892644094308,1.71007994386312,0.187315348794018,"Raw_anova"
"3","exp_env_factor:gen_factor",4,4.90137208115346,1.22534302028836,1.23338743388125,0.30329385809345,"Raw_anova"
"4","Residuals                ",81,80.4717008758769,0.993477788591073,NA,NA,"Raw_anova"
"5","exp_env_factor           ",2,16.2733032806678,8.13665164033391,1.03239501389528e+31,0,"NoError_anova"
"6","gen_factor               ",2,40.1273083222234,20.0636541611117,2.54571750543828e+31,0,"NoError_anova"
"7","exp_env_factor:gen_factor",4,32.5993883971088,8.14984709927721,1.03406928073394e+31,0,"NoError_anova"
"8","Residuals                ",81,6.38388188625924e-29,7.88133566204845e-31,NA,NA,"NoError_anova"
