"","row","aov_coefs"
"(Intercept)",26957,0.892457895346836
"exp_env_factorE_2",26957,-0.551422721851575
"gen_factorG_2",26957,-0.905245683755317
"exp_env_factorE_2:gen_factorG_2",26957,-0.656494770173562
