"","Fixed_effect","Df","Sum Sq","Mean Sq","F value","Pr(>F)","data_class"
"1","exp_env_factor           ",9,7.92941876501528,0.881046529446143,1.66935145183335,0.0943636127963525,"Raw_anova"
"2","gen_factor               ",9,241.678682490186,26.853186943354,50.8797266796121,6.02781635528248e-61,"Raw_anova"
"3","exp_env_factor:gen_factor",81,38.2808044384346,0.472602523931292,0.895457485044251,0.723742021507119,"Raw_anova"
"4","Residuals                ",400,211.111094306364,0.52777773576591,NA,NA,"Raw_anova"
"5","exp_env_factor           ",9,0.127230610341868,0.0141367344824298,8.74003382747292e+26,0,"NoError_anova"
"6","gen_factor               ",9,497.317406711308,55.2574896345898,3.4162934108142e+30,0,"NoError_anova"
"7","exp_env_factor:gen_factor",81,1.55536267834976,0.0192020083746883,1.18716385993371e+27,0,"NoError_anova"
"8","Residuals                ",400,6.46987632381615e-27,1.61746908095404e-29,NA,NA,"NoError_anova"
