"","Fixed_effect","Df","Sum Sq","Mean Sq","F value","Pr(>F)","data_class"
"1","exp_env_factor           ",1,6.72438640561887,6.72438640561887,7.3254347419599,0.00899499985524563,"Raw_anova"
"2","gen_factor               ",1,0.866238521289106,0.866238521289106,0.943665841893448,0.335514176655106,"Raw_anova"
"3","exp_env_factor:gen_factor",1,0.00414767304457154,0.00414767304457154,0.00451840605019465,0.946646711260224,"Raw_anova"
"4","Residuals                ",56,51.4052274000475,0.917950489286562,NA,NA,"Raw_anova"
"5","exp_env_factor           ",1,40.2808541196067,40.2808541196067,6.2411589484625e+31,0,"NoError_anova"
"6","gen_factor               ",1,10.2279666540113,10.2279666540113,1.58473217617764e+31,0,"NoError_anova"
"7","exp_env_factor:gen_factor",1,8.49117922638202,8.49117922638202,1.31563246038365e+31,0,"NoError_anova"
"8","Residuals                ",56,3.61427717083487e-29,6.45406637649083e-31,NA,NA,"NoError_anova"
