"","Fixed_effect","Df","Sum Sq","Mean Sq","F value","Pr(>F)","data_class"
"1","exp_env_factor           ",9,48.528460250464,5.39205113894044,34.3733457355049,2.65950414810479e-52,"Raw_anova"
"2","gen_factor               ",9,552.172779012163,61.3525310013514,391.111231239572,7.11248054054323e-304,"Raw_anova"
"3","exp_env_factor:gen_factor",81,257.118264012151,3.17429955570557,20.2355825797616,1.822409246445e-152,"Raw_anova"
"4","Residuals                ",900,141.180496725223,0.156867218583581,NA,NA,"Raw_anova"
"5","exp_env_factor           ",9,50.3864452735503,5.59849391928337,6.09520653353492e+28,0,"NoError_anova"
"6","gen_factor               ",9,651.350827974114,72.372314219346,7.87933699378324e+29,0,"NoError_anova"
"7","exp_env_factor:gen_factor",81,297.262726752333,3.66991020681893,3.99551397082745e+28,0,"NoError_anova"
"8","Residuals                ",900,8.26656898274596e-26,9.18507664749552e-29,NA,NA,"NoError_anova"
