"","Fixed_effect","Df","Sum Sq","Mean Sq","F value","Pr(>F)","data_class"
"1","exp_env_factor           ",9,313.58434916172,34.8427054624133,490.821274725525,0,"Raw_anova"
"2","gen_factor               ",9,450.789367502822,50.0877075003136,705.574154392326,0,"Raw_anova"
"3","exp_env_factor:gen_factor",81,635.242270947939,7.84249717219677,110.475475655625,0,"Raw_anova"
"4","Residuals                ",1400,99.3840123875173,0.0709885802767981,NA,NA,"Raw_anova"
"5","exp_env_factor           ",9,338.471420779429,37.6079356421587,3.96740357524946e+28,0,"NoError_anova"
"6","gen_factor               ",9,470.089031888795,52.2321146543106,5.51016360999219e+28,0,"NoError_anova"
"7","exp_env_factor:gen_factor",81,690.439547331775,8.52394502878735,8.99223246503608e+27,0,"NoError_anova"
"8","Residuals                ",1400,1.32709236407117e-24,9.47923117193695e-28,NA,NA,"NoError_anova"
