"","row","aov_coefs"
"(Intercept)",26889,0.16286987781164
"exp_env_factorE_2",26889,0.0383212543261434
"gen_factorG_2",26889,-0.193857194917265
"exp_env_factorE_2:gen_factorG_2",26889,-0.340407630064318
