"","Fixed_effect","Df","Sum Sq","Mean Sq","F value","Pr(>F)","data_class"
"1","exp_env_factor           ",2,0.809630599898068,0.404815299949034,0.405976138529394,0.669338348411401,"Raw_anova"
"2","gen_factor               ",2,5.15829130749144,2.57914565374572,2.58654154955206,0.0892080436541198,"Raw_anova"
"3","exp_env_factor:gen_factor",4,2.13501564220228,0.533753910550571,0.535284490377626,0.710652061773181,"Raw_anova"
"4","Residuals                ",36,35.8970624504082,0.99714062362245,NA,NA,"Raw_anova"
"5","exp_env_factor           ",2,7.59961240625574,3.79980620312787,1.71127423225379e+31,0,"NoError_anova"
"6","gen_factor               ",2,34.1524473482071,17.0762236741035,7.69041893074467e+31,0,"NoError_anova"
"7","exp_env_factor:gen_factor",4,2.24794024553718,0.561985061384294,2.5309463247543e+30,0,"NoError_anova"
"8","Residuals                ",36,7.99363542875552e-30,2.22045428576542e-31,NA,NA,"NoError_anova"
