"","Fixed_effect","Df","Sum Sq","Mean Sq","F value","Pr(>F)","data_class"
"1","exp_env_factor           ",6,56.2325875802064,9.3720979300344,34.917857678924,1.53621999092389e-28,"Raw_anova"
"2","gen_factor               ",6,50.6253060180343,8.43755100300572,31.4359930168308,2.47310528402621e-26,"Raw_anova"
"3","exp_env_factor:gen_factor",36,84.5348928900468,2.34819146916797,8.74871519006518,4.33287512092932e-25,"Raw_anova"
"4","Residuals                ",196,52.6072135117125,0.268404150569962,NA,NA,"Raw_anova"
"5","exp_env_factor           ",6,60.4251797908755,10.0708632984792,2.03449838383359e+30,0,"NoError_anova"
"6","gen_factor               ",6,69.8449580593857,11.6408263432309,2.35165960254541e+30,0,"NoError_anova"
"7","exp_env_factor:gen_factor",36,113.729862149739,3.15916283749275,6.38208611978348e+29,0,"NoError_anova"
"8","Residuals                ",196,9.70209277228596e-28,4.95004733279896e-30,NA,NA,"NoError_anova"
