"","Fixed_effect","Df","Sum Sq","Mean Sq","F value","Pr(>F)","data_class"
"1","exp_env_factor           ",2,2.6161728969296,1.3080864484648,3.20157168159566,0.0458984124276368,"Raw_anova"
"2","gen_factor               ",2,6.21297078379531,3.10648539189765,7.60319447668199,0.000941639674002309,"Raw_anova"
"3","exp_env_factor:gen_factor",4,47.0761725629392,11.7690431407348,28.8050038918113,6.78683600855595e-15,"Raw_anova"
"4","Residuals                ",81,33.0946837563358,0.408576342670813,NA,NA,"Raw_anova"
"5","exp_env_factor           ",2,4.21254232041504,2.10627116020752,3.80803331678739e+29,0,"NoError_anova"
"6","gen_factor               ",2,4.49252089725315,2.24626044862657,4.06112697555476e+29,0,"NoError_anova"
"7","exp_env_factor:gen_factor",4,80.2949367823318,20.073734195583,3.62923112908135e+30,0,"NoError_anova"
"8","Residuals                ",81,4.48021195677828e-28,5.53112587256578e-30,NA,NA,"NoError_anova"
