"","Fixed_effect","Df","Sum Sq","Mean Sq","F value","Pr(>F)","data_class"
"1","exp_env_factor           ",2,0.582378870730642,0.291189435365321,0.405226099769838,0.6676919117699,"Raw_anova"
"2","gen_factor               ",2,9.45721231568027,4.72860615784014,6.58044007772886,0.00191321082255404,"Raw_anova"
"3","exp_env_factor:gen_factor",4,33.4186868542441,8.35467171356102,11.6265585978293,4.56599157289091e-08,"Raw_anova"
"4","Residuals                ",126,90.541721959345,0.718585094915437,NA,NA,"Raw_anova"
"5","exp_env_factor           ",2,4.77157460474723,2.38578730237362,2.34370620627595e+29,0,"NoError_anova"
"6","gen_factor               ",2,35.2213350851156,17.6106675425578,1.73000463096989e+30,0,"NoError_anova"
"7","exp_env_factor:gen_factor",4,94.0070903101372,23.5017725775343,2.30872426027471e+30,0,"NoError_anova"
"8","Residuals                ",126,1.28262321998426e-27,1.01795493649544e-29,NA,NA,"NoError_anova"
