"","Fixed_effect","Df","Sum Sq","Mean Sq","F value","Pr(>F)","data_class"
"1","exp_env_factor           ",9,83.9316187070147,9.32573541189052,96.7254218827092,1.11897333235997e-94,"Raw_anova"
"2","gen_factor               ",9,49.3281150688769,5.48090167431966,56.8472622620488,3.81567094142763e-66,"Raw_anova"
"3","exp_env_factor:gen_factor",81,327.17445702785,4.03919082750432,41.8940083113427,1.31056061244056e-152,"Raw_anova"
"4","Residuals                ",400,38.5658091962589,0.0964145229906472,NA,NA,"Raw_anova"
"5","exp_env_factor           ",9,88.9217805915747,9.8801978435083,9.50865006648572e+28,0,"NoError_anova"
"6","gen_factor               ",9,56.0145018803779,6.22383354226421,5.98978443172882e+28,0,"NoError_anova"
"7","exp_env_factor:gen_factor",81,354.063717528048,4.37115700651911,4.20677834786138e+28,0,"NoError_anova"
"8","Residuals                ",400,4.15629885395915e-26,1.03907471348979e-28,NA,NA,"NoError_anova"
