"","Fixed_effect","Df","Sum Sq","Mean Sq","F value","Pr(>F)","data_class"
"1","exp_env_factor           ",9,96.4636349496912,10.7181816610768,53.2453291039665,2.15569017039141e-83,"Raw_anova"
"2","gen_factor               ",9,230.965355054055,25.6628172282284,127.486656996508,5.14509030501791e-175,"Raw_anova"
"3","exp_env_factor:gen_factor",81,889.753720517059,10.9846138335439,54.5688995709997,0,"Raw_anova"
"4","Residuals                ",1400,281.817289479194,0.20129806391371,NA,NA,"Raw_anova"
"5","exp_env_factor           ",9,125.985066609038,13.9983407343375,2.52633090584562e+28,0,"NoError_anova"
"6","gen_factor               ",9,298.176256197549,33.130695133061,5.97921572529591e+28,0,"NoError_anova"
"7","exp_env_factor:gen_factor",81,1074.83867719341,13.2696132986841,2.3948148442232e+28,0,"NoError_anova"
"8","Residuals                ",1400,7.75736740690852e-25,5.54097671922037e-28,NA,NA,"NoError_anova"
