"","Fixed_effect","Df","Sum Sq","Mean Sq","F value","Pr(>F)","data_class"
"1","exp_env_factor           ",9,83.1542475912061,9.23936084346734,41.4965437804726,4.26429885307727e-52,"Raw_anova"
"2","gen_factor               ",9,45.3163044113213,5.03514493459126,22.614238772482,4.36669627996555e-31,"Raw_anova"
"3","exp_env_factor:gen_factor",81,281.467950323393,3.47491296695547,15.6068023004593,7.9088431363261e-84,"Raw_anova"
"4","Residuals                ",400,89.0614976740803,0.222653744185201,NA,NA,"Raw_anova"
"5","exp_env_factor           ",9,126.73817810783,14.0820197897589,4.11954682069963e+29,0,"NoError_anova"
"6","gen_factor               ",9,53.0266444226792,5.89184938029769,1.72359858493439e+29,0,"NoError_anova"
"7","exp_env_factor:gen_factor",81,319.235177469491,3.94117503048755,1.15294931473348e+29,0,"NoError_anova"
"8","Residuals                ",400,1.36733678753211e-26,3.41834196883028e-29,NA,NA,"NoError_anova"
