"","row","aov_coefs"
"(Intercept)",1297,0.748638603882265
"exp_env_factorE_2",1297,0.152120608305037
"exp_env_factorE_3",1297,-0.960598404822675
"exp_env_factorE_4",1297,0.115853657202141
"exp_env_factorE_5",1297,0.655424298913427
"gen_factorG_2",1297,0.199506044234087
"gen_factorG_3",1297,-1.02935373446656
"gen_factorG_4",1297,-1.13053736415979
"gen_factorG_5",1297,-2.1284038387916
"exp_env_factorE_2:gen_factorG_2",1297,-0.66940922242047
"exp_env_factorE_3:gen_factorG_2",1297,0.838861876263668
"exp_env_factorE_4:gen_factorG_2",1297,-0.63846519066068
"exp_env_factorE_5:gen_factorG_2",1297,-1.99598075072618
"exp_env_factorE_2:gen_factorG_3",1297,0.786494421180408
"exp_env_factorE_3:gen_factorG_3",1297,1.05555089310999
"exp_env_factorE_4:gen_factorG_3",1297,-0.069082935436053
"exp_env_factorE_5:gen_factorG_3",1297,-0.627052369499443
"exp_env_factorE_2:gen_factorG_4",1297,-0.241310689567817
"exp_env_factorE_3:gen_factorG_4",1297,1.35893634137316
"exp_env_factorE_4:gen_factorG_4",1297,0.722231061812768
"exp_env_factorE_5:gen_factorG_4",1297,-0.482861847102837
"exp_env_factorE_2:gen_factorG_5",1297,0.642519619897064
"exp_env_factorE_3:gen_factorG_5",1297,0.402699479965907
"exp_env_factorE_4:gen_factorG_5",1297,0.842132443545237
"exp_env_factorE_5:gen_factorG_5",1297,-0.0112845608616909
