"","Fixed_effect","Df","Sum Sq","Mean Sq","F value","Pr(>F)","data_class"
"1","exp_env_factor           ",9,793.621623079501,88.1801803421668,1068.52415102273,0,"Raw_anova"
"2","gen_factor               ",9,78.1475304301398,8.6830589366822,105.217046989436,2.86527414711067e-150,"Raw_anova"
"3","exp_env_factor:gen_factor",81,511.695551980752,6.31722903679941,76.5490812920735,0,"Raw_anova"
"4","Residuals                ",1400,115.535294509602,0.0825252103640015,NA,NA,"Raw_anova"
"5","exp_env_factor           ",9,866.5991309409,96.2887923267666,1.57524345966574e+29,0,"NoError_anova"
"6","gen_factor               ",9,84.0105268557146,9.33450298396829,1.52708476442683e+28,0,"NoError_anova"
"7","exp_env_factor:gen_factor",81,548.390342203383,6.77025113831337,1.10758412980511e+28,0,"NoError_anova"
"8","Residuals                ",1400,8.55768093689326e-25,6.11262924063805e-28,NA,NA,"NoError_anova"
