"","Fixed_effect","Df","Sum Sq","Mean Sq","F value","Pr(>F)","data_class"
"1","exp_env_factor           ",9,56.7625649053291,6.30695165614767,17.73245160674,9.01056097819929e-25,"Raw_anova"
"2","gen_factor               ",9,162.114627670967,18.0127364078853,50.6441136815193,9.81414551769602e-61,"Raw_anova"
"3","exp_env_factor:gen_factor",81,137.853666167445,1.70189711317833,4.78500705957822,3.16015054587391e-26,"Raw_anova"
"4","Residuals                ",400,142.269141256259,0.355672853140648,NA,NA,"Raw_anova"
"5","exp_env_factor           ",9,65.2767917640905,7.25297686267672,1.21064188413804e+29,0,"NoError_anova"
"6","gen_factor               ",9,241.494820216901,26.8327578018779,4.4788313925348e+29,0,"NoError_anova"
"7","exp_env_factor:gen_factor",81,192.228388019009,2.37318997554332,3.96124686153894e+28,0,"NoError_anova"
"8","Residuals                ",400,2.39640704908892e-26,5.9910176227223e-29,NA,NA,"NoError_anova"
