"","Fixed_effect","Df","Sum Sq","Mean Sq","F value","Pr(>F)","data_class"
"1","exp_env_factor           ",2,30.1521679477059,15.0760839738529,47.2997777241012,4.74517756840572e-16,"Raw_anova"
"2","gen_factor               ",2,52.5227395920411,26.2613697960205,82.3925467804849,1.31310527326008e-23,"Raw_anova"
"3","exp_env_factor:gen_factor",4,11.1645109077195,2.79112772692987,8.75689743519114,2.85801403800176e-06,"Raw_anova"
"4","Residuals                ",126,40.1605815525334,0.318734774226456,NA,NA,"Raw_anova"
"5","exp_env_factor           ",2,39.6136087569937,19.8068043784969,6.30489108096069e+30,0,"NoError_anova"
"6","gen_factor               ",2,79.9547656113957,39.9773828056978,1.27255785171199e+31,0,"NoError_anova"
"7","exp_env_factor:gen_factor",4,14.4316256316107,3.60790640790267,1.1484667843149e+30,0,"NoError_anova"
"8","Residuals                ",126,3.95828781123105e-28,3.14149826288178e-30,NA,NA,"NoError_anova"
