"","Fixed_effect","Df","Sum Sq","Mean Sq","F value","Pr(>F)","data_class"
"1","exp_env_factor           ",2,4.52371211879646,2.26185605939823,3.54618844993788,0.0392859192591259,"Raw_anova"
"2","gen_factor               ",2,5.42635002606612,2.71317501303306,4.25377638594637,0.0219602932751774,"Raw_anova"
"3","exp_env_factor:gen_factor",4,11.0881524655982,2.77203811639956,4.34606327414973,0.00570732554366483,"Raw_anova"
"4","Residuals                ",36,22.9617853895392,0.637827371931644,NA,NA,"Raw_anova"
"5","exp_env_factor           ",2,12.5017029200543,6.25085146002717,7.58546070226284e+30,0,"NoError_anova"
"6","gen_factor               ",2,2.77330770170566,1.38665385085283,1.68271608444841e+30,0,"NoError_anova"
"7","exp_env_factor:gen_factor",4,28.72498937824,7.18124734455999,8.71450391578371e+30,0,"NoError_anova"
"8","Residuals                ",36,2.96660494851485e-29,8.24056930143013e-31,NA,NA,"NoError_anova"
