"","Fixed_effect","Df","Sum Sq","Mean Sq","F value","Pr(>F)","data_class"
"1","exp_env_factor           ",4,17.5326367469725,4.38315918674312,4.91987953718554,0.00115830270841645,"Raw_anova"
"2","gen_factor               ",4,2.86521812441914,0.716304531104786,0.804016430805083,0.52544033148804,"Raw_anova"
"3","exp_env_factor:gen_factor",16,14.5113624455317,0.906960152845731,1.01801794252057,0.444726597918999,"Raw_anova"
"4","Residuals                ",100,89.0907826830767,0.890907826830767,NA,NA,"Raw_anova"
"5","exp_env_factor           ",4,118.63687577843,29.6592189446074,1.12077486926856e+31,0,"NoError_anova"
"6","gen_factor               ",4,1.79896844873338,0.449742112183344,1.69950415055856e+29,0,"NoError_anova"
"7","exp_env_factor:gen_factor",16,3.5641557728371,0.222759735802319,8.41773730584148e+28,0,"NoError_anova"
"8","Residuals                ",100,2.64631370294408e-28,2.64631370294408e-30,NA,NA,"NoError_anova"
