"","Fixed_effect","Df","Sum Sq","Mean Sq","F value","Pr(>F)","data_class"
"1","exp_env_factor           ",2,8.41514316920526,4.20757158460263,5.31752822785805,0.00676310871387192,"Raw_anova"
"2","gen_factor               ",2,0.828499764379313,0.414249882189657,0.523528928180649,0.594417066682315,"Raw_anova"
"3","exp_env_factor:gen_factor",4,15.6639284513076,3.91598211282689,4.94901750476357,0.00127702339368246,"Raw_anova"
"4","Residuals                ",81,64.0924286151079,0.791264550803801,NA,NA,"Raw_anova"
"5","exp_env_factor           ",2,22.9254155167684,11.4627077583842,3.45191196210864e+30,0,"NoError_anova"
"6","gen_factor               ",2,23.5703661657326,11.7851830828663,3.54902308572168e+30,0,"NoError_anova"
"7","exp_env_factor:gen_factor",4,42.504218317499,10.6260545793748,3.1999598773452e+30,0,"NoError_anova"
"8","Residuals                ",81,2.68975379042387e-28,3.32068369188132e-30,NA,NA,"NoError_anova"
