"","Fixed_effect","Df","Sum Sq","Mean Sq","F value","Pr(>F)","data_class"
"1","exp_env_factor           ",1,2.65162833391511,2.65162833391511,2.64693486653877,0.112472471561979,"Raw_anova"
"2","gen_factor               ",1,0.0439899069311394,0.0439899069311394,0.0439120433820029,0.835198717315356,"Raw_anova"
"3","exp_env_factor:gen_factor",1,0.240547613597688,0.240547613597688,0.24012183659024,0.627091303762749,"Raw_anova"
"4","Residuals                ",36,36.0638341455561,1.00177317070989,NA,NA,"Raw_anova"
"5","exp_env_factor           ",1,38.9414810697703,38.9414810697703,2.40996850323273e+32,0,"NoError_anova"
"6","gen_factor               ",1,0.0563933896367214,0.0563933896367214,3.49001345304588e+29,0,"NoError_anova"
"7","exp_env_factor:gen_factor",1,0.00212554059305018,0.00212554059305018,1.315431704412e+28,0,"NoError_anova"
"8","Residuals                ",36,5.81706074843398e-30,1.61585020789833e-31,NA,NA,"NoError_anova"
