"","Fixed_effect","Df","Sum Sq","Mean Sq","F value","Pr(>F)","data_class"
"1","exp_env_factor           ",1,10.9555220903287,10.9555220903287,12.8704748730257,0.000702032191006756,"Raw_anova"
"2","gen_factor               ",1,0.10580524319137,0.10580524319137,0.124299299723108,0.725741042335263,"Raw_anova"
"3","exp_env_factor:gen_factor",1,0.270716113904018,0.270716113904018,0.318035499631792,0.575042296769457,"Raw_anova"
"4","Residuals                ",56,47.6679565525759,0.851213509867426,NA,NA,"Raw_anova"
"5","exp_env_factor           ",1,57.9272705336951,57.9272705336951,4.26360969841203e+31,0,"NoError_anova"
"6","gen_factor               ",1,0.0151135624908843,0.0151135624908843,1.11240061925942e+28,0,"NoError_anova"
"7","exp_env_factor:gen_factor",1,1.05761590381389,1.05761590381389,7.78434989798591e+29,0,"NoError_anova"
"8","Residuals                ",56,7.60840550460122e-29,1.35864384010736e-30,NA,NA,"NoError_anova"
