"","Fixed_effect","Df","Sum Sq","Mean Sq","F value","Pr(>F)","data_class"
"1","exp_env_factor           ",9,584.942234205581,64.9935815783979,158.496298959885,1.89968985560135e-206,"Raw_anova"
"2","gen_factor               ",9,20.3999948153852,2.26666609059835,5.52759484264393,1.65506993261203e-07,"Raw_anova"
"3","exp_env_factor:gen_factor",81,319.56856632961,3.94529094234086,9.62116562120376,4.26680791817355e-87,"Raw_anova"
"4","Residuals                ",1400,574.08920464942,0.410063717606729,NA,NA,"Raw_anova"
"5","exp_env_factor           ",9,974.725833255829,108.302870361759,1.85928818622804e+29,0,"NoError_anova"
"6","gen_factor               ",9,26.6375867137629,2.95973185708477,5.08111600172656e+27,0,"NoError_anova"
"7","exp_env_factor:gen_factor",81,497.636580030405,6.14366148185686,1.05471232435905e+28,0,"NoError_anova"
"8","Residuals                ",1400,8.15494981517973e-25,5.8249641536998e-28,NA,NA,"NoError_anova"
