"","Fixed_effect","Df","Sum Sq","Mean Sq","F value","Pr(>F)","data_class"
"1","exp_env_factor           ",6,10.7735430766317,1.79559051277195,1.85501635853312,0.0861497348927796,"Raw_anova"
"2","gen_factor               ",6,4.69726507266287,0.782877512110479,0.808787182468865,0.563227844355817,"Raw_anova"
"3","exp_env_factor:gen_factor",36,54.5053485593181,1.51403745998106,1.5641451855084,0.020195096893561,"Raw_anova"
"4","Residuals                ",686,664.023843291387,0.967964786139048,NA,NA,"Raw_anova"
"5","exp_env_factor           ",6,115.614489144292,19.2690815240487,2.34467382264465e+29,0,"NoError_anova"
"6","gen_factor               ",6,91.1357776290187,15.1892962715031,1.84824301603268e+29,0,"NoError_anova"
"7","exp_env_factor:gen_factor",36,527.24973322669,14.6458259229636,1.78211320605633e+29,0,"NoError_anova"
"8","Residuals                ",686,5.63770951755995e-26,8.21823544833812e-29,NA,NA,"NoError_anova"
