"","Fixed_effect","Df","Sum Sq","Mean Sq","F value","Pr(>F)","data_class"
"1","exp_env_factor           ",1,0.00825934949463823,0.00825934949463823,0.00809969786611002,0.929405551299531,"Raw_anova"
"2","gen_factor               ",1,2.56564092491665,2.56564092491665,2.51604758198481,0.132256004195059,"Raw_anova"
"3","exp_env_factor:gen_factor",1,0.110726720486953,0.110726720486953,0.108586394392409,0.746033807025864,"Raw_anova"
"4","Residuals                ",16,16.3153730051018,1.01971081281886,NA,NA,"Raw_anova"
"5","exp_env_factor           ",1,0.488820315265882,0.488820315265882,7.27249337347577e+30,1.07793308995297e-238,"NoError_anova"
"6","gen_factor               ",1,13.8516947036492,13.8516947036492,2.06080546977483e+32,2.59276102985263e-250,"NoError_anova"
"7","exp_env_factor:gen_factor",1,4.65948498108488,4.65948498108488,6.93221467899062e+31,1.58154825963063e-246,"NoError_anova"
"8","Residuals                ",16,1.07543928094583e-30,6.72149550591145e-32,NA,NA,"NoError_anova"
