"","Fixed_effect","Df","Sum Sq","Mean Sq","F value","Pr(>F)","data_class"
"1","exp_env_factor           ",6,98.7346032403845,16.4557672067308,126.099108855359,3.07429359066561e-107,"Raw_anova"
"2","gen_factor               ",6,192.072124617497,32.0120207695829,245.305323112043,5.41171207731114e-167,"Raw_anova"
"3","exp_env_factor:gen_factor",36,353.671177923626,9.82419938676738,75.2819830473799,6.45106296966744e-212,"Raw_anova"
"4","Residuals                ",686,89.5220942184916,0.130498679618792,NA,NA,"Raw_anova"
"5","exp_env_factor           ",6,110.474441547631,18.4124069246052,3.02958712275635e+28,0,"NoError_anova"
"6","gen_factor               ",6,229.411756036876,38.2352926728126,6.2912551732482e+28,0,"NoError_anova"
"7","exp_env_factor:gen_factor",36,394.113802415492,10.9476056226526,1.80132478905195e+28,0,"NoError_anova"
"8","Residuals                ",686,4.16918564757677e-25,6.07753009850841e-28,NA,NA,"NoError_anova"
