"","Fixed_effect","Df","Sum Sq","Mean Sq","F value","Pr(>F)","data_class"
"1","exp_env_factor           ",1,0.264962508292171,0.264962508292171,0.386387606647735,0.54296041804607,"Raw_anova"
"2","gen_factor               ",1,7.6050835262909,7.6050835262909,11.0902860975312,0.00424058857936874,"Raw_anova"
"3","exp_env_factor:gen_factor",1,0.158069619913713,0.158069619913713,0.230508619939651,0.637644865909052,"Raw_anova"
"4","Residuals                ",16,10.9718843455032,0.685742771593951,NA,NA,"Raw_anova"
"5","exp_env_factor           ",1,0.0611077465645639,0.0611077465645639,2.78324175894147e+30,2.34234586869829e-235,"NoError_anova"
"6","gen_factor               ",1,18.015467332174,18.015467332174,8.20540828367403e+32,4.10446837295626e-255,"NoError_anova"
"7","exp_env_factor:gen_factor",1,0.923424921261416,0.923424921261416,4.20587396294598e+31,8.61407095719907e-245,"NoError_anova"
"8","Residuals                ",16,3.51289621856232e-31,2.19556013660145e-32,NA,NA,"NoError_anova"
