"","Fixed_effect","Df","Sum Sq","Mean Sq","F value","Pr(>F)","data_class"
"1","exp_env_factor           ",1,10.6091788404079,10.6091788404079,13.7982169665177,0.00047108763990329,"Raw_anova"
"2","gen_factor               ",1,3.71236292698606,3.71236292698606,4.82827086766696,0.0321498956695796,"Raw_anova"
"3","exp_env_factor:gen_factor",1,1.62115477778267,1.62115477778267,2.10846152154146,0.152066508829418,"Raw_anova"
"4","Residuals                ",56,43.0573034548234,0.768880418836131,NA,NA,"Raw_anova"
"5","exp_env_factor           ",1,55.5886419400676,55.5886419400676,1.16708542834168e+32,0,"NoError_anova"
"6","gen_factor               ",1,2.75863934860123,2.75863934860123,5.79177269571297e+30,0,"NoError_anova"
"7","exp_env_factor:gen_factor",1,0.652718711331235,0.652718711331235,1.37038515461837e+30,0,"NoError_anova"
"8","Residuals                ",56,2.66729741717966e-29,4.76303110210653e-31,NA,NA,"NoError_anova"
