"","Fixed_effect","Df","Sum Sq","Mean Sq","F value","Pr(>F)","data_class"
"1","exp_env_factor           ",2,46.9339404628292,23.4669702314146,86.2793627397379,8.48128349347088e-21,"Raw_anova"
"2","gen_factor               ",2,10.219513989945,5.10975699497252,18.7866849846245,1.98227159904455e-07,"Raw_anova"
"3","exp_env_factor:gen_factor",4,9.81549978627792,2.45387494656948,9.02198982421689,4.4531915410811e-06,"Raw_anova"
"4","Residuals                ",81,22.0310457609478,0.271988219270961,NA,NA,"Raw_anova"
"5","exp_env_factor           ",2,60.5510280722065,30.2755140361033,6.02350646824651e+31,0,"NoError_anova"
"6","gen_factor               ",2,21.9377665136029,10.9688832568015,2.18232923041357e+31,0,"NoError_anova"
"7","exp_env_factor:gen_factor",4,6.51120541419052,1.62780135354763,3.23861453530471e+30,0,"NoError_anova"
"8","Residuals                ",81,4.07124429906731e-29,5.02622752971273e-31,NA,NA,"NoError_anova"
