"","Fixed_effect","Df","Sum Sq","Mean Sq","F value","Pr(>F)","data_class"
"1","exp_env_factor           ",9,90.4712836692188,10.0523648521354,403.771287303844,1.29755976182898e-194,"Raw_anova"
"2","gen_factor               ",9,88.3871566506208,9.82079518340231,394.469875683768,8.53230129977696e-193,"Raw_anova"
"3","exp_env_factor:gen_factor",81,310.183085496164,3.82942080859462,153.815564024809,2.777741296831e-257,"Raw_anova"
"4","Residuals                ",400,9.95847418399602,0.02489618545999,NA,NA,"Raw_anova"
"5","exp_env_factor           ",9,87.7859006173438,9.75398895748264,4.91903386442966e+28,0,"NoError_anova"
"6","gen_factor               ",9,93.9845894029209,10.4427321558801,5.26637392515565e+28,0,"NoError_anova"
"7","exp_env_factor:gen_factor",81,317.229509979735,3.91641370345352,1.97508647163532e+28,0,"NoError_anova"
"8","Residuals                ",400,7.93162984952418e-26,1.98290746238105e-28,NA,NA,"NoError_anova"
