"","Fixed_effect","Df","Sum Sq","Mean Sq","F value","Pr(>F)","data_class"
"1","exp_env_factor           ",4,87.358567867333,21.8396419668332,151.326098928642,5.44334841428314e-75,"Raw_anova"
"2","gen_factor               ",4,86.0926011882575,21.5231502970644,149.133139456034,2.7204574540437e-74,"Raw_anova"
"3","exp_env_factor:gen_factor",16,150.036231052463,9.37726444077892,64.9747302909247,2.49720181681616e-94,"Raw_anova"
"4","Residuals                ",350,50.5125998919466,0.14432171397699,NA,NA,"Raw_anova"
"5","exp_env_factor           ",4,108.899874415475,27.2249686038688,9.34816721510051e+29,0,"NoError_anova"
"6","gen_factor               ",4,96.0054802794877,24.0013700698719,8.24128850502283e+29,0,"NoError_anova"
"7","exp_env_factor:gen_factor",16,169.094645305037,10.5684153315648,3.62884950045674e+29,0,"NoError_anova"
"8","Residuals                ",350,1.01931627795039e-26,2.91233222271539e-29,NA,NA,"NoError_anova"
