"","Fixed_effect","Df","Sum Sq","Mean Sq","F value","Pr(>F)","data_class"
"1","exp_env_factor           ",1,5.75372620876729,5.75372620876729,7.86987779331053,0.00689909504589298,"Raw_anova"
"2","gen_factor               ",1,0.0978370914322952,0.0978370914322952,0.133820401820975,0.715881626710179,"Raw_anova"
"3","exp_env_factor:gen_factor",1,12.206420044237,12.206420044237,16.695795134566,0.000141269608495691,"Raw_anova"
"4","Residuals                ",56,40.9420166555634,0.731107440277918,NA,NA,"Raw_anova"
"5","exp_env_factor           ",1,34.0279786252559,34.0279786252559,1.09955864653933e+32,0,"NoError_anova"
"6","gen_factor               ",1,0.80288836105065,0.80288836105065,2.59440282751264e+30,0,"NoError_anova"
"7","exp_env_factor:gen_factor",1,24.1691330136935,24.1691330136935,7.80986125483265e+31,0,"NoError_anova"
"8","Residuals                ",56,1.73302880115741e-29,3.0946942877811e-31,NA,NA,"NoError_anova"
