"","Fixed_effect","Df","Sum Sq","Mean Sq","F value","Pr(>F)","data_class"
"1","exp_env_factor           ",9,132.868369274976,14.763152141664,226.572465015874,2.4163420551144e-224,"Raw_anova"
"2","gen_factor               ",9,148.539797957903,16.5044219953225,253.296012888001,1.15157199507238e-239,"Raw_anova"
"3","exp_env_factor:gen_factor",81,658.949062885236,8.13517361586712,124.851814964183,0,"Raw_anova"
"4","Residuals                ",900,58.6427698818859,0.0651586332020955,NA,NA,"Raw_anova"
"5","exp_env_factor           ",9,142.566394157129,15.8407104619032,6.5191066119463e+28,0,"NoError_anova"
"6","gen_factor               ",9,145.164975044611,16.1294416716235,6.63793142999276e+28,0,"NoError_anova"
"7","exp_env_factor:gen_factor",81,711.26863079826,8.78109420738593,3.61378294522625e+28,0,"NoError_anova"
"8","Residuals                ",900,2.18690079244716e-25,2.42988976938574e-28,NA,NA,"NoError_anova"
