"","Fixed_effect","Df","Sum Sq","Mean Sq","F value","Pr(>F)","data_class"
"1","exp_env_factor           ",1,0.0176987233926562,0.0176987233926562,0.020215489892352,0.888711867377066,"Raw_anova"
"2","gen_factor               ",1,4.84900429202504,4.84900429202504,5.53853490326187,0.0317210167931406,"Raw_anova"
"3","exp_env_factor:gen_factor",1,0.125247919709861,0.125247919709861,0.143058230741286,0.710230652418338,"Raw_anova"
"4","Residuals                ",16,14.0080490648724,0.875503066554527,NA,NA,"Raw_anova"
"5","exp_env_factor           ",1,0.103007577061309,0.103007577061309,1.58209182852497e+30,2.14884444573698e-233,"NoError_anova"
"6","gen_factor               ",1,18.3007449466857,18.3007449466857,2.810808666904e+32,2.16475227980128e-251,"NoError_anova"
"7","exp_env_factor:gen_factor",1,0.596247476252976,0.596247476252976,9.15775602989874e+30,1.70508456265738e-239,"NoError_anova"
"8","Residuals                ",16,1.04173550691906e-30,6.5108469182441e-32,NA,NA,"NoError_anova"
