"","Fixed_effect","Df","Sum Sq","Mean Sq","F value","Pr(>F)","data_class"
"1","exp_env_factor           ",9,466.018922501387,51.7798802779318,174.771078637472,9.78817996245019e-222,"Raw_anova"
"2","gen_factor               ",9,493.021556119958,54.7801729022175,184.897876446967,7.08643557907132e-231,"Raw_anova"
"3","exp_env_factor:gen_factor",81,125.177894153736,1.54540610066341,5.21616291301055,3.91945304868895e-40,"Raw_anova"
"4","Residuals                ",1400,414.781627224916,0.29627259087494,NA,NA,"Raw_anova"
"5","exp_env_factor           ",9,669.758169373375,74.4175743748195,1.63213734722551e+29,0,"NoError_anova"
"6","gen_factor               ",9,687.573980338342,76.3971089264825,1.67555279443721e+29,0,"NoError_anova"
"7","exp_env_factor:gen_factor",81,141.667850288276,1.7489858060281,3.83590177154669e+27,0,"NoError_anova"
"8","Residuals                ",1400,6.38332333377775e-25,4.55951666698411e-28,NA,NA,"NoError_anova"
