"","Fixed_effect","Df","Sum Sq","Mean Sq","F value","Pr(>F)","data_class"
"1","exp_env_factor           ",1,2.85149293498182,2.85149293498182,3.23225975464858,0.0775925970043238,"Raw_anova"
"2","gen_factor               ",1,5.06554948836497,5.06554948836497,5.74196468999044,0.0199291382448557,"Raw_anova"
"3","exp_env_factor:gen_factor",1,1.67987228026648,1.67987228026648,1.90418973087503,0.173094832221174,"Raw_anova"
"4","Residuals                ",56,49.4030852963867,0.882197951721191,NA,NA,"Raw_anova"
"5","exp_env_factor           ",1,0.00781139130363942,0.00781139130363942,1.87080931941635e+28,0,"NoError_anova"
"6","gen_factor               ",1,58.7266798746044,58.7266798746044,1.40648977547191e+32,0,"NoError_anova"
"7","exp_env_factor:gen_factor",1,0.265508734091938,0.265508734091938,6.3588699479721e+29,0,"NoError_anova"
"8","Residuals                ",56,2.3382282120568e-29,4.17540752153e-31,NA,NA,"NoError_anova"
