"","Fixed_effect","Df","Sum Sq","Mean Sq","F value","Pr(>F)","data_class"
"1","exp_env_factor           ",4,22.6907854596906,5.67269636492265,30.2744019151288,1.67453873431374e-16,"Raw_anova"
"2","gen_factor               ",4,40.248946861209,10.0622367153022,53.7007762953622,4.40116577201394e-24,"Raw_anova"
"3","exp_env_factor:gen_factor",16,42.3226675744792,2.64516672340495,14.1168917504679,4.81554490273893e-19,"Raw_anova"
"4","Residuals                ",100,18.7376001046213,0.187376001046213,NA,NA,"Raw_anova"
"5","exp_env_factor           ",4,27.5723724035249,6.89309310088122,1.01495354446968e+30,0,"NoError_anova"
"6","gen_factor               ",4,43.3477281303637,10.8369320325909,1.59565269418006e+30,0,"NoError_anova"
"7","exp_env_factor:gen_factor",16,53.0798994661114,3.31749371663196,4.88474761210035e+29,0,"NoError_anova"
"8","Residuals                ",100,6.79153557169252e-28,6.79153557169252e-30,NA,NA,"NoError_anova"
