"","Fixed_effect","Df","Sum Sq","Mean Sq","F value","Pr(>F)","data_class"
"1","exp_env_factor           ",2,30.2420893334192,15.1210446667096,43.842035323137,1.25067168481463e-13,"Raw_anova"
"2","gen_factor               ",2,18.610231889493,9.30511594474648,26.9793014257548,1.04838315342807e-09,"Raw_anova"
"3","exp_env_factor:gen_factor",4,12.2109142319184,3.0527285579796,8.85109701220229,5.57604010142305e-06,"Raw_anova"
"4","Residuals                ",81,27.9367645451694,0.344898327718141,NA,NA,"Raw_anova"
"5","exp_env_factor           ",2,50.3295274397408,25.1647637198704,5.61563330816461e+30,0,"NoError_anova"
"6","gen_factor               ",2,27.3711360584255,13.6855680292127,3.05399774547915e+30,0,"NoError_anova"
"7","exp_env_factor:gen_factor",4,11.2993365018336,2.82483412545839,6.30374788396616e+29,0,"NoError_anova"
"8","Residuals                ",81,3.62977023151768e-28,4.48119781668849e-30,NA,NA,"NoError_anova"
