"","Fixed_effect","Df","Sum Sq","Mean Sq","F value","Pr(>F)","data_class"
"1","exp_env_factor           ",6,42.8138314692229,7.13563857820381,15.8574643163692,4.12199522147075e-17,"Raw_anova"
"2","gen_factor               ",6,253.698009056963,42.2830015094938,93.9651273361665,5.35741286118194e-86,"Raw_anova"
"3","exp_env_factor:gen_factor",36,128.797692512158,3.57771368089328,7.95072037452214,6.61834456668672e-33,"Raw_anova"
"4","Residuals                ",686,308.690466961656,0.449986103442648,NA,NA,"Raw_anova"
"5","exp_env_factor           ",6,103.065024327573,17.1775040545954,5.112252978014e+29,0,"NoError_anova"
"6","gen_factor               ",6,413.293591338707,68.8822652231179,2.05002754998638e+30,0,"NoError_anova"
"7","exp_env_factor:gen_factor",36,217.641384333722,6.04559400927004,1.79924894091269e+29,0,"NoError_anova"
"8","Residuals                ",686,2.30500482509968e-26,3.36006534271091e-29,NA,NA,"NoError_anova"
