"","Fixed_effect","Df","Sum Sq","Mean Sq","F value","Pr(>F)","data_class"
"1","exp_env_factor           ",9,360.425110271196,40.0472344745773,559.450451187667,0,"Raw_anova"
"2","gen_factor               ",9,339.692542850042,37.7436158722269,527.269440854298,0,"Raw_anova"
"3","exp_env_factor:gen_factor",81,234.457497545627,2.89453700673613,40.4360015277939,2.44032805806726e-246,"Raw_anova"
"4","Residuals                ",900,64.4248493331345,0.071583165925705,NA,NA,"Raw_anova"
"5","exp_env_factor           ",9,377.610326080275,41.9567028978084,2.4029575898784e+29,0,"NoError_anova"
"6","gen_factor               ",9,368.096247171922,40.8995830191025,2.34241388504691e+29,0,"NoError_anova"
"7","exp_env_factor:gen_factor",81,253.2934267478,3.12707934256543,1.79095079484e+28,0,"NoError_anova"
"8","Residuals                ",900,1.5714398276142e-25,1.74604425290467e-28,NA,NA,"NoError_anova"
