"","Fixed_effect","Df","Sum Sq","Mean Sq","F value","Pr(>F)","data_class"
"1","exp_env_factor           ",6,147.671551626706,24.6119252711177,433.676027073537,1.92846978234869e-181,"Raw_anova"
"2","gen_factor               ",6,83.9775200297464,13.9962533382911,246.621890599831,1.82218899018762e-137,"Raw_anova"
"3","exp_env_factor:gen_factor",36,232.323353917067,6.45342649769631,113.713020566348,4.56258361897116e-199,"Raw_anova"
"4","Residuals                ",441,25.0275744264795,0.0567518694477994,NA,NA,"Raw_anova"
"5","exp_env_factor           ",6,158.254421150666,26.3757368584443,1.77478155095906e+29,0,"NoError_anova"
"6","gen_factor               ",6,95.2457295896242,15.8742882649374,1.06815571062223e+29,0,"NoError_anova"
"7","exp_env_factor:gen_factor",36,235.49984925971,6.54166247943639,4.40178105484388e+28,0,"NoError_anova"
"8","Residuals                ",441,6.55387698181132e-26,1.48613990517264e-28,NA,NA,"NoError_anova"
