"","Fixed_effect","Df","Sum Sq","Mean Sq","F value","Pr(>F)","data_class"
"1","exp_env_factor           ",1,6.42218351325161,6.42218351325161,7.48987462775442,0.00829901873209698,"Raw_anova"
"2","gen_factor               ",1,3.30655844264819,3.30655844264819,3.85627538261341,0.0545321491045151,"Raw_anova"
"3","exp_env_factor:gen_factor",1,1.25412897101763,1.25412897101763,1.46262851887905,0.231593449519298,"Raw_anova"
"4","Residuals                ",56,48.0171290730826,0.857448733447903,NA,NA,"Raw_anova"
"5","exp_env_factor           ",1,29.1333970683885,29.1333970683885,7.26657097540825e+31,0,"NoError_anova"
"6","gen_factor               ",1,24.0343764416433,24.0343764416433,5.99475240916496e+31,0,"NoError_anova"
"7","exp_env_factor:gen_factor",1,5.83222648996816,5.83222648996816,1.4546977695229e+31,0,"NoError_anova"
"8","Residuals                ",56,2.24517209196886e-29,4.00923587851583e-31,NA,NA,"NoError_anova"
