"","Fixed_effect","Df","Sum Sq","Mean Sq","F value","Pr(>F)","data_class"
"1","exp_env_factor           ",1,1.62429055920436,1.62429055920436,2.25212436460112,0.139048650527143,"Raw_anova"
"2","gen_factor               ",1,1.81726422801309e-05,1.81726422801309e-05,2.51968776253375e-05,0.996012755599414,"Raw_anova"
"3","exp_env_factor:gen_factor",1,16.9870374508255,16.9870374508255,23.5530033149583,1.01106331554851e-05,"Raw_anova"
"4","Residuals                ",56,40.3886538173279,0.721225961023712,NA,NA,"Raw_anova"
"5","exp_env_factor           ",1,9.1146885880425,9.1146885880425,4.17191192896829e+30,0,"NoError_anova"
"6","gen_factor               ",1,1.30478475195816,1.30478475195816,5.97217010636152e+29,0,"NoError_anova"
"7","exp_env_factor:gen_factor",1,48.5805266599992,48.5805266599992,2.22359411109557e+31,0,"NoError_anova"
"8","Residuals                ",56,1.22347396019121e-28,2.18477492891288e-30,NA,NA,"NoError_anova"
