"","Fixed_effect","Df","Sum Sq","Mean Sq","F value","Pr(>F)","data_class"
"1","exp_env_factor           ",4,68.7267984345124,17.1816996086281,58.5635690406113,8.05076666856352e-34,"Raw_anova"
"2","gen_factor               ",4,88.2498078100347,22.0624519525087,75.1995412303148,2.20644505470834e-40,"Raw_anova"
"3","exp_env_factor:gen_factor",16,26.011665384518,1.62572908653237,5.54127355088073,5.76676786429547e-10,"Raw_anova"
"4","Residuals                ",225,66.0117283709348,0.293385459426377,NA,NA,"Raw_anova"
"5","exp_env_factor           ",4,87.3136337375055,21.8284084343764,7.43048055665857e+30,0,"NoError_anova"
"6","gen_factor               ",4,123.775541108839,30.9438852772097,1.0533426593653e+31,0,"NoError_anova"
"7","exp_env_factor:gen_factor",16,37.9108251536557,2.36942657210348,8.06562609792402e+29,0,"NoError_anova"
"8","Residuals                ",225,6.60979039011616e-28,2.93768461782941e-30,NA,NA,"NoError_anova"
