"","row","aov_coefs"
"(Intercept)",7642,0.56352641209131
"exp_env_factorE_2",7642,-0.548895203901123
"gen_factorG_2",7642,-1.14494656961132
"exp_env_factorE_2:gen_factorG_2",7642,1.13357789865965
