"","Fixed_effect","Df","Sum Sq","Mean Sq","F value","Pr(>F)","data_class"
"1","exp_env_factor           ",2,4.4740497691663,2.23702488458315,3.16522014925116,0.0455805560603905,"Raw_anova"
"2","gen_factor               ",2,19.653738499584,9.826869249792,13.9042729331526,3.49602851849556e-06,"Raw_anova"
"3","exp_env_factor:gen_factor",4,20.8214910336194,5.20537275840485,7.3652067318582,2.30738757138827e-05,"Raw_anova"
"4","Residuals                ",126,89.0507206976303,0.706751751568494,NA,NA,"Raw_anova"
"5","exp_env_factor           ",2,18.758727546482,9.37936377324101,1.80593350847115e+30,0,"NoError_anova"
"6","gen_factor               ",2,59.3860604535952,29.6930302267976,5.71719356995268e+30,0,"NoError_anova"
"7","exp_env_factor:gen_factor",4,55.8552119999227,13.9638029999807,2.68863649529196e+30,0,"NoError_anova"
"8","Residuals                ",126,6.54398309730042e-28,5.19363737880985e-30,NA,NA,"NoError_anova"
