"","Fixed_effect","Df","Sum Sq","Mean Sq","F value","Pr(>F)","data_class"
"1","exp_env_factor           ",9,14.7899068517601,1.6433229835289,1.81907815714212,0.0605431750200774,"Raw_anova"
"2","gen_factor               ",9,19.6312801507357,2.18125335008175,2.41454075924023,0.0101726983404942,"Raw_anova"
"3","exp_env_factor:gen_factor",81,199.843612969091,2.46720509838384,2.73107535684923,1.51260270967319e-13,"Raw_anova"
"4","Residuals                ",1400,1264.73520002841,0.903382285734581,NA,NA,"Raw_anova"
"5","exp_env_factor           ",9,81.372696569143,9.04141072990477,1.58878930493786e+27,0,"NoError_anova"
"6","gen_factor               ",9,88.7263240422877,9.85848044914308,1.7323677430925e+27,0,"NoError_anova"
"7","exp_env_factor:gen_factor",81,1328.90097938857,16.4061849307231,2.88295399152163e+27,0,"NoError_anova"
"8","Residuals                ",1400,7.96705704307456e-24,5.69075503076754e-27,NA,NA,"NoError_anova"
