"","Fixed_effect","Df","Sum Sq","Mean Sq","F value","Pr(>F)","data_class"
"1","exp_env_factor           ",4,135.13229062552,33.7830726563799,161.171609888805,4.7351727510481e-78,"Raw_anova"
"2","gen_factor               ",4,38.0697109040934,9.51742772602334,45.4055545570348,1.03554527607778e-30,"Raw_anova"
"3","exp_env_factor:gen_factor",16,127.43473407233,7.9646708795206,37.9976931329956,1.48233550547478e-66,"Raw_anova"
"4","Residuals                ",350,73.3632643980575,0.209609326851593,NA,NA,"Raw_anova"
"5","exp_env_factor           ",4,162.943136261882,40.7357840654704,3.20050382730256e+30,0,"NoError_anova"
"6","gen_factor               ",4,49.7097642431494,12.4274410607873,9.76391484565563e+29,0,"NoError_anova"
"7","exp_env_factor:gen_factor",16,161.347099494969,10.0841937184356,7.92288680125611e+29,0,"NoError_anova"
"8","Residuals                ",350,4.45477499551411e-27,1.27279285586117e-29,NA,NA,"NoError_anova"
