"","row","aov_coefs"
"(Intercept)",26596,0.104436257254417
"exp_env_factorE_2",26596,0.498538950912318
"gen_factorG_2",26596,-0.717667343272174
"exp_env_factorE_2:gen_factorG_2",26596,0.0205117557020457
