"","Fixed_effect","Df","Sum Sq","Mean Sq","F value","Pr(>F)","data_class"
"1","exp_env_factor           ",6,40.417519983817,6.73625333063617,42.762355678047,3.9070999939987e-33,"Raw_anova"
"2","gen_factor               ",6,36.6638884708865,6.11064807848109,38.7909560002704,7.19233241733385e-31,"Raw_anova"
"3","exp_env_factor:gen_factor",36,136.043172456013,3.77897701266703,23.98929363002,4.21154627796755e-54,"Raw_anova"
"4","Residuals                ",196,30.8754190892832,0.15752764841471,NA,NA,"Raw_anova"
"5","exp_env_factor           ",6,48.5043759080596,8.08406265134327,2.79973602296513e+29,0,"NoError_anova"
"6","gen_factor               ",6,34.2130508344375,5.70217513907292,1.97482204612379e+29,0,"NoError_anova"
"7","exp_env_factor:gen_factor",36,161.282573257503,4.48007147937508,1.55157351535133e+29,0,"NoError_anova"
"8","Residuals                ",196,5.65937740796436e-27,2.88743745304304e-29,NA,NA,"NoError_anova"
