"","Fixed_effect","Df","Sum Sq","Mean Sq","F value","Pr(>F)","data_class"
"1","exp_env_factor           ",2,8.09887600955753,4.04943800477876,5.15316189802927,0.00706050930659435,"Raw_anova"
"2","gen_factor               ",2,15.503463891438,7.75173194571899,9.86456136858374,0.000104694594380757,"Raw_anova"
"3","exp_env_factor:gen_factor",4,11.3848212442323,2.84620531105806,3.62197340608855,0.00788816368136834,"Raw_anova"
"4","Residuals                ",126,99.0128388547722,0.785816181387081,NA,NA,"Raw_anova"
"5","exp_env_factor           ",2,50.8844537567829,25.4422268783914,5.70734169911058e+30,0,"NoError_anova"
"6","gen_factor               ",2,36.7966533501223,18.3983266750612,4.12721486717101e+30,0,"NoError_anova"
"7","exp_env_factor:gen_factor",4,46.3188928930946,11.5797232232736,2.59762785436364e+30,0,"NoError_anova"
"8","Residuals                ",126,5.61683662146406e-28,4.45780684243179e-30,NA,NA,"NoError_anova"
