"","Fixed_effect","Df","Sum Sq","Mean Sq","F value","Pr(>F)","data_class"
"1","exp_env_factor           ",2,1.30493764131641,0.652468820658205,0.715079769536088,0.492214698530565,"Raw_anova"
"2","gen_factor               ",2,1.76926608949951,0.884633044749753,0.969522487105999,0.383621147080705,"Raw_anova"
"3","exp_env_factor:gen_factor",4,12.017993636757,3.00449840918926,3.29281026463035,0.014918374418012,"Raw_anova"
"4","Residuals                ",81,73.907802632427,0.912442007807741,NA,NA,"Raw_anova"
"5","exp_env_factor           ",2,8.77752374652069,4.38876187326034,1.1624179048779e+31,0,"NoError_anova"
"6","gen_factor               ",2,10.4371761497531,5.21858807487655,1.3822076457095e+31,0,"NoError_anova"
"7","exp_env_factor:gen_factor",4,69.7853001037262,17.4463250259315,4.6208751283643e+31,0,"NoError_anova"
"8","Residuals                ",81,3.05819198278289e-29,3.77554565775665e-31,NA,NA,"NoError_anova"
