"","Fixed_effect","Df","Sum Sq","Mean Sq","F value","Pr(>F)","data_class"
"1","exp_env_factor           ",1,2.1858228020869,2.1858228020869,2.25667795910256,0.138657539595133,"Raw_anova"
"2","gen_factor               ",1,1.59940212905299,1.59940212905299,1.65124800094939,0.204078751164655,"Raw_anova"
"3","exp_env_factor:gen_factor",1,0.973062633495541,0.973062633495541,1.00460522039534,0.320510151245105,"Raw_anova"
"4","Residuals                ",56,54.2417124353646,0.968602007774367,NA,NA,"Raw_anova"
"5","exp_env_factor           ",1,53.3261644901878,53.3261644901878,1.49488792142285e+32,0,"NoError_anova"
"6","gen_factor               ",1,3.62582523611606,3.62582523611606,1.01642456427883e+31,0,"NoError_anova"
"7","exp_env_factor:gen_factor",1,2.04801027369612,2.04801027369612,5.74117011858516e+30,0,"NoError_anova"
"8","Residuals                ",56,1.99765157551622e-29,3.56723495627896e-31,NA,NA,"NoError_anova"
