"","Fixed_effect","Df","Sum Sq","Mean Sq","F value","Pr(>F)","data_class"
"1","exp_env_factor           ",4,2.72620545632494,0.681551364081235,1.13651359212115,0.343755948963304,"Raw_anova"
"2","gen_factor               ",4,32.1701845240328,8.0425461310082,13.4112606545422,8.71453694947081e-09,"Raw_anova"
"3","exp_env_factor:gen_factor",16,29.1350035017732,1.82093771886083,3.03648496204132,0.000363411243703023,"Raw_anova"
"4","Residuals                ",100,59.9686065178691,0.599686065178691,NA,NA,"Raw_anova"
"5","exp_env_factor           ",4,4.82571935978237,1.20642983994559,2.1791566079449e+29,0,"NoError_anova"
"6","gen_factor               ",4,69.82474809001,17.4561870225025,3.15308557862958e+30,0,"NoError_anova"
"7","exp_env_factor:gen_factor",16,49.3495325502076,3.08434578438798,5.57120876381769e+29,0,"NoError_anova"
"8","Residuals                ",100,5.5362236727141e-28,5.5362236727141e-30,NA,NA,"NoError_anova"
