"","Fixed_effect","Df","Sum Sq","Mean Sq","F value","Pr(>F)","data_class"
"1","exp_env_factor           ",9,32.0909598126765,3.5656622014085,39.1503960845549,9.73013115706367e-50,"Raw_anova"
"2","gen_factor               ",9,21.4805624343221,2.38672915936912,26.2059013607478,1.78232742622558e-35,"Raw_anova"
"3","exp_env_factor:gen_factor",81,408.998070318987,5.049358892827,55.4411465419125,3.11906769652302e-174,"Raw_anova"
"4","Residuals                ",400,36.4304074340149,0.0910760185850373,NA,NA,"Raw_anova"
"5","exp_env_factor           ",9,26.0262162368524,2.89180180409472,3.98368582303239e+27,0,"NoError_anova"
"6","gen_factor               ",9,22.5675653575862,2.50750726195403,3.4542896807287e+27,0,"NoError_anova"
"7","exp_env_factor:gen_factor",81,450.406218405562,5.56057059759953,7.66012602463347e+27,0,"NoError_anova"
"8","Residuals                ",400,2.90364444643225e-25,7.25911111608062e-28,NA,NA,"NoError_anova"
