"","Fixed_effect","Df","Sum Sq","Mean Sq","F value","Pr(>F)","data_class"
"1","exp_env_factor           ",9,83.8285125732428,9.31427917480476,18.4103817099841,1.12893431188166e-25,"Raw_anova"
"2","gen_factor               ",9,151.349913884876,16.8166570983195,33.2394026908117,1.66758920676897e-43,"Raw_anova"
"3","exp_env_factor:gen_factor",81,61.451425621406,0.758659575572913,1.49954839361197,0.00637168747890504,"Raw_anova"
"4","Residuals                ",400,202.370147920475,0.505925369801188,NA,NA,"Raw_anova"
"5","exp_env_factor           ",9,120.639436759971,13.404381862219,4.69312622106611e+29,0,"NoError_anova"
"6","gen_factor               ",9,335.20419567527,37.2449106305855,1.30401437737561e+30,0,"NoError_anova"
"7","exp_env_factor:gen_factor",81,43.156367564759,0.532794661293322,1.86541432574929e+28,0,"NoError_anova"
"8","Residuals                ",400,1.14246932477976e-26,2.85617331194941e-29,NA,NA,"NoError_anova"
