"","Fixed_effect","Df","Sum Sq","Mean Sq","F value","Pr(>F)","data_class"
"1","exp_env_factor           ",2,0.356850115417006,0.178425057708503,0.17997915785121,0.835620738164245,"Raw_anova"
"2","gen_factor               ",2,2.23065077498139,1.11532538749069,1.12503998344557,0.329658714746208,"Raw_anova"
"3","exp_env_factor:gen_factor",4,6.11192516016297,1.52798129004074,1.54129016028242,0.198085821405698,"Raw_anova"
"4","Residuals                ",81,80.3005739494386,0.991365110486897,NA,NA,"Raw_anova"
"5","exp_env_factor           ",2,10.0041087295498,5.00205436477488,2.52571744831343e+30,0,"NoError_anova"
"6","gen_factor               ",2,33.9724498153693,16.9862249076846,8.57695688644243e+30,0,"NoError_anova"
"7","exp_env_factor:gen_factor",4,45.0234414550811,11.2558603637703,5.68348939123008e+30,0,"NoError_anova"
"8","Residuals                ",81,1.60416361623236e-28,1.98044890892884e-30,NA,NA,"NoError_anova"
