"","Fixed_effect","Df","Sum Sq","Mean Sq","F value","Pr(>F)","data_class"
"1","exp_env_factor           ",9,216.221646951629,24.0246274390699,1184.09831745175,0,"Raw_anova"
"2","gen_factor               ",9,74.8602269680331,8.31780299644813,409.95834619988,0,"Raw_anova"
"3","exp_env_factor:gen_factor",81,1179.51298613632,14.5618887177323,717.709690746154,0,"Raw_anova"
"4","Residuals                ",1400,28.4051399440219,0.0202893856743014,NA,NA,"Raw_anova"
"5","exp_env_factor           ",9,223.071775317205,24.7857528130228,6.85590001438289e+27,0,"NoError_anova"
"6","gen_factor               ",9,76.0986724194333,8.4554080466037,2.33882071630544e+27,0,"NoError_anova"
"7","exp_env_factor:gen_factor",81,1199.82955226336,14.8127105217699,4.09729182104542e+27,0,"NoError_anova"
"8","Residuals                ",1400,5.06134189026024e-24,3.61524420732874e-27,NA,NA,"NoError_anova"
