"","Fixed_effect","Df","Sum Sq","Mean Sq","F value","Pr(>F)","data_class"
"1","exp_env_factor           ",4,29.1529605631968,7.28824014079919,18.8499024854034,2.21457898876398e-13,"Raw_anova"
"2","gen_factor               ",4,22.8783725770123,5.71959314425307,14.792840376076,9.56284707104362e-11,"Raw_anova"
"3","exp_env_factor:gen_factor",16,109.973307974001,6.87333174837505,17.7768062939389,1.215676766143e-31,"Raw_anova"
"4","Residuals                ",225,86.9953588857901,0.386646039492401,NA,NA,"Raw_anova"
"5","exp_env_factor           ",4,49.4668054676315,12.3667013669079,9.70705457834102e+29,0,"NoError_anova"
"6","gen_factor               ",4,32.3572152579077,8.08930381447693,6.34957627731116e+29,0,"NoError_anova"
"7","exp_env_factor:gen_factor",16,167.175979274461,10.4484987046538,8.20139050654213e+29,0,"NoError_anova"
"8","Residuals                ",225,2.86648002759022e-27,1.27399112337343e-29,NA,NA,"NoError_anova"
