"","Fixed_effect","Df","Sum Sq","Mean Sq","F value","Pr(>F)","data_class"
"1","exp_env_factor           ",4,21.7192225031149,5.42980562577873,6.87171728354179,3.0959556848046e-05,"Raw_anova"
"2","gen_factor               ",4,10.4592398556481,2.61480996391202,3.30918564319962,0.0116795599153628,"Raw_anova"
"3","exp_env_factor:gen_factor",16,39.0339169650661,2.43961981031663,3.08747288047156,9.67907343802516e-05,"Raw_anova"
"4","Residuals                ",225,177.787620676171,0.790167203005204,NA,NA,"Raw_anova"
"5","exp_env_factor           ",4,56.1435670249683,14.0358917562421,1.61597901989801e+30,0,"NoError_anova"
"6","gen_factor               ",4,45.2067213089187,11.3016803272297,1.3011840370082e+30,0,"NoError_anova"
"7","exp_env_factor:gen_factor",16,147.649711666113,9.22810697913209,1.0624495778845e+30,0,"NoError_anova"
"8","Residuals                ",225,1.9542801028158e-27,8.68568934584801e-30,NA,NA,"NoError_anova"
