"","Fixed_effect","Df","Sum Sq","Mean Sq","F value","Pr(>F)","data_class"
"1","exp_env_factor           ",2,18.078019197544,9.03900959877198,10.1988825751059,7.84646751312127e-05,"Raw_anova"
"2","gen_factor               ",2,1.19246252286241,0.596231261431203,0.672738816846729,0.512132294756267,"Raw_anova"
"3","exp_env_factor:gen_factor",4,3.05893073648258,0.764732684120645,0.862862104688063,0.488311554609613,"Raw_anova"
"4","Residuals                ",126,111.670587543111,0.886274504310405,NA,NA,"Raw_anova"
"5","exp_env_factor           ",2,129.43861689222,64.7193084461101,2.5835372499097e+31,0,"NoError_anova"
"6","gen_factor               ",2,2.81662309467631,1.40831154733816,5.62185448111781e+29,0,"NoError_anova"
"7","exp_env_factor:gen_factor",4,1.74476001310344,0.43619000327586,1.74123171053314e+29,0,"NoError_anova"
"8","Residuals                ",126,3.15638292596512e-28,2.50506581425803e-30,NA,NA,"NoError_anova"
