"","Fixed_effect","Df","Sum Sq","Mean Sq","F value","Pr(>F)","data_class"
"1","exp_env_factor           ",9,36.6812808023593,4.07569786692881,52.4788902060835,1.47555987923553e-76,"Raw_anova"
"2","gen_factor               ",9,458.54466221741,50.9494069130456,656.027119465942,0,"Raw_anova"
"3","exp_env_factor:gen_factor",81,433.876845628556,5.35650426701921,68.9706176697393,0,"Raw_anova"
"4","Residuals                ",900,69.8972113516743,0.077663568168527,NA,NA,"Raw_anova"
"5","exp_env_factor           ",9,35.5533099616398,3.95036777351554,5.54206131523815e+28,0,"NoError_anova"
"6","gen_factor               ",9,490.119464698978,54.4577182998865,7.6399978738524e+29,0,"NoError_anova"
"7","exp_env_factor:gen_factor",81,473.32722533938,5.8435459918442,8.19804434471531e+28,0,"NoError_anova"
"8","Residuals                ",900,6.41517802480539e-26,7.1279755831171e-29,NA,NA,"NoError_anova"
