"","Fixed_effect","Df","Sum Sq","Mean Sq","F value","Pr(>F)","data_class"
"1","exp_env_factor           ",1,4.33047740557926,4.33047740557926,6.75241117189582,0.0119436762002286,"Raw_anova"
"2","gen_factor               ",1,16.9222071112828,16.9222071112828,26.3863979994779,3.66242259817644e-06,"Raw_anova"
"3","exp_env_factor:gen_factor",1,1.83322071921499,1.83322071921499,2.85849778341526,0.0964517050401673,"Raw_anova"
"4","Residuals                ",56,35.914094763923,0.641323120784339,NA,NA,"Raw_anova"
"5","exp_env_factor           ",1,18.6702515994124,18.6702515994124,3.80967053600587e+31,0,"NoError_anova"
"6","gen_factor               ",1,40.2709329118996,40.2709329118996,8.21729614917247e+31,0,"NoError_anova"
"7","exp_env_factor:gen_factor",1,0.058815488687986,0.058815488687986,1.20013184140731e+29,0,"NoError_anova"
"8","Residuals                ",56,2.74442128180264e-29,4.90075228893329e-31,NA,NA,"NoError_anova"
