"","Fixed_effect","Df","Sum Sq","Mean Sq","F value","Pr(>F)","data_class"
"1","exp_env_factor           ",9,45.328854393265,5.03653937702945,70.4398626082795,5.99152710126813e-77,"Raw_anova"
"2","gen_factor               ",9,140.876318004211,15.6529242226902,218.918139842761,1.50734558105609e-148,"Raw_anova"
"3","exp_env_factor:gen_factor",81,284.194321068103,3.50857186503831,49.0700660957283,9.98729430488979e-165,"Raw_anova"
"4","Residuals                ",400,28.6005065344205,0.0715012663360513,NA,NA,"Raw_anova"
"5","exp_env_factor           ",9,47.1321104817864,5.23690116464294,1.42900099047561e+29,0,"NoError_anova"
"6","gen_factor               ",9,159.025123404346,17.6694581560385,4.82149126216475e+29,0,"NoError_anova"
"7","exp_env_factor:gen_factor",81,292.842766113867,3.61534279152923,9.86523951394139e+28,0,"NoError_anova"
"8","Residuals                ",400,1.46589154228646e-26,3.66472885571616e-29,NA,NA,"NoError_anova"
