"","Fixed_effect","Df","Sum Sq","Mean Sq","F value","Pr(>F)","data_class"
"1","exp_env_factor           ",6,36.9949355075563,6.16582258459272,55.1250644361678,1.65734666288205e-39,"Raw_anova"
"2","gen_factor               ",6,94.7903855828111,15.7983975971352,141.244363356556,2.21889251332141e-68,"Raw_anova"
"3","exp_env_factor:gen_factor",36,90.2917797903117,2.50810499417532,22.4235205472948,7.20198951313539e-52,"Raw_anova"
"4","Residuals                ",196,21.9228991193209,0.111851526118984,NA,NA,"Raw_anova"
"5","exp_env_factor           ",6,37.0726278826797,6.17877131377996,1.36986737291155e+30,0,"NoError_anova"
"6","gen_factor               ",6,106.840184405695,17.8066974009491,3.94784214370712e+30,0,"NoError_anova"
"7","exp_env_factor:gen_factor",36,100.087187711626,2.78019965865627,6.16385460662591e+29,0,"NoError_anova"
"8","Residuals                ",196,8.84055786310829e-28,4.51048870566749e-30,NA,NA,"NoError_anova"
