"","Fixed_effect","Df","Sum Sq","Mean Sq","F value","Pr(>F)","data_class"
"1","exp_env_factor           ",6,23.1450332323744,3.85750553872906,15.4041447528918,1.91691972574048e-14,"Raw_anova"
"2","gen_factor               ",6,13.4817491603753,2.24695819339589,8.97275944707271,1.15920352812906e-08,"Raw_anova"
"3","exp_env_factor:gen_factor",36,158.290902573242,4.39696951592339,17.5583817618191,4.35733504667913e-44,"Raw_anova"
"4","Residuals                ",196,49.0823150340081,0.250419974663306,NA,NA,"Raw_anova"
"5","exp_env_factor           ",6,30.7008753101253,5.11681255168755,3.69836158297952e+29,0,"NoError_anova"
"6","gen_factor               ",6,18.7079397393047,3.11798995655078,2.25364016268688e+29,0,"NoError_anova"
"7","exp_env_factor:gen_factor",36,194.59118495057,5.40531069307139,3.90688406295645e+29,0,"NoError_anova"
"8","Residuals                ",196,2.71172852526441e-27,1.3835349618696e-29,NA,NA,"NoError_anova"
