"","Fixed_effect","Df","Sum Sq","Mean Sq","F value","Pr(>F)","data_class"
"1","exp_env_factor           ",2,5.10382746078637,2.55191373039319,2.99043832379675,0.0558444678281593,"Raw_anova"
"2","gen_factor               ",2,12.9080342952989,6.45401714764944,7.56308490796771,0.000973995441958549,"Raw_anova"
"3","exp_env_factor:gen_factor",4,1.86616019910123,0.466540049775307,0.546710975303685,0.701911418825578,"Raw_anova"
"4","Residuals                ",81,69.1219780448135,0.853357753639673,NA,NA,"Raw_anova"
"5","exp_env_factor           ",2,16.2140098944897,8.10700494724484,3.31963876484312e+30,0,"NoError_anova"
"6","gen_factor               ",2,32.8767555850942,16.4383777925471,6.73115120890868e+30,0,"NoError_anova"
"7","exp_env_factor:gen_factor",4,39.9092345204161,9.97730863010404,4.08548665170772e+30,0,"NoError_anova"
"8","Residuals                ",81,1.97812908946996e-28,2.44213467835798e-30,NA,NA,"NoError_anova"
