"","Fixed_effect","Df","Sum Sq","Mean Sq","F value","Pr(>F)","data_class"
"1","exp_env_factor           ",2,37.0482154681399,18.52410773407,94.524081305049,6.61109781092766e-22,"Raw_anova"
"2","gen_factor               ",2,7.12774560853434,3.56387280426717,18.185588614982,2.99505023874871e-07,"Raw_anova"
"3","exp_env_factor:gen_factor",4,28.9502773829475,7.23756934573688,36.9315814347757,1.49702601458817e-17,"Raw_anova"
"4","Residuals                ",81,15.8737615403782,0.195972364696027,NA,NA,"Raw_anova"
"5","exp_env_factor           ",2,53.5130033183548,26.7565016591774,1.08290674793989e+31,0,"NoError_anova"
"6","gen_factor               ",2,4.88866859415909,2.44433429707954,9.89287066839112e+29,0,"NoError_anova"
"7","exp_env_factor:gen_factor",4,30.5983280874861,7.64958202187153,3.09598919018736e+30,0,"NoError_anova"
"8","Residuals                ",81,2.00135112142978e-28,2.47080385361701e-30,NA,NA,"NoError_anova"
