"","Fixed_effect","Df","Sum Sq","Mean Sq","F value","Pr(>F)","data_class"
"1","exp_env_factor           ",4,54.4123624979043,13.6030906244761,62.4649948644123,8.3517917207683e-40,"Raw_anova"
"2","gen_factor               ",4,89.8095711336772,22.4523927834193,103.100731931209,6.46174161588286e-58,"Raw_anova"
"3","exp_env_factor:gen_factor",16,153.558069410103,9.59737933813147,44.0708856257648,9.6337503041062e-74,"Raw_anova"
"4","Residuals                ",350,76.2199969583143,0.217771419880898,NA,NA,"Raw_anova"
"5","exp_env_factor           ",4,58.675646687215,14.6689116718038,4.47252912740733e+29,0,"NoError_anova"
"6","gen_factor               ",4,108.820555183322,27.2051387958305,8.29480594074293e+29,0,"NoError_anova"
"7","exp_env_factor:gen_factor",16,206.503798129463,12.9064873830914,3.93516860997592e+29,0,"NoError_anova"
"8","Residuals                ",350,1.1479230070677e-26,3.27978002019344e-29,NA,NA,"NoError_anova"
