"","Fixed_effect","Df","Sum Sq","Mean Sq","F value","Pr(>F)","data_class"
"1","exp_env_factor           ",4,14.2668091909474,3.56670229773684,20.853757173569,1.59854256808065e-12,"Raw_anova"
"2","gen_factor               ",4,45.4387610830235,11.3596902707559,66.4177166184044,2.61516590641454e-27,"Raw_anova"
"3","exp_env_factor:gen_factor",16,47.1910259218581,2.94943912011613,17.2447493720332,5.6166138317954e-22,"Raw_anova"
"4","Residuals                ",100,17.1034038041713,0.171034038041713,NA,NA,"Raw_anova"
"5","exp_env_factor           ",4,13.9115798591282,3.47789496478205,1.19159899664864e+30,0,"NoError_anova"
"6","gen_factor               ",4,36.8702699702022,9.21756749255056,3.15812992827192e+30,0,"NoError_anova"
"7","exp_env_factor:gen_factor",16,73.2181501706698,4.57613438566686,1.56787861557277e+30,0,"NoError_anova"
"8","Residuals                ",100,2.91867899735027e-28,2.91867899735027e-30,NA,NA,"NoError_anova"
