"","Fixed_effect","Df","Sum Sq","Mean Sq","F value","Pr(>F)","data_class"
"1","exp_env_factor           ",9,372.536893569664,41.3929881744071,230.874115684889,2.1636778664873e-152,"Raw_anova"
"2","gen_factor               ",9,2.89181208809701,0.321312454233001,1.79215688456751,0.0679269156258034,"Raw_anova"
"3","exp_env_factor:gen_factor",81,51.8560428483858,0.640198059856615,3.57077774404227,2.46309851405781e-17,"Raw_anova"
"4","Residuals                ",400,71.7152514938536,0.179288128734634,NA,NA,"Raw_anova"
"5","exp_env_factor           ",9,443.155114753212,49.2394571948013,7.34287565630402e+29,0,"NoError_anova"
"6","gen_factor               ",9,1.69373835145291,0.188193150161434,2.80644625211153e+27,0,"NoError_anova"
"7","exp_env_factor:gen_factor",81,54.1511468953362,0.6685326777202,9.96955004043724e+27,0,"NoError_anova"
"8","Residuals                ",400,2.68229829835281e-26,6.70574574588202e-29,NA,NA,"NoError_anova"
