"","Fixed_effect","Df","Sum Sq","Mean Sq","F value","Pr(>F)","data_class"
"1","exp_env_factor           ",9,42.5180493956791,4.72422771063101,55.8576976631673,2.64632050474378e-65,"Raw_anova"
"2","gen_factor               ",9,77.8552944641921,8.65058827379912,102.281679462456,5.26942589078215e-98,"Raw_anova"
"3","exp_env_factor:gen_factor",81,344.796205489484,4.25674327764795,50.3303171643307,1.08401783789883e-166,"Raw_anova"
"4","Residuals                ",400,33.8304506506445,0.0845761266266113,NA,NA,"Raw_anova"
"5","exp_env_factor           ",9,41.6009910951604,4.62233234390671,1.98306296497979e+28,0,"NoError_anova"
"6","gen_factor               ",9,83.1342585288393,9.2371398365377,3.96289763463774e+28,0,"NoError_anova"
"7","exp_env_factor:gen_factor",81,374.264750376,4.62055247377778,1.98229936896969e+28,0,"NoError_anova"
"8","Residuals                ",400,9.32362194349952e-26,2.33090548587488e-28,NA,NA,"NoError_anova"
