"","Fixed_effect","Df","Sum Sq","Mean Sq","F value","Pr(>F)","data_class"
"1","exp_env_factor           ",1,0.233773717388578,0.233773717388578,0.225762260015476,0.636532032549874,"Raw_anova"
"2","gen_factor               ",1,0.107444590529725,0.107444590529725,0.103762449668832,0.748559883080898,"Raw_anova"
"3","exp_env_factor:gen_factor",1,0.671551351355291,0.671551351355291,0.648537194394741,0.424042401570997,"Raw_anova"
"4","Residuals                ",56,57.9872303407264,1.0354862560844,NA,NA,"Raw_anova"
"5","exp_env_factor           ",1,26.2508654449779,26.2508654449779,6.40260369941252e+31,0,"NoError_anova"
"6","gen_factor               ",1,6.70579033168098,6.70579033168098,1.63554676226186e+31,0,"NoError_anova"
"7","exp_env_factor:gen_factor",1,26.0433442233411,26.0433442233411,6.35198913418446e+31,0,"NoError_anova"
"8","Residuals                ",56,2.29601664250068e-29,4.10002971875122e-31,NA,NA,"NoError_anova"
