"","Fixed_effect","Df","Sum Sq","Mean Sq","F value","Pr(>F)","data_class"
"1","exp_env_factor           ",4,30.0677885096502,7.51694712741254,24.2486778655697,1.0720918164803e-16,"Raw_anova"
"2","gen_factor               ",4,35.2157188778724,8.8039297194681,28.4003135980527,4.15693876687454e-19,"Raw_anova"
"3","exp_env_factor:gen_factor",16,113.967819590214,7.12298872438836,22.9778201296506,1.0176066641656e-38,"Raw_anova"
"4","Residuals                ",225,69.7486730222635,0.309994102321171,NA,NA,"Raw_anova"
"5","exp_env_factor           ",4,40.2814345941204,10.0703586485301,7.15612499294068e+29,0,"NoError_anova"
"6","gen_factor               ",4,71.022236975488,17.755559243872,1.26173263240488e+30,0,"NoError_anova"
"7","exp_env_factor:gen_factor",16,137.696328430392,8.60602052689948,6.11554769117336e+29,0,"NoError_anova"
"8","Residuals                ",225,3.16628160932691e-27,1.40723627081196e-29,NA,NA,"NoError_anova"
