"","Fixed_effect","Df","Sum Sq","Mean Sq","F value","Pr(>F)","data_class"
"1","exp_env_factor           ",6,22.9442423053225,3.82404038422042,6.75588747602223,7.30930965079286e-07,"Raw_anova"
"2","gen_factor               ",6,124.963130065353,20.8271883442256,36.7951503535689,3.79003152657791e-36,"Raw_anova"
"3","exp_env_factor:gen_factor",36,91.4730453869425,2.54091792741507,4.48901002046383,1.1628625931397e-14,"Raw_anova"
"4","Residuals                ",441,249.619582242381,0.566030798735559,NA,NA,"Raw_anova"
"5","exp_env_factor           ",6,45.7761266877936,7.62935444796559,2.05382630618722e+29,0,"NoError_anova"
"6","gen_factor               ",6,235.484684817071,39.2474474695119,1.05654338926512e+30,0,"NoError_anova"
"7","exp_env_factor:gen_factor",36,207.739188495136,5.77053301375377,1.55343057990046e+29,0,"NoError_anova"
"8","Residuals                ",441,1.63818396006372e-26,3.71470285728734e-29,NA,NA,"NoError_anova"
