"","Fixed_effect","Df","Sum Sq","Mean Sq","F value","Pr(>F)","data_class"
"1","exp_env_factor           ",4,27.4035844125672,6.8508961031418,32.0393592783584,3.56403676696326e-17,"Raw_anova"
"2","gen_factor               ",4,7.56113798405119,1.8902844960128,8.84023099960462,3.74431921151367e-06,"Raw_anova"
"3","exp_env_factor:gen_factor",16,67.6525275813818,4.22828297383636,19.7742711741289,4.28040627599977e-24,"Raw_anova"
"4","Residuals                ",100,21.3827500219999,0.213827500219999,NA,NA,"Raw_anova"
"5","exp_env_factor           ",4,27.533453920299,6.88336348007475,3.42555888746625e+29,0,"NoError_anova"
"6","gen_factor               ",4,10.2176227417712,2.55440568544281,1.27121967673105e+29,0,"NoError_anova"
"7","exp_env_factor:gen_factor",16,86.2489233379299,5.39055770862062,2.68265258991735e+29,0,"NoError_anova"
"8","Residuals                ",100,2.00941326837505e-27,2.00941326837505e-29,NA,NA,"NoError_anova"
