"","Fixed_effect","Df","Sum Sq","Mean Sq","F value","Pr(>F)","data_class"
"1","exp_env_factor           ",2,1.23349357091479,0.616746785457393,1.39520133150408,0.260860206210482,"Raw_anova"
"2","gen_factor               ",2,7.99870934262253,3.99935467131126,9.04731908482077,0.000655645447441493,"Raw_anova"
"3","exp_env_factor:gen_factor",4,18.8540477406743,4.71351193516856,10.662881887792,8.36707825526111e-06,"Raw_anova"
"4","Residuals                ",36,15.9137493457884,0.442048592938567,NA,NA,"Raw_anova"
"5","exp_env_factor           ",2,3.02663610822117,1.51331805411058,4.53148591598756e+30,0,"NoError_anova"
"6","gen_factor               ",2,18.6422997773709,9.32114988868545,2.79112902450714e+31,0,"NoError_anova"
"7","exp_env_factor:gen_factor",4,22.3310641144079,5.58276602860198,1.67170579655392e+31,0,"NoError_anova"
"8","Residuals                ",36,1.20224250848429e-29,3.33956252356747e-31,NA,NA,"NoError_anova"
