"","Fixed_effect","Df","Sum Sq","Mean Sq","F value","Pr(>F)","data_class"
"1","exp_env_factor           ",2,3.62950910644031,1.81475455322015,3.02916057524128,0.0538674733302535,"Raw_anova"
"2","gen_factor               ",2,33.5102408104246,16.7551204052123,27.9673910032795,5.81882621646438e-10,"Raw_anova"
"3","exp_env_factor:gen_factor",4,3.33356582205927,0.833391455514817,1.39108428537012,0.244409256994347,"Raw_anova"
"4","Residuals                ",81,48.5266842610758,0.599094867420689,NA,NA,"Raw_anova"
"5","exp_env_factor           ",2,14.015885422617,7.00794271130851,5.80306710588143e+30,0,"NoError_anova"
"6","gen_factor               ",2,70.936071642922,35.468035821461,2.9370016346397e+31,0,"NoError_anova"
"7","exp_env_factor:gen_factor",4,4.04804293446103,1.01201073361526,8.38015726008279e+29,0,"NoError_anova"
"8","Residuals                ",81,9.78178175883372e-29,1.20762737763379e-30,NA,NA,"NoError_anova"
