"","Fixed_effect","Df","Sum Sq","Mean Sq","F value","Pr(>F)","data_class"
"1","exp_env_factor           ",6,45.829275461077,7.63821257684617,67.7677410116395,1.54797292585336e-59,"Raw_anova"
"2","gen_factor               ",6,75.3596927737778,12.5599487956296,111.434363542305,3.91955657736691e-85,"Raw_anova"
"3","exp_env_factor:gen_factor",36,318.105202765907,8.83625563238632,78.3970172581198,7.10279614350974e-168,"Raw_anova"
"4","Residuals                ",441,49.7058289992374,0.112711630383758,NA,NA,"Raw_anova"
"5","exp_env_factor           ",6,49.064587413114,8.177431235519,5.2608827040992e+28,0,"NoError_anova"
"6","gen_factor               ",6,90.5598110656855,15.0933018442809,9.71015082039836e+28,0,"NoError_anova"
"7","exp_env_factor:gen_factor",36,349.3756015212,9.70487782003334,6.24355282219244e+28,0,"NoError_anova"
"8","Residuals                ",441,6.85483288204458e-26,1.5543838734795e-28,NA,NA,"NoError_anova"
