"","Fixed_effect","Df","Sum Sq","Mean Sq","F value","Pr(>F)","data_class"
"1","exp_env_factor           ",1,2.80346198223486,2.80346198223486,3.38525296493312,0.071084180074081,"Raw_anova"
"2","gen_factor               ",1,4.59607106806886,4.59607106806886,5.54987487214658,0.0220084117267458,"Raw_anova"
"3","exp_env_factor:gen_factor",1,5.224650243705,5.224650243705,6.30890050955548,0.0149234401584361,"Raw_anova"
"4","Residuals                ",56,46.3758167059913,0.828139584035559,NA,NA,"Raw_anova"
"5","exp_env_factor           ",1,21.6603999797613,21.6603999797613,8.37521901475166e+30,0,"NoError_anova"
"6","gen_factor               ",1,14.2994241845963,14.2994241845963,5.52902113731652e+30,0,"NoError_anova"
"7","exp_env_factor:gen_factor",1,23.0401758356424,23.0401758356424,8.90872370511141e+30,0,"NoError_anova"
"8","Residuals                ",56,1.4482993181792e-28,2.58624878246286e-30,NA,NA,"NoError_anova"
