"","Fixed_effect","Df","Sum Sq","Mean Sq","F value","Pr(>F)","data_class"
"1","exp_env_factor           ",6,10.4186552251806,1.7364425375301,6.06894346315361,7.57146250126636e-06,"Raw_anova"
"2","gen_factor               ",6,41.8241999718401,6.97069999530668,24.3629047640674,1.78684150326524e-21,"Raw_anova"
"3","exp_env_factor:gen_factor",36,135.677739973749,3.76882611038193,13.1722139328026,1.23439763000192e-35,"Raw_anova"
"4","Residuals                ",196,56.0794048292299,0.28611941239403,NA,NA,"Raw_anova"
"5","exp_env_factor           ",6,14.1400838400161,2.35668064000268,3.40728572583797e+29,0,"NoError_anova"
"6","gen_factor               ",6,53.960241857339,8.99337364288983,1.30026076170045e+30,0,"NoError_anova"
"7","exp_env_factor:gen_factor",36,175.899674302645,4.88610206396236,7.06431984670926e+29,0,"NoError_anova"
"8","Residuals                ",196,1.35565210143016e-27,6.91659235423553e-30,NA,NA,"NoError_anova"
