"","Fixed_effect","Df","Sum Sq","Mean Sq","F value","Pr(>F)","data_class"
"1","exp_env_factor           ",9,106.549249705911,11.8388055228789,282.792856520399,1.89802694024058e-307,"Raw_anova"
"2","gen_factor               ",9,201.733929774114,22.4148810860127,535.422956195088,0,"Raw_anova"
"3","exp_env_factor:gen_factor",81,1132.10739192277,13.9766344681824,333.859051756566,0,"Raw_anova"
"4","Residuals                ",1400,58.6094285972,0.0418638775694286,NA,NA,"Raw_anova"
"5","exp_env_factor           ",9,115.58667362952,12.8429637366133,1.20427419592985e+28,0,"NoError_anova"
"6","gen_factor               ",9,214.648561748839,23.8498401943154,2.23637999079475e+28,0,"NoError_anova"
"7","exp_env_factor:gen_factor",81,1168.76476462165,14.4291946249586,1.3530137677917e+28,0,"NoError_anova"
"8","Residuals                ",1400,1.49302785794358e-24,1.0664484699597e-27,NA,NA,"NoError_anova"
