"","Fixed_effect","Df","Sum Sq","Mean Sq","F value","Pr(>F)","data_class"
"1","exp_env_factor           ",1,4.12989428780551,4.12989428780551,6.04777668823857,0.0256938591795787,"Raw_anova"
"2","gen_factor               ",1,3.66468191278688,3.66468191278688,5.36652424915671,0.0341142434172923,"Raw_anova"
"3","exp_env_factor:gen_factor",1,0.279374110206294,0.279374110206294,0.409112706829311,0.531472478481666,"Raw_anova"
"4","Residuals                ",16,10.9260496892013,0.682878105575083,NA,NA,"Raw_anova"
"5","exp_env_factor           ",1,2.12515723813364,2.12515723813364,4.22371186658521e+31,8.32729992662075e-245,"NoError_anova"
"6","gen_factor               ",1,14.0562611157787,14.0562611157787,2.79365666733792e+32,2.27339146805798e-251,"NoError_anova"
"7","exp_env_factor:gen_factor",1,2.81858164608762,2.81858164608762,5.60188043119796e+31,8.69736705301254e-246,"NoError_anova"
"8","Residuals                ",16,8.05038716753864e-31,5.03149197971165e-32,NA,NA,"NoError_anova"
