"","Fixed_effect","Df","Sum Sq","Mean Sq","F value","Pr(>F)","data_class"
"1","exp_env_factor           ",2,25.9400462973834,12.9700231486917,16.5789516793894,4.05664636448957e-07,"Raw_anova"
"2","gen_factor               ",2,8.09304292636226,4.04652146318113,5.17247217206849,0.00693561355063172,"Raw_anova"
"3","exp_env_factor:gen_factor",4,1.39476047758442,0.348690119396104,0.44571367177025,0.77534657977845,"Raw_anova"
"4","Residuals                ",126,98.5721502986699,0.782318653164047,NA,NA,"Raw_anova"
"5","exp_env_factor           ",2,103.11148973334,51.55574486667,5.40163792339411e+30,0,"NoError_anova"
"6","gen_factor               ",2,14.1172368823935,7.05861844119674,7.39550968710502e+29,0,"NoError_anova"
"7","exp_env_factor:gen_factor",4,16.7712733842665,4.19281834606663,4.39293169802648e+29,0,"NoError_anova"
"8","Residuals                ",126,1.20260260782505e-27,9.54446514146862e-30,NA,NA,"NoError_anova"
