"","Fixed_effect","Df","Sum Sq","Mean Sq","F value","Pr(>F)","data_class"
"1","exp_env_factor           ",1,17.777606777198,17.777606777198,24.8906137900418,6.22948887110433e-06,"Raw_anova"
"2","gen_factor               ",1,0.101781884332927,0.101781884332927,0.142505884256761,0.707229390810551,"Raw_anova"
"3","exp_env_factor:gen_factor",1,1.12376803356898,1.12376803356898,1.5733994155522,0.214924489637861,"Raw_anova"
"4","Residuals                ",56,39.9968433049001,0.714229344730359,NA,NA,"Raw_anova"
"5","exp_env_factor           ",1,54.7869802249223,54.7869802249223,1.48360293337306e+32,0,"NoError_anova"
"6","gen_factor               ",1,1.03961963386068,1.03961963386068,2.81523590469094e+30,0,"NoError_anova"
"7","exp_env_factor:gen_factor",1,3.17340014121693,3.17340014121693,8.59340255467163e+30,0,"NoError_anova"
"8","Residuals                ",56,2.06798653708524e-29,3.69283310193792e-31,NA,NA,"NoError_anova"
