"","Fixed_effect","Df","Sum Sq","Mean Sq","F value","Pr(>F)","data_class"
"1","exp_env_factor           ",6,17.1086003976929,2.85143339961549,15.8571433812361,4.12533883488915e-17,"Raw_anova"
"2","gen_factor               ",6,242.403991818994,40.4006653031656,224.672665507816,3.23205328450289e-158,"Raw_anova"
"3","exp_env_factor:gen_factor",36,351.13080659051,9.75363351640306,54.241058261606,7.04407348804818e-175,"Raw_anova"
"4","Residuals                ",686,123.356601192803,0.179820118356855,NA,NA,"Raw_anova"
"5","exp_env_factor           ",6,29.1078228382639,4.85130380637732,6.60309888807032e+27,0,"NoError_anova"
"6","gen_factor               ",6,288.204401983579,48.0340669972632,6.53790624207415e+28,0,"NoError_anova"
"7","exp_env_factor:gen_factor",36,416.687775178157,11.5746604216155,1.57542447165009e+28,0,"NoError_anova"
"8","Residuals                ",686,5.04004932772923e-25,7.34701068182103e-28,NA,NA,"NoError_anova"
