"","Fixed_effect","Df","Sum Sq","Mean Sq","F value","Pr(>F)","data_class"
"1","exp_env_factor           ",4,26.2511010872045,6.56277527180111,12.5592887257444,1.4704240047947e-09,"Raw_anova"
"2","gen_factor               ",4,65.8236226703789,16.4559056675947,31.4919316849036,2.04569666323714e-22,"Raw_anova"
"3","exp_env_factor:gen_factor",16,99.0350349804255,6.18968968627659,11.8453088324895,1.07044269267543e-24,"Raw_anova"
"4","Residuals                ",350,182.890241261991,0.522543546462832,NA,NA,"Raw_anova"
"5","exp_env_factor           ",4,84.0882925347123,21.0220731336781,3.3986028592468e+29,0,"NoError_anova"
"6","gen_factor               ",4,130.557823869814,32.6394559674535,5.27676541080698e+29,0,"NoError_anova"
"7","exp_env_factor:gen_factor",16,159.353883595473,9.95961772471705,1.61015448195742e+29,0,"NoError_anova"
"8","Residuals                ",350,2.16492655997411e-26,6.18550445706887e-29,NA,NA,"NoError_anova"
