"","Fixed_effect","Df","Sum Sq","Mean Sq","F value","Pr(>F)","data_class"
"1","exp_env_factor           ",6,123.460169759076,20.5766949598461,208.490746510973,2.34602298670593e-125,"Raw_anova"
"2","gen_factor               ",6,129.237453581906,21.5395755969843,218.247012190649,1.32837729585747e-128,"Raw_anova"
"3","exp_env_factor:gen_factor",36,192.778514669227,5.35495874081187,54.2584388593998,1.18811861727921e-138,"Raw_anova"
"4","Residuals                ",441,43.5238619897911,0.0986935646027009,NA,NA,"Raw_anova"
"5","exp_env_factor           ",6,136.91780692706,22.8196344878433,3.895675069696e+29,0,"NoError_anova"
"6","gen_factor               ",6,137.641738427214,22.940289737869,3.91627284262718e+29,0,"NoError_anova"
"7","exp_env_factor:gen_factor",36,214.440454645727,5.95667929571463,1.0169000315431e+29,0,"NoError_anova"
"8","Residuals                ",441,2.58323875300108e-26,5.85768424716798e-29,NA,NA,"NoError_anova"
