"","Fixed_effect","Df","Sum Sq","Mean Sq","F value","Pr(>F)","data_class"
"1","exp_env_factor           ",1,0.0956124731793124,0.0956124731793124,0.0941962285424946,0.760677125445275,"Raw_anova"
"2","gen_factor               ",1,1.85682932236206,1.85682932236206,1.82932533170229,0.184642240316431,"Raw_anova"
"3","exp_env_factor:gen_factor",1,0.506296545533054,0.506296545533054,0.498797108028641,0.484575144266744,"Raw_anova"
"4","Residuals                ",36,36.5412616589256,1.01503504608127,NA,NA,"Raw_anova"
"5","exp_env_factor           ",1,37.6629954684121,37.6629954684121,8.13185056706553e+31,0,"NoError_anova"
"6","gen_factor               ",1,0.01781458404616,0.01781458404616,3.84636255231747e+28,0,"NoError_anova"
"7","exp_env_factor:gen_factor",1,1.31918994754171,1.31918994754171,2.84827464984333e+30,0,"NoError_anova"
"8","Residuals                ",36,1.6673545900538e-29,4.63154052792724e-31,NA,NA,"NoError_anova"
