"","Fixed_effect","Df","Sum Sq","Mean Sq","F value","Pr(>F)","data_class"
"1","exp_env_factor           ",2,3.06592832842398,1.53296416421199,2.71706507326164,0.0796153756351308,"Raw_anova"
"2","gen_factor               ",2,9.85631291482762,4.92815645741381,8.73479113120103,0.000808207308482718,"Raw_anova"
"3","exp_env_factor:gen_factor",4,10.7666110942509,2.69165277356274,4.77075453629703,0.00342468620272962,"Raw_anova"
"4","Residuals                ",36,20.3111476624975,0.564198546180485,NA,NA,"Raw_anova"
"5","exp_env_factor           ",2,0.754480904284195,0.377240452142097,5.04817481808071e+29,0,"NoError_anova"
"6","gen_factor               ",2,33.8909948776622,16.9454974388311,2.26762090239294e+31,0,"NoError_anova"
"7","exp_env_factor:gen_factor",4,9.35452421805359,2.3386310545134,3.12952079532794e+30,0,"NoError_anova"
"8","Residuals                ",36,2.69021116869301e-29,7.47280880192501e-31,NA,NA,"NoError_anova"
