"","row","aov_coefs"
"(Intercept)",5366,0.297512856485322
"exp_env_factorE_2",5366,-0.0199949658969483
"gen_factorG_2",5366,-1.42188323534522
"exp_env_factorE_2:gen_factorG_2",5366,1.69370497654304
