"","Fixed_effect","Df","Sum Sq","Mean Sq","F value","Pr(>F)","data_class"
"1","exp_env_factor           ",4,33.3739139022686,8.34347847556714,20.1268289847293,3.48317727725016e-14,"Raw_anova"
"2","gen_factor               ",4,51.4494861687484,12.8623715421871,31.0276766609687,1.4122150679253e-20,"Raw_anova"
"3","exp_env_factor:gen_factor",16,70.9039508481495,4.43149692800935,10.6900234809241,4.16881815175318e-20,"Raw_anova"
"4","Residuals                ",225,93.2726490808334,0.414545107025926,NA,NA,"Raw_anova"
"5","exp_env_factor           ",4,54.9894594527327,13.7473648631832,6.56498913541783e+29,0,"NoError_anova"
"6","gen_factor               ",4,81.1464676498923,20.2866169124731,9.68777805421041e+29,0,"NoError_anova"
"7","exp_env_factor:gen_factor",16,112.864072897375,7.05400455608595,3.36860654625626e+29,0,"NoError_anova"
"8","Residuals                ",225,4.7115951457235e-27,2.09404228698822e-29,NA,NA,"NoError_anova"
