"","Fixed_effect","Df","Sum Sq","Mean Sq","F value","Pr(>F)","data_class"
"1","exp_env_factor           ",9,30.8310834551581,3.42567593946201,15.2073393811835,2.44678495828099e-21,"Raw_anova"
"2","gen_factor               ",9,121.488144117422,13.4986826797135,59.923662464566,1.04019393863337e-68,"Raw_anova"
"3","exp_env_factor:gen_factor",81,256.574913576116,3.16759152563106,14.0616451183638,1.7590008008448e-77,"Raw_anova"
"4","Residuals                ",400,90.1058588513046,0.225264647128261,NA,NA,"Raw_anova"
"5","exp_env_factor           ",9,44.9427720786254,4.99364134206949,1.02998473373165e+29,0,"NoError_anova"
"6","gen_factor               ",9,170.539924684031,18.9488805204479,3.90838194424232e+29,0,"NoError_anova"
"7","exp_env_factor:gen_factor",81,283.517303237344,3.50021362021413,7.21951447183043e+28,0,"NoError_anova"
"8","Residuals                ",400,1.93930693476493e-26,4.84826733691232e-29,NA,NA,"NoError_anova"
