"","Fixed_effect","Df","Sum Sq","Mean Sq","F value","Pr(>F)","data_class"
"1","exp_env_factor           ",6,16.3463746643268,2.7243957773878,10.7546556822708,3.57569556306588e-11,"Raw_anova"
"2","gen_factor               ",6,38.9499635176543,6.49166058627571,25.626076428038,3.84441453658363e-26,"Raw_anova"
"3","exp_env_factor:gen_factor",36,321.988459274748,8.94412386874301,35.3072682707433,3.16912310355604e-107,"Raw_anova"
"4","Residuals                ",441,111.71520254327,0.253322454746645,NA,NA,"Raw_anova"
"5","exp_env_factor           ",6,23.0664344925132,3.84440574875221,1.6869086329654e+28,0,"NoError_anova"
"6","gen_factor               ",6,51.4165174233016,8.56941957055027,3.76022428375462e+28,0,"NoError_anova"
"7","exp_env_factor:gen_factor",36,414.517048084185,11.5143624467829,5.05245249434848e+28,0,"NoError_anova"
"8","Residuals                ",441,1.00502356918965e-25,2.27896500950034e-28,NA,NA,"NoError_anova"
