"","Fixed_effect","Df","Sum Sq","Mean Sq","F value","Pr(>F)","data_class"
"1","exp_env_factor           ",2,3.36756001663503,1.68378000831751,5.18052058421836,0.010536291100662,"Raw_anova"
"2","gen_factor               ",2,20.1990167115228,10.0995083557614,31.0733650887017,1.44437504753616e-08,"Raw_anova"
"3","exp_env_factor:gen_factor",4,8.73265318242532,2.18316329560633,6.71698341572533,0.000380954653017595,"Raw_anova"
"4","Residuals                ",36,11.7007700894168,0.32502139137269,NA,NA,"Raw_anova"
"5","exp_env_factor           ",2,7.00750295792624,3.50375147896312,6.42957565291882e+30,0,"NoError_anova"
"6","gen_factor               ",2,26.6066186440259,13.303309322013,2.44123004253073e+31,0,"NoError_anova"
"7","exp_env_factor:gen_factor",4,10.3858783980478,2.59646959951195,4.76466376705071e+30,0,"NoError_anova"
"8","Residuals                ",36,1.96179437107037e-29,5.44942880852881e-31,NA,NA,"NoError_anova"
