"","Fixed_effect","Df","Sum Sq","Mean Sq","F value","Pr(>F)","data_class"
"1","exp_env_factor           ",1,0.0162627620929857,0.0162627620929857,0.0165184820993606,0.898449449453079,"Raw_anova"
"2","gen_factor               ",1,2.94655030966079,2.94655030966079,2.99288265220273,0.092197301576511,"Raw_anova"
"3","exp_env_factor:gen_factor",1,0.594497229163713,0.594497229163713,0.603845262072412,0.442191141970982,"Raw_anova"
"4","Residuals                ",36,35.4426896990825,0.984519158307848,NA,NA,"Raw_anova"
"5","exp_env_factor           ",1,11.3324743110824,11.3324743110824,3.22635638408517e+31,0,"NoError_anova"
"6","gen_factor               ",1,26.9242648534433,26.9242648534433,7.66534045541634e+31,0,"NoError_anova"
"7","exp_env_factor:gen_factor",1,0.743260835474253,0.743260835474253,2.11606422017451e+30,0,"NoError_anova"
"8","Residuals                ",36,1.26448856428688e-29,3.51246823413023e-31,NA,NA,"NoError_anova"
