"","Fixed_effect","Df","Sum Sq","Mean Sq","F value","Pr(>F)","data_class"
"1","exp_env_factor           ",2,2.03527164002538,1.01763582001269,1.15149001744052,0.327535863428055,"Raw_anova"
"2","gen_factor               ",2,2.33072073741689,1.16536036870844,1.31864543768894,0.280107669116123,"Raw_anova"
"3","exp_env_factor:gen_factor",4,7.81880387299566,1.95470096824891,2.21181154176734,0.0871571954505583,"Raw_anova"
"4","Residuals                ",36,31.8152037495621,0.883755659710058,NA,NA,"Raw_anova"
"5","exp_env_factor           ",2,43.058293683266,21.529146841633,2.3382798697246e+31,0,"NoError_anova"
"6","gen_factor               ",2,0.0207275045604128,0.0103637522802064,1.12560676509283e+28,0,"NoError_anova"
"7","exp_env_factor:gen_factor",4,0.920978812173558,0.230244703043389,2.5006868976153e+29,0,"NoError_anova"
"8","Residuals                ",36,3.31461300391759e-29,9.20725834421553e-31,NA,NA,"NoError_anova"
