"","Fixed_effect","Df","Sum Sq","Mean Sq","F value","Pr(>F)","data_class"
"1","exp_env_factor           ",6,127.942124033945,21.3236873389909,364.012663558407,2.18085489729325e-209,"Raw_anova"
"2","gen_factor               ",6,92.6364049294926,15.4394008215821,263.563113051906,2.37621742844503e-174,"Raw_anova"
"3","exp_env_factor:gen_factor",36,473.23591987592,13.1454422187756,224.403376378528,0,"Raw_anova"
"4","Residuals                ",686,40.1855511606415,0.0585795206423346,NA,NA,"Raw_anova"
"5","exp_env_factor           ",6,134.06579869615,22.3442997826916,1.22612609917913e+29,0,"NoError_anova"
"6","gen_factor               ",6,94.1773008834934,15.6962168139156,8.61317708815567e+28,0,"NoError_anova"
"7","exp_env_factor:gen_factor",36,505.756900420357,14.0488027894544,7.70917143517464e+28,0,"NoError_anova"
"8","Residuals                ",686,1.25013158607328e-25,1.82234925083568e-28,NA,NA,"NoError_anova"
