"","Fixed_effect","Df","Sum Sq","Mean Sq","F value","Pr(>F)","data_class"
"1","exp_env_factor           ",2,0.627491784285996,0.313745892142998,0.338811375432957,0.714864593476108,"Raw_anova"
"2","gen_factor               ",2,7.19618462793079,3.59809231396539,3.88554762423389,0.029653199974652,"Raw_anova"
"3","exp_env_factor:gen_factor",4,2.83962672300244,0.709906680750609,0.766621858508776,0.553993347824148,"Raw_anova"
"4","Residuals                ",36,33.3366968647808,0.926019357355021,NA,NA,"Raw_anova"
"5","exp_env_factor           ",2,3.16857949327647,1.58428974663824,1.46856396787831e+30,0,"NoError_anova"
"6","gen_factor               ",2,26.666666099519,13.3333330497595,1.23593885084134e+31,0,"NoError_anova"
"7","exp_env_factor:gen_factor",4,14.1647544072046,3.54118860180114,3.28251949815467e+30,0,"NoError_anova"
"8","Residuals                ",36,3.88368720236112e-29,1.07880200065587e-30,NA,NA,"NoError_anova"
