"","Fixed_effect","Df","Sum Sq","Mean Sq","F value","Pr(>F)","data_class"
"1","exp_env_factor           ",4,24.8914411357643,6.22286028394108,6.79822663960918,2.80123609161587e-05,"Raw_anova"
"2","gen_factor               ",4,2.73228679797461,0.683071699493653,0.746228584987597,0.561054990852816,"Raw_anova"
"3","exp_env_factor:gen_factor",16,25.9984419584101,1.62490262240063,1.77514130003555,0.0329581770652097,"Raw_anova"
"4","Residuals                ",350,320.377830107851,0.915365228879574,NA,NA,"Raw_anova"
"5","exp_env_factor           ",4,303.026577131469,75.7566442828672,9.49965842945772e+30,0,"NoError_anova"
"6","gen_factor               ",4,14.3246358632357,3.58115896580892,4.49066709313952e+29,0,"NoError_anova"
"7","exp_env_factor:gen_factor",16,56.6487870052957,3.54054918783098,4.43974363641327e+29,0,"NoError_anova"
"8","Residuals                ",350,2.791134617723e-27,7.97467033635142e-30,NA,NA,"NoError_anova"
