"","Fixed_effect","Df","Sum Sq","Mean Sq","F value","Pr(>F)","data_class"
"1","exp_env_factor           ",9,50.9783384214611,5.66425982460679,280.352767934909,1.05562441237455e-166,"Raw_anova"
"2","gen_factor               ",9,32.708871148943,3.63431901654923,179.880765960234,1.14570085721466e-134,"Raw_anova"
"3","exp_env_factor:gen_factor",81,407.231172593139,5.02754534065604,248.838558931929,7.98147766128197e-298,"Raw_anova"
"4","Residuals                ",400,8.08161783645652,0.0202040445911413,NA,NA,"Raw_anova"
"5","exp_env_factor           ",9,53.4444486824184,5.93827207582426,5.02890230970205e+28,0,"NoError_anova"
"6","gen_factor               ",9,33.6887610078843,3.7431956675427,3.16997353738786e+28,0,"NoError_anova"
"7","exp_env_factor:gen_factor",81,411.866790309698,5.08477518900861,4.3061074611964e+28,0,"NoError_anova"
"8","Residuals                ",400,4.72331471968967e-26,1.18082867992242e-28,NA,NA,"NoError_anova"
