"","Fixed_effect","Df","Sum Sq","Mean Sq","F value","Pr(>F)","data_class"
"1","exp_env_factor           ",4,58.0213756958971,14.5053439239743,18.7525257967935,5.56718084994125e-14,"Raw_anova"
"2","gen_factor               ",4,0.531465526875842,0.132866381718961,0.171769815577648,0.952756112385792,"Raw_anova"
"3","exp_env_factor:gen_factor",16,44.7172086678345,2.79482554173966,3.61315376896286,4.20517534511718e-06,"Raw_anova"
"4","Residuals                ",350,270.729950109393,0.773514143169693,NA,NA,"Raw_anova"
"5","exp_env_factor           ",4,214.859404497451,53.7148511243627,1.67574857746633e+30,0,"NoError_anova"
"6","gen_factor               ",4,33.719632481454,8.4299081203635,2.62988842846552e+29,0,"NoError_anova"
"7","exp_env_factor:gen_factor",16,125.420963021097,7.83881018881854,2.44548290612005e+29,0,"NoError_anova"
"8","Residuals                ",350,1.12189848443447e-26,3.20542424124135e-29,NA,NA,"NoError_anova"
