"","Fixed_effect","Df","Sum Sq","Mean Sq","F value","Pr(>F)","data_class"
"1","exp_env_factor           ",1,0.688798635852011,0.688798635852011,0.689886902437763,0.4116776523337,"Raw_anova"
"2","gen_factor               ",1,2.32265466945202,2.32265466945202,2.32632434493545,0.135940088821063,"Raw_anova"
"3","exp_env_factor:gen_factor",1,0.0453351290736108,0.0453351290736108,0.0454067562568885,0.832459978190418,"Raw_anova"
"4","Residuals                ",36,35.9432115656223,0.99842254348951,NA,NA,"Raw_anova"
"5","exp_env_factor           ",1,38.607659130853,38.607659130853,1.40576737181284e+32,0,"NoError_anova"
"6","gen_factor               ",1,0.00230255362164321,0.00230255362164321,8.38397050229033e+27,0,"NoError_anova"
"7","exp_env_factor:gen_factor",1,0.390038315525317,0.390038315525317,1.42019265105913e+30,0,"NoError_anova"
"8","Residuals                ",36,9.88695396250632e-30,2.7463761006962e-31,NA,NA,"NoError_anova"
