"","Fixed_effect","Df","Sum Sq","Mean Sq","F value","Pr(>F)","data_class"
"1","exp_env_factor           ",6,45.1132656743623,7.51887761239371,96.7913766082982,6.8961718694262e-56,"Raw_anova"
"2","gen_factor               ",6,23.2277041574779,3.87128402624632,49.8354846904876,6.77919548688448e-37,"Raw_anova"
"3","exp_env_factor:gen_factor",36,160.433500129538,4.4564861147094,57.368858507216,1.55897211790932e-85,"Raw_anova"
"4","Residuals                ",196,15.2255300386215,0.0776812757072524,NA,NA,"Raw_anova"
"5","exp_env_factor           ",6,46.1461404626575,7.69102341044292,7.32487449845802e+28,0,"NoError_anova"
"6","gen_factor               ",6,22.9822047494788,3.83036745824646,3.64801397906773e+28,0,"NoError_anova"
"7","exp_env_factor:gen_factor",36,174.871654787864,4.85754596632955,4.62629128466088e+28,0,"NoError_anova"
"8","Residuals                ",196,2.05797462982355e-26,1.04998705603243e-28,NA,NA,"NoError_anova"
