"","Fixed_effect","Df","Sum Sq","Mean Sq","F value","Pr(>F)","data_class"
"1","exp_env_factor           ",1,9.53213534440551,9.53213534440551,12.7279305311082,0.000746869597836608,"Raw_anova"
"2","gen_factor               ",1,0.253769877556875,0.253769877556875,0.338850137532661,0.562830008756429,"Raw_anova"
"3","exp_env_factor:gen_factor",1,7.27486687432975,7.27486687432975,9.7138780403358,0.00288450625619808,"Raw_anova"
"4","Residuals                ",56,41.9392279037079,0.748914783994783,NA,NA,"Raw_anova"
"5","exp_env_factor           ",1,7.70312887870566,7.70312887870566,7.70696220944026e+30,0,"NoError_anova"
"6","gen_factor               ",1,18.3278063710834,18.3278063710834,1.83369268914027e+31,0,"NoError_anova"
"7","exp_env_factor:gen_factor",1,32.969064750211,32.969064750211,3.29854712431034e+31,0,"NoError_anova"
"8","Residuals                ",56,5.59721464157596e-29,9.99502614567136e-31,NA,NA,"NoError_anova"
