"","Fixed_effect","Df","Sum Sq","Mean Sq","F value","Pr(>F)","data_class"
"1","exp_env_factor           ",1,2.55116659249185,2.55116659249185,4.15298033897268,0.0584473967394624,"Raw_anova"
"2","gen_factor               ",1,6.52141496094111,6.52141496094111,10.6160484363419,0.00493482065610369,"Raw_anova"
"3","exp_env_factor:gen_factor",1,0.0986540055663827,0.0986540055663827,0.160596390170627,0.693908563168503,"Raw_anova"
"4","Residuals                ",16,9.82876444100066,0.614297777562541,NA,NA,"Raw_anova"
"5","exp_env_factor           ",1,9.32768493669,9.32768493669,4.23218867890142e+32,8.19479905272835e-253,"NoError_anova"
"6","gen_factor               ",1,9.59963156083974,9.59963156083974,4.35557721869492e+32,6.51167529922806e-253,"NoError_anova"
"7","exp_env_factor:gen_factor",1,0.0726835024702613,0.0726835024702613,3.29782039579374e+30,6.0289610829766e-236,"NoError_anova"
"8","Residuals                ",16,3.52637772817303e-31,2.20398608010814e-32,NA,NA,"NoError_anova"
