"","Fixed_effect","Df","Sum Sq","Mean Sq","F value","Pr(>F)","data_class"
"1","exp_env_factor           ",1,1.39203493376561,1.39203493376561,2.08108900522763,0.154703922985235,"Raw_anova"
"2","gen_factor               ",1,9.16225392042906,9.16225392042906,13.6975484123298,0.000491765691133854,"Raw_anova"
"3","exp_env_factor:gen_factor",1,10.9874591945163,10.9874591945163,16.4262260741118,0.000157624843594084,"Raw_anova"
"4","Residuals                ",56,37.458251951289,0.668897356273018,NA,NA,"Raw_anova"
"5","exp_env_factor           ",1,0.0040289869998681,0.0040289869998681,2.37538729232822e+27,0,"NoError_anova"
"6","gen_factor               ",1,46.144054254622,46.144054254622,2.7205349656507e+31,0,"NoError_anova"
"7","exp_env_factor:gen_factor",1,12.8519167583782,12.8519167583782,7.57716015239342e+30,0,"NoError_anova"
"8","Residuals                ",56,9.49837833692674e-29,1.69613898873692e-30,NA,NA,"NoError_anova"
