"","Fixed_effect","Df","Sum Sq","Mean Sq","F value","Pr(>F)","data_class"
"1","exp_env_factor           ",1,0.918155981916481,0.918155981916481,0.866291136222444,0.36581582456515,"Raw_anova"
"2","gen_factor               ",1,0.910650591453377,0.910650591453377,0.859209710669343,0.367732006605645,"Raw_anova"
"3","exp_env_factor:gen_factor",1,0.213273512173689,0.213273512173689,0.201226106267315,0.659748537472731,"Raw_anova"
"4","Residuals                ",16,16.9579199144565,1.05986999465353,NA,NA,"Raw_anova"
"5","exp_env_factor           ",1,9.22644933578345,9.22644933578345,2.95536483045152e+31,1.44933797328928e-243,"NoError_anova"
"6","gen_factor               ",1,3.162865535621,3.162865535621,1.01311146110876e+31,7.59977351516246e-240,"NoError_anova"
"7","exp_env_factor:gen_factor",1,6.61068512859555,6.61068512859555,2.11749781776493e+31,2.08677058392794e-242,"NoError_anova"
"8","Residuals                ",16,4.99509190376273e-30,3.12193243985171e-31,NA,NA,"NoError_anova"
