"","Fixed_effect","Df","Sum Sq","Mean Sq","F value","Pr(>F)","data_class"
"1","exp_env_factor           ",2,8.92715056873684,4.46357528436842,6.4024657315877,0.00224820491867375,"Raw_anova"
"2","gen_factor               ",2,28.8467263348921,14.423363167446,20.6885921107263,1.70012213557672e-08,"Raw_anova"
"3","exp_env_factor:gen_factor",4,8.38332792830488,2.09583198207622,3.00622070639214,0.020805684805728,"Raw_anova"
"4","Residuals                ",126,87.8427951680661,0.697165041016398,NA,NA,"Raw_anova"
"5","exp_env_factor           ",2,53.3533543762178,26.6766771881089,2.13638612570731e+30,0,"NoError_anova"
"6","gen_factor               ",2,63.1368493356603,31.5684246678302,2.52813886809153e+30,0,"NoError_anova"
"7","exp_env_factor:gen_factor",4,17.5097962881218,4.37744907203045,3.50565454517882e+29,0,"NoError_anova"
"8","Residuals                ",126,1.57333980278911e-27,1.24868238316596e-29,NA,NA,"NoError_anova"
