"","Fixed_effect","Df","Sum Sq","Mean Sq","F value","Pr(>F)","data_class"
"1","exp_env_factor           ",2,10.7469685620369,5.37348428101847,8.14517221362478,0.00120741889958568,"Raw_anova"
"2","gen_factor               ",2,1.40921934108708,0.704609670543539,1.06805320529844,0.354315948067771,"Raw_anova"
"3","exp_env_factor:gen_factor",4,8.09410748129026,2.02352687032256,3.06727887823104,0.0284225166585541,"Raw_anova"
"4","Residuals                ",36,23.7497046155857,0.659714017099603,NA,NA,"Raw_anova"
"5","exp_env_factor           ",2,4.19795920388915,2.09897960194458,8.61406357044604e+30,0,"NoError_anova"
"6","gen_factor               ",2,19.0637617414469,9.53188087072344,3.91181637450226e+31,0,"NoError_anova"
"7","exp_env_factor:gen_factor",4,20.7382790546639,5.18456976366598,2.12771069753399e+31,0,"NoError_anova"
"8","Residuals                ",36,8.77208126594915e-30,2.43668924054143e-31,NA,NA,"NoError_anova"
