"","Fixed_effect","Df","Sum Sq","Mean Sq","F value","Pr(>F)","data_class"
"1","exp_env_factor           ",4,8.63987857008615,2.15996964252154,4.02785107757326,0.0033049637178799,"Raw_anova"
"2","gen_factor               ",4,42.1661566584294,10.5415391646074,19.6575678877955,1.31001904959529e-14,"Raw_anova"
"3","exp_env_factor:gen_factor",16,135.503466706195,8.46896666913718,15.7926925696948,1.39794356246652e-32,"Raw_anova"
"4","Residuals                ",350,187.69049806529,0.536258565900827,NA,NA,"Raw_anova"
"5","exp_env_factor           ",4,31.6547482831622,7.91368707079055,1.2433275614956e+29,0,"NoError_anova"
"6","gen_factor               ",4,57.1265316039373,14.2816329009843,2.24380211778862e+29,0,"NoError_anova"
"7","exp_env_factor:gen_factor",16,285.218720112901,17.8261700070563,2.80068800894162e+29,0,"NoError_anova"
"8","Residuals                ",350,2.22772386019087e-26,6.36492531483106e-29,NA,NA,"NoError_anova"
