"","Fixed_effect","Df","Sum Sq","Mean Sq","F value","Pr(>F)","data_class"
"1","exp_env_factor           ",6,155.067456689624,25.8445761149373,193.547201343618,6.45409893536262e-144,"Raw_anova"
"2","gen_factor               ",6,115.095511689322,19.1825852815537,143.656281274204,1.09782204084275e-117,"Raw_anova"
"3","exp_env_factor:gen_factor",36,372.234677819147,10.339852161643,77.4340209447701,3.09786261276844e-215,"Raw_anova"
"4","Residuals                ",686,91.6023538019067,0.133531127991118,NA,NA,"Raw_anova"
"5","exp_env_factor           ",6,167.908325115432,27.984720852572,6.20134469927838e+28,0,"NoError_anova"
"6","gen_factor               ",6,128.397415859741,21.3995693099569,4.74209145791585e+28,0,"NoError_anova"
"7","exp_env_factor:gen_factor",36,437.694259024825,12.1581738618007,2.69422115832373e+28,0,"NoError_anova"
"8","Residuals                ",686,3.09570253482254e-25,4.51268591082003e-28,NA,NA,"NoError_anova"
