"","Fixed_effect","Df","Sum Sq","Mean Sq","F value","Pr(>F)","data_class"
"1","exp_env_factor           ",2,4.00488027217205,2.00244013608602,2.38455051380973,0.0962765759836177,"Raw_anova"
"2","gen_factor               ",2,12.102045757559,6.05102287877952,7.20569342106329,0.00108892413140395,"Raw_anova"
"3","exp_env_factor:gen_factor",4,12.0838425509125,3.02096063772812,3.59742751409978,0.00819990838014057,"Raw_anova"
"4","Residuals                ",126,105.809231419356,0.839755804915527,NA,NA,"Raw_anova"
"5","exp_env_factor           ",2,4.36939964371065,2.18469982185533,2.78886820556806e+29,0,"NoError_anova"
"6","gen_factor               ",2,69.4122600320143,34.7061300160072,4.43039458197764e+30,0,"NoError_anova"
"7","exp_env_factor:gen_factor",4,60.2183403242747,15.0545850810687,1.92178592503185e+30,0,"NoError_anova"
"8","Residuals                ",126,9.87039032551564e-28,7.83364311548861e-30,NA,NA,"NoError_anova"
