"","Fixed_effect","Df","Sum Sq","Mean Sq","F value","Pr(>F)","data_class"
"1","exp_env_factor           ",1,3.58520244152068,3.58520244152068,3.87840917355466,0.0566440069669978,"Raw_anova"
"2","gen_factor               ",1,1.49717233136483,1.49717233136483,1.61961479137414,0.21130371625846,"Raw_anova"
"3","exp_env_factor:gen_factor",1,0.639215931158009,0.639215931158009,0.691492592600704,0.411139100588981,"Raw_anova"
"4","Residuals                ",36,33.2784092959565,0.924400258221013,NA,NA,"Raw_anova"
"5","exp_env_factor           ",1,6.6751534522396,6.6751534522396,1.66134642470555e+31,0,"NoError_anova"
"6","gen_factor               ",1,23.357706053358,23.357706053358,5.81338567251211e+31,0,"NoError_anova"
"7","exp_env_factor:gen_factor",1,8.96714049440243,8.96714049440243,2.23178791421035e+31,0,"NoError_anova"
"8","Residuals                ",36,1.44645042543259e-29,4.01791784842386e-31,NA,NA,"NoError_anova"
