"","Fixed_effect","Df","Sum Sq","Mean Sq","F value","Pr(>F)","data_class"
"1","exp_env_factor           ",9,203.074532574163,22.5638369526848,371.542501060358,3.81645378440131e-188,"Raw_anova"
"2","gen_factor               ",9,167.074115932793,18.5637906591992,305.676610992312,3.30790346665671e-173,"Raw_anova"
"3","exp_env_factor:gen_factor",81,104.559285968063,1.29085538232177,21.2555886776157,8.4053793139418e-104,"Raw_anova"
"4","Residuals                ",400,24.292065524982,0.060730163812455,NA,NA,"Raw_anova"
"5","exp_env_factor           ",9,207.49576378048,23.0550848644978,2.47028036293158e+29,0,"NoError_anova"
"6","gen_factor               ",9,186.152660442867,20.6836289380963,2.21618626434215e+29,0,"NoError_anova"
"7","exp_env_factor:gen_factor",81,105.351575776654,1.30063673798338,1.39359165755894e+28,0,"NoError_anova"
"8","Residuals                ",400,3.73319323757039e-26,9.33298309392598e-29,NA,NA,"NoError_anova"
