"","Fixed_effect","Df","Sum Sq","Mean Sq","F value","Pr(>F)","data_class"
"1","exp_env_factor           ",4,27.8463414624119,6.96158536560296,9.14654079020577,7.28595054698914e-07,"Raw_anova"
"2","gen_factor               ",4,45.7462203162947,11.4365550790737,15.0260195108765,6.69324607311948e-11,"Raw_anova"
"3","exp_env_factor:gen_factor",16,4.15617031704482,0.259760644815301,0.341288831310269,0.992175399846012,"Raw_anova"
"4","Residuals                ",225,171.251267904249,0.761116746241105,NA,NA,"Raw_anova"
"5","exp_env_factor           ",4,125.845238960285,31.4613097400713,8.32395877883456e+30,0,"NoError_anova"
"6","gen_factor               ",4,120.485751318493,30.1214378296233,7.96945864379148e+30,0,"NoError_anova"
"7","exp_env_factor:gen_factor",16,2.66900972122185,0.166813107576366,4.41350167144e+28,0,"NoError_anova"
"8","Residuals                ",225,8.50412031053708e-28,3.77960902690537e-30,NA,NA,"NoError_anova"
