"","Fixed_effect","Df","Sum Sq","Mean Sq","F value","Pr(>F)","data_class"
"1","exp_env_factor           ",4,32.0890794242835,8.02226985607087,17.5653413172114,1.4651349201625e-12,"Raw_anova"
"2","gen_factor               ",4,19.4262198274349,4.85655495685872,10.6337790891517,6.55148311032045e-08,"Raw_anova"
"3","exp_env_factor:gen_factor",16,94.7249145864659,5.92030716165412,12.9629416440646,4.36777269413204e-24,"Raw_anova"
"4","Residuals                ",225,102.759786161816,0.456710160719181,NA,NA,"Raw_anova"
"5","exp_env_factor           ",4,45.5190419623014,11.3797604905753,2.68687539946181e+29,0,"NoError_anova"
"6","gen_factor               ",4,30.888032660533,7.72200816513324,1.82324344967745e+29,0,"NoError_anova"
"7","exp_env_factor:gen_factor",16,172.592925377166,10.7870578360729,2.54693236789297e+29,0,"NoError_anova"
"8","Residuals                ",225,9.52945607709355e-27,4.23531381204158e-29,NA,NA,"NoError_anova"
