"","Fixed_effect","Df","Sum Sq","Mean Sq","F value","Pr(>F)","data_class"
"1","exp_env_factor           ",1,2.50567695558034,2.50567695558034,3.41525257044953,0.0831668952537232,"Raw_anova"
"2","gen_factor               ",1,2.26829886050988,2.26829886050988,3.09170481719575,0.0978017605712815,"Raw_anova"
"3","exp_env_factor:gen_factor",1,2.48726388366982,2.48726388366982,3.39015544408924,0.0842045092686276,"Raw_anova"
"4","Residuals                ",16,11.73876030024,0.733672518764997,NA,NA,"Raw_anova"
"5","exp_env_factor           ",1,10.9932985760671,10.9932985760671,4.60326368237488e+32,4.18342180732128e-253,"NoError_anova"
"6","gen_factor               ",1,1.13225772545784,1.13225772545784,4.74114373463429e+31,3.30364598972854e-245,"NoError_anova"
"7","exp_env_factor:gen_factor",1,6.87444369847507,6.87444369847507,2.87856067901344e+32,1.78918549333504e-251,"NoError_anova"
"8","Residuals                ",16,3.82104500966428e-31,2.38815313104017e-32,NA,NA,"NoError_anova"
