"","Fixed_effect","Df","Sum Sq","Mean Sq","F value","Pr(>F)","data_class"
"1","exp_env_factor           ",1,0.028645677323288,0.028645677323288,0.0361224736779492,0.851653170741073,"Raw_anova"
"2","gen_factor               ",1,5.66140519826202,5.66140519826202,7.13908622045985,0.0167050441629846,"Raw_anova"
"3","exp_env_factor:gen_factor",1,0.621702985491097,0.621702985491097,0.783973423824313,0.389042022708206,"Raw_anova"
"4","Residuals                ",16,12.6882461389236,0.793015383682725,NA,NA,"Raw_anova"
"5","exp_env_factor           ",1,18.7136500790084,18.7136500790084,1.20610490633925e+33,1.88355282379555e-256,"NoError_anova"
"6","gen_factor               ",1,0.000834179124741787,0.000834179124741787,5.37632974256275e+28,1.2082903317775e-221,"NoError_anova"
"7","exp_env_factor:gen_factor",1,0.285515741866818,0.285515741866818,1.84016445561809e+31,6.41512873799714e-242,"NoError_anova"
"8","Residuals                ",16,2.48252369831515e-31,1.55157731144697e-32,NA,NA,"NoError_anova"
