"","Fixed_effect","Df","Sum Sq","Mean Sq","F value","Pr(>F)","data_class"
"1","exp_env_factor           ",4,72.2165520057743,18.0541380014436,70.2408471765809,1.28351522819978e-43,"Raw_anova"
"2","gen_factor               ",4,91.4024601362256,22.8506150340564,88.9018660635973,4.60994698090701e-52,"Raw_anova"
"3","exp_env_factor:gen_factor",16,120.419824880853,7.52623905505334,29.2813429939523,6.57251278796233e-55,"Raw_anova"
"4","Residuals                ",350,89.9611629771467,0.257031894220419,NA,NA,"Raw_anova"
"5","exp_env_factor           ",4,107.821081421963,26.9552703554908,1.06245079529897e+30,0,"NoError_anova"
"6","gen_factor               ",4,120.017788812918,30.0044472032295,1.18263509781802e+30,0,"NoError_anova"
"7","exp_env_factor:gen_factor",16,146.161129765119,9.13507061031993,3.60061795227723e+29,0,"NoError_anova"
"8","Residuals                ",350,8.87979440192992e-27,2.53708411483712e-29,NA,NA,"NoError_anova"
