"","Fixed_effect","Df","Sum Sq","Mean Sq","F value","Pr(>F)","data_class"
"1","exp_env_factor           ",2,8.79399928604456,4.39699964302228,6.04464326084249,0.00357441806404919,"Raw_anova"
"2","gen_factor               ",2,4.2535861829703,2.12679309148515,2.92374495596177,0.0594256299350617,"Raw_anova"
"3","exp_env_factor:gen_factor",4,17.03132428369,4.25783107092251,5.85332544420384,0.000344795173230896,"Raw_anova"
"4","Residuals                ",81,58.9210902472951,0.727420867250557,NA,NA,"Raw_anova"
"5","exp_env_factor           ",2,14.1641341800492,7.08206709002461,2.98881485788274e+30,0,"NoError_anova"
"6","gen_factor               ",2,23.1133354983878,11.5566677491939,4.87721167243066e+30,0,"NoError_anova"
"7","exp_env_factor:gen_factor",4,51.7225303215628,12.9306325803907,5.4570602462282e+30,0,"NoError_anova"
"8","Residuals                ",81,1.91931404777064e-28,2.36952351576622e-30,NA,NA,"NoError_anova"
