"","Fixed_effect","Df","Sum Sq","Mean Sq","F value","Pr(>F)","data_class"
"1","exp_env_factor           ",9,449.475186019791,49.9416873355323,707.995406834507,0,"Raw_anova"
"2","gen_factor               ",9,39.697166588537,4.41079628761522,62.5293953552998,1.92960619891406e-96,"Raw_anova"
"3","exp_env_factor:gen_factor",81,911.072257745351,11.2478056511772,159.45385834681,0,"Raw_anova"
"4","Residuals                ",1400,98.7553896463182,0.0705395640330844,NA,NA,"Raw_anova"
"5","exp_env_factor           ",9,496.566244152085,55.1740271280095,8.16501948528854e+28,0,"NoError_anova"
"6","gen_factor               ",9,44.1852840284843,4.90947600316492,7.26536910843838e+27,0,"NoError_anova"
"7","exp_env_factor:gen_factor",81,958.24847181943,11.8302280471535,1.75071582678398e+28,0,"NoError_anova"
"8","Residuals                ",1400,9.46031275472009e-25,6.75736625337149e-28,NA,NA,"NoError_anova"
