"","Fixed_effect","Df","Sum Sq","Mean Sq","F value","Pr(>F)","data_class"
"1","exp_env_factor           ",4,33.54876405792,8.38719101448,43.922637139964,3.13056620031017e-21,"Raw_anova"
"2","gen_factor               ",4,22.6139454193856,5.65348635484639,29.6065785685521,3.0450700582976e-16,"Raw_anova"
"3","exp_env_factor:gen_factor",16,48.7419183851942,3.04636989907464,15.9534460870342,8.20434391873139e-21,"Raw_anova"
"4","Residuals                ",100,19.0953721375002,0.190953721375002,NA,NA,"Raw_anova"
"5","exp_env_factor           ",4,41.0915045215572,10.2728761303893,1.13682126581325e+30,0,"NoError_anova"
"6","gen_factor               ",4,16.0555465389706,4.01388663474265,4.44186382374506e+29,0,"NoError_anova"
"7","exp_env_factor:gen_factor",16,66.852948939472,4.178309308717,4.62381792304835e+29,0,"NoError_anova"
"8","Residuals                ",100,9.03649187371627e-28,9.03649187371627e-30,NA,NA,"NoError_anova"
