"","Fixed_effect","Df","Sum Sq","Mean Sq","F value","Pr(>F)","data_class"
"1","exp_env_factor           ",4,56.3641944198351,14.0910486049588,19.0975449284147,3.20297109293812e-14,"Raw_anova"
"2","gen_factor               ",4,44.4462827461739,11.1115706865435,15.0594697641482,2.2756342902646e-11,"Raw_anova"
"3","exp_env_factor:gen_factor",16,14.9433958987122,0.93396224366951,1.26579549967947,0.216696865471166,"Raw_anova"
"4","Residuals                ",350,258.246126935279,0.737846076957939,NA,NA,"Raw_anova"
"5","exp_env_factor           ",4,190.458526492154,47.6146316230385,5.64853201618584e+30,0,"NoError_anova"
"6","gen_factor               ",4,163.558236410771,40.8895591026928,4.85073549550533e+30,0,"NoError_anova"
"7","exp_env_factor:gen_factor",16,19.983237097075,1.24895231856719,1.48163430391906e+29,0,"NoError_anova"
"8","Residuals                ",350,2.9503455092951e-27,8.429558597986e-30,NA,NA,"NoError_anova"
