"","Fixed_effect","Df","Sum Sq","Mean Sq","F value","Pr(>F)","data_class"
"1","exp_env_factor           ",9,269.560734621192,29.951192735688,117.916744349422,1.26411225028211e-164,"Raw_anova"
"2","gen_factor               ",9,94.6724131064333,10.5191570118259,41.4135343150104,5.97132797058134e-66,"Raw_anova"
"3","exp_env_factor:gen_factor",81,779.162819432835,9.61929406707204,37.87080699385,3.65608973047229e-294,"Raw_anova"
"4","Residuals                ",1400,355.604032839538,0.25400288059967,NA,NA,"Raw_anova"
"5","exp_env_factor           ",9,366.760530872434,40.7511700969371,6.55756952459156e+28,0,"NoError_anova"
"6","gen_factor               ",9,107.161479903074,11.9068311003415,1.91601548059419e+28,0,"NoError_anova"
"7","exp_env_factor:gen_factor",81,1025.07798922449,12.6552838175863,2.03645449418637e+28,0,"NoError_anova"
"8","Residuals                ",1400,8.70011944543821e-25,6.21437103245586e-28,NA,NA,"NoError_anova"
