"","Fixed_effect","Df","Sum Sq","Mean Sq","F value","Pr(>F)","data_class"
"1","exp_env_factor           ",9,208.89439356165,23.2104881735166,35.6173706475121,4.60789246618085e-54,"Raw_anova"
"2","gen_factor               ",9,24.010274168543,2.66780824094922,4.09385249564869,3.57901707617517e-05,"Raw_anova"
"3","exp_env_factor:gen_factor",81,179.599502386752,2.21727780724385,3.40249653082336,3.12589882063442e-19,"Raw_anova"
"4","Residuals                ",900,586.495829883055,0.651662033203395,NA,NA,"Raw_anova"
"5","exp_env_factor           ",9,606.404062792248,67.3782291991387,6.54475494373942e+29,0,"NoError_anova"
"6","gen_factor               ",9,20.2405602883008,2.24895114314454,2.18450889660837e+28,0,"NoError_anova"
"7","exp_env_factor:gen_factor",81,372.355376919451,4.59697996196853,4.46525646191206e+28,0,"NoError_anova"
"8","Residuals                ",900,9.26549684449716e-26,1.02949964938857e-28,NA,NA,"NoError_anova"
