"","Fixed_effect","Df","Sum Sq","Mean Sq","F value","Pr(>F)","data_class"
"1","exp_env_factor           ",6,34.9240415047556,5.82067358412594,33.8834410693111,6.76758329498212e-28,"Raw_anova"
"2","gen_factor               ",6,93.1518382489684,15.5253063748281,90.376276221557,9.69363482804366e-54,"Raw_anova"
"3","exp_env_factor:gen_factor",36,82.2542217210647,2.2848394922518,13.3005610381043,6.60065138401289e-36,"Raw_anova"
"4","Residuals                ",196,33.6698985252114,0.171785196557201,NA,NA,"Raw_anova"
"5","exp_env_factor           ",6,38.8367922495701,6.47279870826169,2.78684089132033e+29,0,"NoError_anova"
"6","gen_factor               ",6,112.751937142395,18.7919895237324,8.09082549827434e+29,0,"NoError_anova"
"7","exp_env_factor:gen_factor",36,92.4112706080354,2.56697973911209,1.10520416694212e+29,0,"NoError_anova"
"8","Residuals                ",196,4.55235370907102e-27,2.32262944340358e-29,NA,NA,"NoError_anova"
