"","Fixed_effect","Df","Sum Sq","Mean Sq","F value","Pr(>F)","data_class"
"1","exp_env_factor           ",1,2.2629207953926,2.2629207953926,2.4384265863587,0.124028973846289,"Raw_anova"
"2","gen_factor               ",1,4.73911212988335,4.73911212988335,5.10666437675194,0.0277431696446754,"Raw_anova"
"3","exp_env_factor:gen_factor",1,0.028567933935552,0.028567933935552,0.0307835827783373,0.861356964838746,"Raw_anova"
"4","Residuals                ",56,51.9693991407885,0.928024984656937,NA,NA,"Raw_anova"
"5","exp_env_factor           ",1,20.6395980637859,20.6395980637859,8.43087188026488e+30,0,"NoError_anova"
"6","gen_factor               ",1,37.646146436355,37.646146436355,1.53777140625374e+31,0,"NoError_anova"
"7","exp_env_factor:gen_factor",1,0.714255499858995,0.714255499858995,2.91759393301924e+29,0,"NoError_anova"
"8","Residuals                ",56,1.37093471231317e-28,2.44809770055922e-30,NA,NA,"NoError_anova"
