"","Fixed_effect","Df","Sum Sq","Mean Sq","F value","Pr(>F)","data_class"
"1","exp_env_factor           ",9,35.0480772598106,3.89423080664562,53.5934105225479,6.83197596825565e-84,"Raw_anova"
"2","gen_factor               ",9,128.390298607744,14.2655887341938,196.32671799339,7.13719942310071e-241,"Raw_anova"
"3","exp_env_factor:gen_factor",81,1233.83413420138,15.2325201753257,209.633878314577,0,"Raw_anova"
"4","Residuals                ",1400,101.727489931064,0.0726624928079028,NA,NA,"Raw_anova"
"5","exp_env_factor           ",9,39.9878332167107,4.44309257963452,2.77000701339755e+27,0,"NoError_anova"
"6","gen_factor               ",9,143.540528277928,15.9489475864365,9.94323117939012e+27,0,"NoError_anova"
"7","exp_env_factor:gen_factor",81,1315.47163850536,16.2403905988316,1.0124928763645e+28,0,"NoError_anova"
"8","Residuals                ",1400,2.24560067227368e-24,1.60400048019548e-27,NA,NA,"NoError_anova"
