"","Fixed_effect","Df","Sum Sq","Mean Sq","F value","Pr(>F)","data_class"
"1","exp_env_factor           ",9,19.2985009351602,2.14427788168447,4.70492639855201,5.91869749743097e-06,"Raw_anova"
"2","gen_factor               ",9,29.7726578036857,3.30807308929841,7.25849972110558,8.47916536054666e-10,"Raw_anova"
"3","exp_env_factor:gen_factor",81,267.628188707321,3.30405171243606,7.24967610625613,1.23651472990684e-42,"Raw_anova"
"4","Residuals                ",400,182.300652553833,0.455751631384583,NA,NA,"Raw_anova"
"5","exp_env_factor           ",9,25.9717502040261,2.88575002266956,2.04849744697761e+28,0,"NoError_anova"
"6","gen_factor               ",9,38.881222243619,4.32013580484656,3.06671995055134e+28,0,"NoError_anova"
"7","exp_env_factor:gen_factor",81,434.147027552355,5.35983984632537,3.80477108382704e+28,0,"NoError_anova"
"8","Residuals                ",400,5.63486183871453e-26,1.40871545967863e-28,NA,NA,"NoError_anova"
