"","Fixed_effect","Df","Sum Sq","Mean Sq","F value","Pr(>F)","data_class"
"1","exp_env_factor           ",4,8.4683020380517,2.11707550951292,4.52733789706723,0.0014081447841627,"Raw_anova"
"2","gen_factor               ",4,60.6752539227643,15.1688134806911,32.4383064355021,5.22388021324198e-23,"Raw_anova"
"3","exp_env_factor:gen_factor",16,141.189307815594,8.82433173847461,18.8707163803906,2.97999677964938e-38,"Raw_anova"
"4","Residuals                ",350,163.66713622359,0.467620389210257,NA,NA,"Raw_anova"
"5","exp_env_factor           ",4,8.70107466655818,2.17526866663955,1.17032139760236e+29,0,"NoError_anova"
"6","gen_factor               ",4,137.154592151308,34.2886480378271,1.84477159575502e+30,0,"NoError_anova"
"7","exp_env_factor:gen_factor",16,228.144333182133,14.2590208238833,7.67152923911146e+29,0,"NoError_anova"
"8","Residuals                ",350,6.50542692702712e-27,1.85869340772203e-29,NA,NA,"NoError_anova"
