"","Fixed_effect","Df","Sum Sq","Mean Sq","F value","Pr(>F)","data_class"
"1","exp_env_factor           ",1,4.39551248384841,4.39551248384841,5.64334507299515,0.0303578327423754,"Raw_anova"
"2","gen_factor               ",1,1.21192161312326,1.21192161312326,1.55597143436787,0.230205890823644,"Raw_anova"
"3","exp_env_factor:gen_factor",1,0.930418217232375,0.930418217232375,1.19455264462044,0.290596572559757,"Raw_anova"
"4","Residuals                ",16,12.462147685796,0.778884230362247,NA,NA,"Raw_anova"
"5","exp_env_factor           ",1,3.05615861467119,3.05615861467119,8.81582376341187e+31,2.31182672756769e-247,"NoError_anova"
"6","gen_factor               ",1,11.0005109383376,11.0005109383376,3.17321768818934e+32,8.20464029774731e-252,"NoError_anova"
"7","exp_env_factor:gen_factor",1,4.94333044699126,4.94333044699126,1.42595773058957e+32,4.93406948899175e-249,"NoError_anova"
"8","Residuals                ",16,5.54667823983524e-31,3.46667389989702e-32,NA,NA,"NoError_anova"
