"","Fixed_effect","Df","Sum Sq","Mean Sq","F value","Pr(>F)","data_class"
"1","exp_env_factor           ",6,70.9848941712715,11.8308156952119,112.633597343032,9.50419405647028e-86,"Raw_anova"
"2","gen_factor               ",6,82.269734005677,13.7116223342795,130.539549318142,1.6993389623657e-94,"Raw_anova"
"3","exp_env_factor:gen_factor",36,289.423582901593,8.0395439694887,76.5393343628428,6.46063265798107e-166,"Raw_anova"
"4","Residuals                ",441,46.3217889214582,0.105038070116685,NA,NA,"Raw_anova"
"5","exp_env_factor           ",6,84.3533552095003,14.0588925349167,6.63397246852151e+28,0,"NoError_anova"
"6","gen_factor               ",6,91.9518099706063,15.3253016617677,7.23155319975965e+28,0,"NoError_anova"
"7","exp_env_factor:gen_factor",36,312.694834819893,8.68596763388591,4.09864930701737e+28,0,"NoError_anova"
"8","Residuals                ",441,9.34579038022453e-26,2.11922684358833e-28,NA,NA,"NoError_anova"
