"","Fixed_effect","Df","Sum Sq","Mean Sq","F value","Pr(>F)","data_class"
"1","exp_env_factor           ",6,118.045520806616,19.6742534677694,65.0032100046047,1.15750071428455e-57,"Raw_anova"
"2","gen_factor               ",6,78.8759400525869,13.1459900087645,43.4340012269364,1.18439548601676e-41,"Raw_anova"
"3","exp_env_factor:gen_factor",36,158.602888035695,4.40563577876929,14.5561033967715,1.28735111420801e-54,"Raw_anova"
"4","Residuals                ",441,133.475651105102,0.302665875521773,NA,NA,"Raw_anova"
"5","exp_env_factor           ",6,168.68310360466,28.1138506007767,5.0841816738477e+29,0,"NoError_anova"
"6","gen_factor               ",6,98.1647243870086,16.3607873978348,2.95872723516187e+29,0,"NoError_anova"
"7","exp_env_factor:gen_factor",36,222.152172008331,6.17089366689809,1.11596041887052e+29,0,"NoError_anova"
"8","Residuals                ",441,2.43858479304883e-26,5.52967073253702e-29,NA,NA,"NoError_anova"
