"","Fixed_effect","Df","Sum Sq","Mean Sq","F value","Pr(>F)","data_class"
"1","exp_env_factor           ",1,4.43142944697671,4.43142944697671,8.00773133766379,0.0120751909315742,"Raw_anova"
"2","gen_factor               ",1,0.810293329413204,0.810293329413204,1.46422533953887,0.243833499353386,"Raw_anova"
"3","exp_env_factor:gen_factor",1,4.90397527942011,4.90397527942011,8.86163640739722,0.00889880017012983,"Raw_anova"
"4","Residuals                ",16,8.85430194418997,0.553393871511873,NA,NA,"Raw_anova"
"5","exp_env_factor           ",1,10.1226183110913,10.1226183110913,8.53240897026406e+31,3.002514881511e-247,"NoError_anova"
"6","gen_factor               ",1,1.74851374084578,1.74851374084578,1.47383155904197e+31,3.7885730284968e-241,"NoError_anova"
"7","exp_env_factor:gen_factor",1,7.12886794806291,7.12886794806291,6.00896082007088e+31,4.96207699749116e-246,"NoError_anova"
"8","Residuals                ",16,1.89819655318806e-30,1.18637284574254e-31,NA,NA,"NoError_anova"
