"","row","aov_coefs"
"(Intercept)",26763,-0.0463319240180915
"exp_env_factorE_2",26763,-0.770634515697196
"gen_factorG_2",26763,-0.290471850316319
"exp_env_factorE_2:gen_factorG_2",26763,2.3075404280994
