"","Fixed_effect","Df","Sum Sq","Mean Sq","F value","Pr(>F)","data_class"
"1","exp_env_factor           ",1,0.0234358586355154,0.0234358586355154,0.0239074272182257,0.877676620216678,"Raw_anova"
"2","gen_factor               ",1,3.93649421397912,3.93649421397912,4.01570304631609,0.0499247745106205,"Raw_anova"
"3","exp_env_factor:gen_factor",1,0.144657233695048,0.144657233695048,0.147567978623718,0.702325223897728,"Raw_anova"
"4","Residuals                ",56,54.8954126936903,0.980275226673041,NA,NA,"Raw_anova"
"5","exp_env_factor           ",1,26.8049137024999,26.8049137024999,2.47272457988708e+31,0,"NoError_anova"
"6","gen_factor               ",1,17.1327004652203,17.1327004652203,1.58047326808749e+31,0,"NoError_anova"
"7","exp_env_factor:gen_factor",1,15.0623858322797,15.0623858322797,1.38948896059111e+31,0,"NoError_anova"
"8","Residuals                ",56,6.07053118470858e-29,1.08402342584082e-30,NA,NA,"NoError_anova"
