"","Fixed_effect","Df","Sum Sq","Mean Sq","F value","Pr(>F)","data_class"
"1","exp_env_factor           ",2,4.51272156418819,2.25636078209409,14.5660635443126,3.9457099839448e-06,"Raw_anova"
"2","gen_factor               ",2,32.0120854906511,16.0060427453256,103.327906410879,5.1201243438704e-23,"Raw_anova"
"3","exp_env_factor:gen_factor",4,39.9278617603408,9.98196544008521,64.4391375932674,2.16689399568873e-24,"Raw_anova"
"4","Residuals                ",81,12.5473311848199,0.154905323269381,NA,NA,"Raw_anova"
"5","exp_env_factor           ",2,4.01968833308221,2.0098441665411,6.07297586937956e+29,0,"NoError_anova"
"6","gen_factor               ",2,41.6928623808456,20.8464311904228,6.29898952812816e+30,0,"NoError_anova"
"7","exp_env_factor:gen_factor",4,43.2874492860722,10.821862321518,3.26995046851971e+30,0,"NoError_anova"
"8","Residuals                ",81,2.68068540022803e-28,3.30948814842967e-30,NA,NA,"NoError_anova"
