"","Fixed_effect","Df","Sum Sq","Mean Sq","F value","Pr(>F)","data_class"
"1","exp_env_factor           ",1,0.246253245003087,0.246253245003087,0.231360503927666,0.637028462981031,"Raw_anova"
"2","gen_factor               ",1,0.158146850700509,0.158146850700509,0.148582549936283,0.704970131496715,"Raw_anova"
"3","exp_env_factor:gen_factor",1,1.56567537888456,1.56567537888456,1.47098749761177,0.242793708765074,"Raw_anova"
"4","Residuals                ",16,17.0299245254118,1.06437028283824,NA,NA,"Raw_anova"
"5","exp_env_factor           ",1,16.8008009656465,16.8008009656465,7.0631847436705e+31,1.36161382261713e-246,"NoError_anova"
"6","gen_factor               ",1,2.080269443173,2.080269443173,8.74561125019437e+30,2.46454713233414e-239,"NoError_anova"
"7","exp_env_factor:gen_factor",1,0.118929591180464,0.118929591180464,4.99989063446711e+29,2.1596055685331e-229,"NoError_anova"
"8","Residuals                ",16,3.80583016310362e-30,2.37864385193976e-31,NA,NA,"NoError_anova"
