"","Fixed_effect","Df","Sum Sq","Mean Sq","F value","Pr(>F)","data_class"
"1","exp_env_factor           ",2,1.9296529429101,0.964826471455052,2.20001478529587,0.125480060663379,"Raw_anova"
"2","gen_factor               ",2,6.20320268722547,3.10160134361273,7.07232752823514,0.00256685506253609,"Raw_anova"
"3","exp_env_factor:gen_factor",4,20.0791809413774,5.01979523534434,11.4462279629004,4.26325247563797e-06,"Raw_anova"
"4","Residuals                ",36,15.787963428487,0.438554539680195,NA,NA,"Raw_anova"
"5","exp_env_factor           ",2,4.38932231705508,2.19466115852754,1.95492612104851e+30,0,"NoError_anova"
"6","gen_factor               ",2,8.03066680467699,4.0153334023385,3.57671621537088e+30,0,"NoError_anova"
"7","exp_env_factor:gen_factor",4,31.5800108782679,7.89500271956698,7.03258768774388e+30,0,"NoError_anova"
"8","Residuals                ",36,4.04147250662426e-29,1.12263125184007e-30,NA,NA,"NoError_anova"
