"","row","aov_coefs"
"(Intercept)",13096,0.333220735675764
"exp_env_factorE_2",13096,-0.301902150674554
"gen_factorG_2",13096,0.116280438730714
"exp_env_factorE_2:gen_factorG_2",13096,-0.961639518815376
