"","Fixed_effect","Df","Sum Sq","Mean Sq","F value","Pr(>F)","data_class"
"1","exp_env_factor           ",1,3.62743639559902,3.62743639559902,4.11372950277195,0.0595227926543413,"Raw_anova"
"2","gen_factor               ",1,0.752102476257454,0.752102476257454,0.852929123565573,0.369443861408857,"Raw_anova"
"3","exp_env_factor:gen_factor",1,0.511856687701843,0.511856687701843,0.580476051887461,0.457210380342452,"Raw_anova"
"4","Residuals                ",16,14.1086044404417,0.881787777527605,NA,NA,"Raw_anova"
"5","exp_env_factor           ",1,14.8613624667786,14.8613624667786,1.53580506331239e+32,2.72502014423339e-249,"NoError_anova"
"6","gen_factor               ",1,4.05851846265232,4.05851846265232,4.19416000277353e+31,8.80843031600078e-245,"NoError_anova"
"7","exp_env_factor:gen_factor",1,0.0801190705691018,0.0801190705691018,8.27967654533504e+29,3.81901628357603e-231,"NoError_anova"
"8","Residuals                ",16,1.5482550822929e-30,9.67659426433062e-32,NA,NA,"NoError_anova"
