"","Fixed_effect","Df","Sum Sq","Mean Sq","F value","Pr(>F)","data_class"
"1","exp_env_factor           ",9,100.796174203479,11.1995749114976,391.906976132722,3.43752538349546e-304,"Raw_anova"
"2","gen_factor               ",9,121.797480228055,13.5330533586728,473.562439784689,0,"Raw_anova"
"3","exp_env_factor:gen_factor",81,750.686932457192,9.26773990687891,324.306230476722,0,"Raw_anova"
"4","Residuals                ",900,25.7194131112745,0.0285771256791939,NA,NA,"Raw_anova"
"5","exp_env_factor           ",9,108.295366550214,12.0328185055793,5.55512380033489e+28,0,"NoError_anova"
"6","gen_factor               ",9,124.278004566278,13.8086671740309,6.37496989037063e+28,0,"NoError_anova"
"7","exp_env_factor:gen_factor",81,766.426628883509,9.46205714670998,4.36829482896675e+28,0,"NoError_anova"
"8","Residuals                ",900,1.9494681026494e-25,2.16607566961044e-28,NA,NA,"NoError_anova"
