"","Fixed_effect","Df","Sum Sq","Mean Sq","F value","Pr(>F)","data_class"
"1","exp_env_factor           ",4,18.0219160589268,4.50547901473171,50.2579772155277,3.47835754101739e-30,"Raw_anova"
"2","gen_factor               ",4,108.605528059313,27.1513820148282,302.869802347217,2.54729685675522e-89,"Raw_anova"
"3","exp_env_factor:gen_factor",16,102.20197134018,6.38762320876123,71.2530278440137,1.36620014864753e-78,"Raw_anova"
"4","Residuals                ",225,20.1705845415806,0.089647042407025,NA,NA,"Raw_anova"
"5","exp_env_factor           ",4,20.4690205129615,5.11725512824039,4.03555579833348e+29,0,"NoError_anova"
"6","gen_factor               ",4,119.054718906596,29.763679726649,2.34721520210623e+30,0,"NoError_anova"
"7","exp_env_factor:gen_factor",16,109.476260580443,6.84226628627769,5.39592939835e+29,0,"NoError_anova"
"8","Residuals                ",225,2.85309499209393e-27,1.26804221870841e-29,NA,NA,"NoError_anova"
