"","row","aov_coefs"
"(Intercept)",4985,-0.268362163465554
"exp_env_factorE_2",4985,0.221670391950624
"gen_factorG_2",4985,-0.152127890003861
"exp_env_factorE_2:gen_factorG_2",4985,0.93436364996869
