"","Fixed_effect","Df","Sum Sq","Mean Sq","F value","Pr(>F)","data_class"
"1","exp_env_factor           ",6,65.4409306869819,10.9068217811636,91.6847547874205,3.46355710735119e-54,"Raw_anova"
"2","gen_factor               ",6,70.5222172679534,11.7537028779922,98.8037934271576,1.53641042550818e-56,"Raw_anova"
"3","exp_env_factor:gen_factor",36,84.7206848800369,2.3533523577788,19.7827138079749,8.07433962637231e-48,"Raw_anova"
"4","Residuals                ",196,23.3161671650277,0.118960036556264,NA,NA,"Raw_anova"
"5","exp_env_factor           ",6,65.2553794643701,10.875896577395,3.05887636739775e+29,0,"NoError_anova"
"6","gen_factor               ",6,86.6771108976831,14.4461851496138,4.06303002596135e+29,0,"NoError_anova"
"7","exp_env_factor:gen_factor",36,92.0675096379467,2.5574308232763,7.19284580439452e+28,0,"NoError_anova"
"8","Residuals                ",196,6.96881950473494e-27,3.55552015547701e-29,NA,NA,"NoError_anova"
