"","Fixed_effect","Df","Sum Sq","Mean Sq","F value","Pr(>F)","data_class"
"1","exp_env_factor           ",6,115.624505360114,19.2707508933523,152.748182428107,2.41371777094826e-104,"Raw_anova"
"2","gen_factor               ",6,141.757187949337,23.6261979915562,187.271311889653,6.86602585786667e-118,"Raw_anova"
"3","exp_env_factor:gen_factor",36,175.981630634072,4.88837862872422,38.747371842973,9.61014283313067e-114,"Raw_anova"
"4","Residuals                ",441,55.6366760564778,0.126160263166616,NA,NA,"Raw_anova"
"5","exp_env_factor           ",6,132.3123520449,22.05205867415,2.97179749627489e+29,0,"NoError_anova"
"6","gen_factor               ",6,174.832254541223,29.1387090902038,3.92681445294984e+29,0,"NoError_anova"
"7","exp_env_factor:gen_factor",36,181.855393413878,5.05153870594106,6.80759574445038e+28,0,"NoError_anova"
"8","Residuals                ",441,3.27241606720857e-26,7.42044459684482e-29,NA,NA,"NoError_anova"
