"","Fixed_effect","Df","Sum Sq","Mean Sq","F value","Pr(>F)","data_class"
"1","exp_env_factor           ",1,7.76791915607274,7.76791915607274,9.50018322920041,0.00392732447884015,"Raw_anova"
"2","gen_factor               ",1,1.07616676649695,1.07616676649695,1.31615446318137,0.258850867428896,"Raw_anova"
"3","exp_env_factor:gen_factor",1,0.720156590239693,0.720156590239693,0.880753188020075,0.354249701805396,"Raw_anova"
"4","Residuals                ",36,29.4357574871906,0.817659930199739,NA,NA,"Raw_anova"
"5","exp_env_factor           ",1,34.5464422933429,34.5464422933429,1.56949101121866e+32,0,"NoError_anova"
"6","gen_factor               ",1,2.28868240120215,2.28868240120215,1.03977898092079e+31,0,"NoError_anova"
"7","exp_env_factor:gen_factor",1,2.164875305455,2.164875305455,9.83531763841169e+30,0,"NoError_anova"
"8","Residuals                ",36,7.92404616318685e-30,2.20112393421857e-31,NA,NA,"NoError_anova"
