"","Fixed_effect","Df","Sum Sq","Mean Sq","F value","Pr(>F)","data_class"
"1","exp_env_factor           ",9,96.2131917758294,10.6903546417588,101.632724108961,4.29719417045149e-146,"Raw_anova"
"2","gen_factor               ",9,63.4733711052325,7.05259678947028,67.0487226827912,1.33208403473974e-102,"Raw_anova"
"3","exp_env_factor:gen_factor",81,1192.05283154453,14.7167016240065,139.911025037844,0,"Raw_anova"
"4","Residuals                ",1400,147.260605574408,0.105186146838863,NA,NA,"Raw_anova"
"5","exp_env_factor           ",9,111.829538165286,12.4255042405874,3.48191882449284e+27,0,"NoError_anova"
"6","gen_factor               ",9,67.378669490109,7.48651883223434,2.0978988334919e+27,0,"NoError_anova"
"7","exp_env_factor:gen_factor",81,1319.7917923446,16.2937258314148,4.56588558460359e+27,0,"NoError_anova"
"8","Residuals                ",1400,4.99601134134885e-24,3.56857952953489e-27,NA,NA,"NoError_anova"
