"","Fixed_effect","Df","Sum Sq","Mean Sq","F value","Pr(>F)","data_class"
"1","exp_env_factor           ",6,32.3767507995557,5.39612513325929,29.2299021736465,7.10686667876665e-25,"Raw_anova"
"2","gen_factor               ",6,36.2206548193952,6.03677580323253,32.7001990901096,3.79293547436968e-27,"Raw_anova"
"3","exp_env_factor:gen_factor",36,139.219082036886,3.86719672324683,20.9479541551097,1.18373706062909e-49,"Raw_anova"
"4","Residuals                ",196,36.1835123441632,0.184609756857976,NA,NA,"Raw_anova"
"5","exp_env_factor           ",6,29.7644643395647,4.96074405659411,6.33276936201631e+29,0,"NoError_anova"
"6","gen_factor               ",6,49.5167764219518,8.2527960703253,1.05353256505248e+30,0,"NoError_anova"
"7","exp_env_factor:gen_factor",36,164.718759238483,4.57552108995787,5.84100276958019e+29,0,"NoError_anova"
"8","Residuals                ",196,1.53535646019938e-27,7.83345132754787e-30,NA,NA,"NoError_anova"
