"","Fixed_effect","Df","Sum Sq","Mean Sq","F value","Pr(>F)","data_class"
"1","exp_env_factor           ",9,108.156457169294,12.0173841299216,127.226568041853,8.76286620741072e-154,"Raw_anova"
"2","gen_factor               ",9,101.106085436494,11.2340094929438,118.933077089395,1.45667611600331e-146,"Raw_anova"
"3","exp_env_factor:gen_factor",81,704.726552176903,8.70032780465312,92.1093006146876,0,"Raw_anova"
"4","Residuals                ",900,85.0109052173088,0.0944565613525653,NA,NA,"Raw_anova"
"5","exp_env_factor           ",9,114.709635004095,12.745515000455,5.08734268029493e+28,0,"NoError_anova"
"6","gen_factor               ",9,110.302498204816,12.2558331338685,4.89188730171171e+28,0,"NoError_anova"
"7","exp_env_factor:gen_factor",81,773.987866791091,9.55540576285297,3.8140179948133e+28,0,"NoError_anova"
"8","Residuals                ",900,2.25480456522824e-25,2.50533840580915e-28,NA,NA,"NoError_anova"
