"","Fixed_effect","Df","Sum Sq","Mean Sq","F value","Pr(>F)","data_class"
"1","exp_env_factor           ",6,38.8775443351528,6.47959072252547,8.14567300583977,1.59449565587629e-08,"Raw_anova"
"2","gen_factor               ",6,7.91653686911346,1.31942281151891,1.65868296923696,0.12852207664931,"Raw_anova"
"3","exp_env_factor:gen_factor",36,141.517522948543,3.93104230412621,4.94182218488247,6.5216755914464e-18,"Raw_anova"
"4","Residuals                ",686,545.688395847191,0.795464133888033,NA,NA,"Raw_anova"
"5","exp_env_factor           ",6,128.56412908658,21.4273548477634,6.64392291472174e+29,0,"NoError_anova"
"6","gen_factor               ",6,51.0250630995426,8.50417718325711,2.63686759565627e+29,0,"NoError_anova"
"7","exp_env_factor:gen_factor",36,554.410807813876,15.4003002170521,4.77513011907519e+29,0,"NoError_anova"
"8","Residuals                ",686,2.21242263256772e-26,3.2251058783786e-29,NA,NA,"NoError_anova"
