"","row","aov_coefs"
"(Intercept)",18850,0.303428520389985
"exp_env_factorE_2",18850,-0.0903991328878374
"gen_factorG_2",18850,-0.626538001319869
"exp_env_factorE_2:gen_factorG_2",18850,0.220160186855475
