"","Fixed_effect","Df","Sum Sq","Mean Sq","F value","Pr(>F)","data_class"
"1","exp_env_factor           ",4,40.9612475502471,10.2403118875618,19.8008643586868,1.04281891932983e-14,"Raw_anova"
"2","gen_factor               ",4,12.7342389468926,3.18355973672316,6.15579244233753,8.50822880276759e-05,"Raw_anova"
"3","exp_env_factor:gen_factor",16,139.296801126191,8.70605007038691,16.8341861494526,1.52163357956871e-34,"Raw_anova"
"4","Residuals                ",350,181.007712376669,0.51716489250477,NA,NA,"Raw_anova"
"5","exp_env_factor           ",4,63.4366748261997,15.8591687065499,7.26558727951516e+29,0,"NoError_anova"
"6","gen_factor               ",4,20.7076685324762,5.17691713311905,2.37170963784245e+29,0,"NoError_anova"
"7","exp_env_factor:gen_factor",16,289.855656641323,18.1159785400827,8.29950331396836e+29,0,"NoError_anova"
"8","Residuals                ",350,7.63972523314437e-27,2.18277863804125e-29,NA,NA,"NoError_anova"
