"","Fixed_effect","Df","Sum Sq","Mean Sq","F value","Pr(>F)","data_class"
"1","exp_env_factor           ",6,8.92397879240656,1.48732979873443,6.71562687886546,1.75204309683418e-06,"Raw_anova"
"2","gen_factor               ",6,107.097986413917,17.8496644023195,80.5952292093815,3.05259754111254e-50,"Raw_anova"
"3","exp_env_factor:gen_factor",36,84.5693335941848,2.34914815539402,10.6069296185857,8.03660194657543e-30,"Raw_anova"
"4","Residuals                ",196,43.408701199492,0.221472965303531,NA,NA,"Raw_anova"
"5","exp_env_factor           ",6,10.105209193259,1.68420153220984,1.75990723197656e+29,0,"NoError_anova"
"6","gen_factor               ",6,138.350220990665,23.0583701651109,2.40948554166944e+30,0,"NoError_anova"
"7","exp_env_factor:gen_factor",36,95.544569816076,2.65401582822433,2.7733151648091e+29,0,"NoError_anova"
"8","Residuals                ",196,1.87568693573915e-27,9.56983130479156e-30,NA,NA,"NoError_anova"
