"","Fixed_effect","Df","Sum Sq","Mean Sq","F value","Pr(>F)","data_class"
"1","exp_env_factor           ",6,61.7162221477809,10.2860370246301,134.972063944292,1.52231660384332e-96,"Raw_anova"
"2","gen_factor               ",6,74.7345980659606,12.4557663443268,163.442974925719,9.5120526265406e-109,"Raw_anova"
"3","exp_env_factor:gen_factor",36,318.94117087462,8.85947696873945,116.252925113371,5.79578327225701e-201,"Raw_anova"
"4","Residuals                ",441,33.6080089116376,0.0762086369878403,NA,NA,"Raw_anova"
"5","exp_env_factor           ",6,63.7715556721408,10.6285926120235,2.22778289414889e+29,0,"NoError_anova"
"6","gen_factor               ",6,79.3729169423788,13.2288194903965,2.77279775848686e+29,0,"NoError_anova"
"7","exp_env_factor:gen_factor",36,345.855527385481,9.60709798293002,2.01367474792217e+29,0,"NoError_anova"
"8","Residuals                ",441,2.1039794111953e-26,4.77092837005737e-29,NA,NA,"NoError_anova"
