"","Fixed_effect","Df","Sum Sq","Mean Sq","F value","Pr(>F)","data_class"
"1","exp_env_factor           ",6,237.86529482211,39.644215803685,147.481243518403,7.21443806182597e-120,"Raw_anova"
"2","gen_factor               ",6,39.283390953038,6.54723182550634,24.3564886239769,3.20875566905847e-26,"Raw_anova"
"3","exp_env_factor:gen_factor",36,272.448664826698,7.56801846740827,28.1539375143817,6.21158761713397e-111,"Raw_anova"
"4","Residuals                ",686,184.402649398154,0.268808526819467,NA,NA,"Raw_anova"
"5","exp_env_factor           ",6,316.766258258593,52.7943763764322,3.12811294684739e+29,0,"NoError_anova"
"6","gen_factor               ",6,42.349333166203,7.05822219436717,4.18205834471827e+28,0,"NoError_anova"
"7","exp_env_factor:gen_factor",36,374.884408575202,10.4134557937556,6.17006357980419e+28,0,"NoError_anova"
"8","Residuals                ",686,1.15778882699019e-25,1.6877388148545e-28,NA,NA,"NoError_anova"
