"","Fixed_effect","Df","Sum Sq","Mean Sq","F value","Pr(>F)","data_class"
"1","exp_env_factor           ",9,77.3787748574277,8.5976416508253,339.482121975192,0,"Raw_anova"
"2","gen_factor               ",9,217.608267654156,24.1786964060173,954.707755436725,0,"Raw_anova"
"3","exp_env_factor:gen_factor",81,1168.55689800251,14.4266283704013,569.642538155939,0,"Raw_anova"
"4","Residuals                ",1400,35.4560594859101,0.0253257567756501,NA,NA,"Raw_anova"
"5","exp_env_factor           ",9,80.4756180107446,8.94173533452718,7.5879439841936e+27,0,"NoError_anova"
"6","gen_factor               ",9,221.551727421857,24.6168586024285,2.08898314649031e+28,0,"NoError_anova"
"7","exp_env_factor:gen_factor",81,1196.9726545674,14.7774401798444,1.25401148792065e+28,0,"NoError_anova"
"8","Residuals                ",1400,1.64977884581319e-24,1.17841346129514e-27,NA,NA,"NoError_anova"
