"","Fixed_effect","Df","Sum Sq","Mean Sq","F value","Pr(>F)","data_class"
"1","exp_env_factor           ",1,0.377973528382369,0.377973528382369,0.356267828444863,0.554321882372163,"Raw_anova"
"2","gen_factor               ",1,0.256566514064723,0.256566514064723,0.241832795033831,0.625870784019627,"Raw_anova"
"3","exp_env_factor:gen_factor",1,0.17215162218874,0.17215162218874,0.162265555640705,0.68946144220506,"Raw_anova"
"4","Residuals                ",36,38.1933083353642,1.06092523153789,NA,NA,"Raw_anova"
"5","exp_env_factor           ",1,33.7606527718882,33.7606527718882,5.06731541711969e+31,0,"NoError_anova"
"6","gen_factor               ",1,0.271040456344242,0.271040456344242,4.06818994992886e+29,0,"NoError_anova"
"7","exp_env_factor:gen_factor",1,4.96830677176762,4.96830677176762,7.45719511754279e+30,0,"NoError_anova"
"8","Residuals                ",36,2.39847611554209e-29,6.66243365428357e-31,NA,NA,"NoError_anova"
