"","Fixed_effect","Df","Sum Sq","Mean Sq","F value","Pr(>F)","data_class"
"1","exp_env_factor           ",9,29.5163660031877,3.27959622257641,134.904486937208,2.50222825522622e-115,"Raw_anova"
"2","gen_factor               ",9,91.0554386008937,10.1172709556549,416.168685059988,5.5944277436239e-197,"Raw_anova"
"3","exp_env_factor:gen_factor",81,368.703993341459,4.55190115236369,187.240089289437,8.76337204675835e-274,"Raw_anova"
"4","Residuals                ",400,9.72420205445925,0.0243105051361481,NA,NA,"Raw_anova"
"5","exp_env_factor           ",9,32.1214680048654,3.5690520005406,3.22544918332854e+28,0,"NoError_anova"
"6","gen_factor               ",9,95.3776417278877,10.5975157475431,9.57726267592815e+28,0,"NoError_anova"
"7","exp_env_factor:gen_factor",81,371.500890267247,4.58643074404009,4.14488197300468e+28,0,"NoError_anova"
"8","Residuals                ",400,4.42611468689452e-26,1.10652867172363e-28,NA,NA,"NoError_anova"
