"","Fixed_effect","Df","Sum Sq","Mean Sq","F value","Pr(>F)","data_class"
"1","exp_env_factor           ",6,20.5982314175932,3.43303856959887,20.538687250046,1.31959075273066e-18,"Raw_anova"
"2","gen_factor               ",6,113.180610473523,18.8634350789205,112.853434557469,7.8009579150774e-61,"Raw_anova"
"3","exp_env_factor:gen_factor",36,77.4597867783055,2.15166074384182,12.8726450897789,5.40228696980788e-35,"Raw_anova"
"4","Residuals                ",196,32.7613713305786,0.167149853727442,NA,NA,"Raw_anova"
"5","exp_env_factor           ",6,25.311661410962,4.21861023516033,1.1447825057049e+29,0,"NoError_anova"
"6","gen_factor               ",6,134.389926475391,22.3983210792319,6.07811689142489e+29,0,"NoError_anova"
"7","exp_env_factor:gen_factor",36,84.2984121136469,2.34162255871241,6.35434038877506e+28,0,"NoError_anova"
"8","Residuals                ",196,7.22274844322759e-27,3.68507573634061e-29,NA,NA,"NoError_anova"
