"","Fixed_effect","Df","Sum Sq","Mean Sq","F value","Pr(>F)","data_class"
"1","exp_env_factor           ",2,9.81379276856876,4.90689638428438,6.49822425072278,0.00241340245071432,"Raw_anova"
"2","gen_factor               ",2,9.80168177629746,4.90084088814873,6.4902049308193,0.00243013952372207,"Raw_anova"
"3","exp_env_factor:gen_factor",4,8.22033785683313,2.05508446420828,2.7215573056266,0.0350991936600062,"Raw_anova"
"4","Residuals                ",81,61.1641875983006,0.755113427139514,NA,NA,"Raw_anova"
"5","exp_env_factor           ",2,33.4851489085905,16.7425744542953,9.9729918709493e+30,0,"NoError_anova"
"6","gen_factor               ",2,32.3026013922938,16.1513006961469,9.62078986046301e+30,0,"NoError_anova"
"7","exp_env_factor:gen_factor",4,23.2122496991156,5.8030624247789,3.45669028063267e+30,0,"NoError_anova"
"8","Residuals                ",81,1.35982115331738e-28,1.67879154730541e-30,NA,NA,"NoError_anova"
