"","Fixed_effect","Df","Sum Sq","Mean Sq","F value","Pr(>F)","data_class"
"1","exp_env_factor           ",1,1.82458166953393,1.82458166953393,1.89213587405797,0.177460372020838,"Raw_anova"
"2","gen_factor               ",1,0.597098024972669,0.597098024972669,0.61920527441698,0.436492666657835,"Raw_anova"
"3","exp_env_factor:gen_factor",1,1.86361455745939,1.86361455745939,1.93261393472527,0.173008970916622,"Raw_anova"
"4","Residuals                ",36,34.714705748034,0.964297381889833,NA,NA,"Raw_anova"
"5","exp_env_factor           ",1,21.9225513846147,21.9225513846147,6.467522425307e+31,0,"NoError_anova"
"6","gen_factor               ",1,0.372955184200489,0.372955184200489,1.10028069960141e+30,0,"NoError_anova"
"7","exp_env_factor:gen_factor",1,16.7044934311849,16.7044934311849,4.92810731625892e+31,0,"NoError_anova"
"8","Residuals                ",36,1.22026921276375e-29,3.38963670212153e-31,NA,NA,"NoError_anova"
