"","Fixed_effect","Df","Sum Sq","Mean Sq","F value","Pr(>F)","data_class"
"1","exp_env_factor           ",1,2.56389620498133,2.56389620498133,2.56523857589484,0.117975876950324,"Raw_anova"
"2","gen_factor               ",1,0.00817728003381288,0.00817728003381288,0.00818156138609527,0.928429451914886,"Raw_anova"
"3","exp_env_factor:gen_factor",1,0.446765056296554,0.446765056296554,0.446998967644283,0.508028200569085,"Raw_anova"
"4","Residuals                ",36,35.9811614586883,0.999476707185786,NA,NA,"Raw_anova"
"5","exp_env_factor           ",1,25.3109379092314,25.3109379092314,1.20989886511257e+32,0,"NoError_anova"
"6","gen_factor               ",1,8.00278611712333,8.00278611712333,3.82544569291316e+31,0,"NoError_anova"
"7","exp_env_factor:gen_factor",1,5.68627597364526,5.68627597364526,2.71812086612605e+31,0,"NoError_anova"
"8","Residuals                ",36,7.53115645453184e-30,2.09198790403662e-31,NA,NA,"NoError_anova"
