"","Fixed_effect","Df","Sum Sq","Mean Sq","F value","Pr(>F)","data_class"
"1","exp_env_factor           ",4,12.3724577897996,3.0931144474499,5.06659993540128,0.000927032155876436,"Raw_anova"
"2","gen_factor               ",4,24.0675975784254,6.01689939460634,9.85583385353293,9.18956647861576e-07,"Raw_anova"
"3","exp_env_factor:gen_factor",16,26.5108291127516,1.65692681954697,2.71408816566828,0.00129302470773929,"Raw_anova"
"4","Residuals                ",100,61.0491155190235,0.610491155190235,NA,NA,"Raw_anova"
"5","exp_env_factor           ",4,17.0406625757657,4.26016564394143,6.58076215452499e+29,0,"NoError_anova"
"6","gen_factor               ",4,54.7523546571637,13.6880886642909,2.11442613687691e+30,0,"NoError_anova"
"7","exp_env_factor:gen_factor",16,52.2069827670706,3.26293642294192,5.04032244738053e+29,0,"NoError_anova"
"8","Residuals                ",100,6.47366603427857e-28,6.47366603427857e-30,NA,NA,"NoError_anova"
