"","Fixed_effect","Df","Sum Sq","Mean Sq","F value","Pr(>F)","data_class"
"1","exp_env_factor           ",9,59.3849670541278,6.59832967268087,11.1686266341747,5.4899473001052e-17,"Raw_anova"
"2","gen_factor               ",9,85.9239351190506,9.54710390211674,16.1598532067725,1.90211935589805e-25,"Raw_anova"
"3","exp_env_factor:gen_factor",81,526.582999013037,6.5010246791733,11.0039238690755,6.79402235950308e-101,"Raw_anova"
"4","Residuals                ",1400,827.108098813783,0.590791499152702,NA,NA,"Raw_anova"
"5","exp_env_factor           ",9,132.213972447735,14.6904413830816,1.6685454538549e+27,0,"NoError_anova"
"6","gen_factor               ",9,195.05536657207,21.6728185080078,2.46160628198721e+27,0,"NoError_anova"
"7","exp_env_factor:gen_factor",81,1171.73066098019,14.4658106293851,1.64303181453648e+27,0,"NoError_anova"
"8","Residuals                ",1400,1.23260759176794e-23,8.80433994119958e-27,NA,NA,"NoError_anova"
