"","Fixed_effect","Df","Sum Sq","Mean Sq","F value","Pr(>F)","data_class"
"1","exp_env_factor           ",2,8.49586307438322,4.24793153719161,5.87912314058432,0.00362188954998412,"Raw_anova"
"2","gen_factor               ",2,32.8387618254178,16.4193809127089,22.7243686563259,3.74010686646201e-09,"Raw_anova"
"3","exp_env_factor:gen_factor",4,1.62469422190277,0.406173555475693,0.562142851923003,0.690555687560469,"Raw_anova"
"4","Residuals                ",126,91.0406808782962,0.722545086335684,NA,NA,"Raw_anova"
"5","exp_env_factor           ",2,9.06496378858319,4.5324818942916,4.48678867293393e+29,0,"NoError_anova"
"6","gen_factor               ",2,119.025691622159,59.5128458110795,5.89128801188403e+30,0,"NoError_anova"
"7","exp_env_factor:gen_factor",4,5.90934458925733,1.47733614731433,1.4624427072139e+29,0,"NoError_anova"
"8","Residuals                ",126,1.27283177415018e-27,1.01018394773824e-29,NA,NA,"NoError_anova"
