"","Fixed_effect","Df","Sum Sq","Mean Sq","F value","Pr(>F)","data_class"
"1","exp_env_factor           ",6,86.4274774648067,14.4045795774678,63.1128786196375,3.58407737343402e-43,"Raw_anova"
"2","gen_factor               ",6,102.596175574507,17.0993625957512,74.9199232212878,4.50903241137721e-48,"Raw_anova"
"3","exp_env_factor:gen_factor",36,10.2422505459296,0.284506959609155,1.24655170334456,0.174218952853196,"Raw_anova"
"4","Residuals                ",196,44.7340964147565,0.228235185789574,NA,NA,"Raw_anova"
"5","exp_env_factor           ",6,113.866180930485,18.9776968217475,2.55016928132608e+30,0,"NoError_anova"
"6","gen_factor               ",6,125.886875044605,20.9811458407675,2.81938710016871e+30,0,"NoError_anova"
"7","exp_env_factor:gen_factor",36,4.24694402491008,0.117970667358613,1.58525649777859e+28,0,"NoError_anova"
"8","Residuals                ",196,1.45858104569761e-27,7.44174002906943e-30,NA,NA,"NoError_anova"
