"","Fixed_effect","Df","Sum Sq","Mean Sq","F value","Pr(>F)","data_class"
"1","exp_env_factor           ",2,1.6125833227293,0.806291661364649,0.910523708562874,0.411378013903065,"Raw_anova"
"2","gen_factor               ",2,4.54044013647816,2.27022006823908,2.56369908661633,0.091008670471712,"Raw_anova"
"3","exp_env_factor:gen_factor",4,5.96807043856557,1.49201760964139,1.68489576696416,0.174844271159576,"Raw_anova"
"4","Residuals                ",36,31.878906102227,0.885525169506305,NA,NA,"Raw_anova"
"5","exp_env_factor           ",2,30.4987009269356,15.2493504634678,7.46390221728009e+30,0,"NoError_anova"
"6","gen_factor               ",2,5.88867591574133,2.94433795787066,1.44112699520024e+30,0,"NoError_anova"
"7","exp_env_factor:gen_factor",4,7.61262315732302,1.90315578933076,9.31513033938429e+29,0,"NoError_anova"
"8","Residuals                ",36,7.35508854086907e-29,2.04308015024141e-30,NA,NA,"NoError_anova"
