"","Fixed_effect","Df","Sum Sq","Mean Sq","F value","Pr(>F)","data_class"
"1","exp_env_factor           ",9,44.3297292713713,4.92552547459681,34.7568571862049,7.58997615072968e-53,"Raw_anova"
"2","gen_factor               ",9,300.6124168925,33.4013796547222,235.69606704276,1.03804362213767e-229,"Raw_anova"
"3","exp_env_factor:gen_factor",81,526.515455414198,6.50019080758269,45.8684468789043,1.77085173512854e-265,"Raw_anova"
"4","Residuals                ",900,127.542398421932,0.141713776024369,NA,NA,"Raw_anova"
"5","exp_env_factor           ",9,67.5131949654285,7.50146610726983,3.57097153593994e+28,0,"NoError_anova"
"6","gen_factor               ",9,355.362259303793,39.4846954781992,1.87961555303517e+29,0,"NoError_anova"
"7","exp_env_factor:gen_factor",81,576.124545730778,7.11264871272566,3.38588027128036e+28,0,"NoError_anova"
"8","Residuals                ",900,1.89061140045346e-25,2.10067933383717e-28,NA,NA,"NoError_anova"
