"","row","aov_coefs"
"(Intercept)",16131,0.49116523993624
"exp_env_factorE_2",16131,-0.593911807347204
"gen_factorG_2",16131,-1.09397011454434
"exp_env_factorE_2:gen_factorG_2",16131,1.41110288403812
