"","Fixed_effect","Df","Sum Sq","Mean Sq","F value","Pr(>F)","data_class"
"1","exp_env_factor           ",6,42.0435149919565,7.00725249865941,51.2006991238561,1.38588236645502e-37,"Raw_anova"
"2","gen_factor               ",6,67.2565706210489,11.2094284368415,81.9052221758697,9.98142606149384e-51,"Raw_anova"
"3","exp_env_factor:gen_factor",36,107.875642194638,2.99654561651773,21.8952050823895,4.34300729899015e-51,"Raw_anova"
"4","Residuals                ",196,26.8242721923561,0.136858531593654,NA,NA,"Raw_anova"
"5","exp_env_factor           ",6,40.4409644716199,6.74016074526999,4.98143509682744e+29,0,"NoError_anova"
"6","gen_factor               ",6,82.1708199289963,13.6951366548327,1.01216331429643e+30,0,"NoError_anova"
"7","exp_env_factor:gen_factor",36,121.388215599384,3.37189487776066,2.49205859054283e+29,0,"NoError_anova"
"8","Residuals                ",196,2.65198979891212e-27,1.35305601985312e-29,NA,NA,"NoError_anova"
