"","Fixed_effect","Df","Sum Sq","Mean Sq","F value","Pr(>F)","data_class"
"1","exp_env_factor           ",2,1.60432125110657,0.802160625553283,0.786540273969659,0.457640711599599,"Raw_anova"
"2","gen_factor               ",2,2.33221252694848,1.16610626347424,1.14339885396163,0.322018322912962,"Raw_anova"
"3","exp_env_factor:gen_factor",4,1.56116040916893,0.390290102292231,0.382690042624371,0.820681946193442,"Raw_anova"
"4","Residuals                ",126,128.502305812776,1.01985956994267,NA,NA,"Raw_anova"
"5","exp_env_factor           ",2,23.88416542713,11.942082713565,7.20526972465167e+30,0,"NoError_anova"
"6","gen_factor               ",2,1.8156727083359,0.907836354167952,5.47744137644797e+29,0,"NoError_anova"
"7","exp_env_factor:gen_factor",4,108.300161864534,27.0750404661336,1.63357576767373e+31,0,"NoError_anova"
"8","Residuals                ",126,2.08833600879797e-28,1.65740953079204e-30,NA,NA,"NoError_anova"
