"","Fixed_effect","Df","Sum Sq","Mean Sq","F value","Pr(>F)","data_class"
"1","exp_env_factor           ",4,63.74050271732,15.93512567933,31.0784860026554,1.32407527995548e-20,"Raw_anova"
"2","gen_factor               ",4,26.3776968364002,6.59442420910004,12.8611926006914,1.90871098541226e-09,"Raw_anova"
"3","exp_env_factor:gen_factor",16,43.5157148028893,2.71973217518058,5.30432956967271,1.83049706935242e-09,"Raw_anova"
"4","Residuals                ",225,115.36608564339,0.512738158415069,NA,NA,"Raw_anova"
"5","exp_env_factor           ",4,122.522069788926,30.6305174472314,8.21138464034461e+30,0,"NoError_anova"
"6","gen_factor               ",4,40.6388358016906,10.1597089504226,2.72360002306826e+30,0,"NoError_anova"
"7","exp_env_factor:gen_factor",16,85.8390944093838,5.36494340058649,1.43822623668657e+30,0,"NoError_anova"
"8","Residuals                ",225,8.39306247056748e-28,3.73024998691888e-30,NA,NA,"NoError_anova"
