"","Fixed_effect","Df","Sum Sq","Mean Sq","F value","Pr(>F)","data_class"
"1","exp_env_factor           ",4,3.41355605357164,0.85338901339291,1.05338150963322,0.383733771176034,"Raw_anova"
"2","gen_factor               ",4,24.4136011605763,6.10340029014408,7.53373773347105,2.3984237665905e-05,"Raw_anova"
"3","exp_env_factor:gen_factor",16,15.1586038241245,0.947412739007781,1.16943978138874,0.305558852299462,"Raw_anova"
"4","Residuals                ",100,81.0142389617276,0.810142389617276,NA,NA,"Raw_anova"
"5","exp_env_factor           ",4,1.880354628773,0.47008865719325,5.3400467770077e+29,0,"NoError_anova"
"6","gen_factor               ",4,116.892490957299,29.2231227393248,3.31964704977086e+31,0,"NoError_anova"
"7","exp_env_factor:gen_factor",16,5.22715441392785,0.326697150870491,3.71116818257195e+29,0,"NoError_anova"
"8","Residuals                ",100,8.80308126170881e-29,8.80308126170881e-31,NA,NA,"NoError_anova"
