"","Fixed_effect","Df","Sum Sq","Mean Sq","F value","Pr(>F)","data_class"
"1","exp_env_factor           ",9,106.523576034254,11.8359528926949,25.91418802228,6.37946406826148e-40,"Raw_anova"
"2","gen_factor               ",9,372.45668904329,41.3840765603655,90.6082299276167,1.09081972890119e-119,"Raw_anova"
"3","exp_env_factor:gen_factor",81,108.956976781356,1.34514786149823,2.94512954864389,7.12255222295261e-15,"Raw_anova"
"4","Residuals                ",900,411.062758141099,0.456736397934554,NA,NA,"Raw_anova"
"5","exp_env_factor           ",9,173.307764178908,19.2564182421008,4.07689540805446e+29,0,"NoError_anova"
"6","gen_factor               ",9,718.039708738525,79.7821898598362,1.68911808725136e+30,0,"NoError_anova"
"7","exp_env_factor:gen_factor",81,107.652527082566,1.3290435442292,2.81380028957105e+28,0,"NoError_anova"
"8","Residuals                ",900,4.25097400920599e-26,4.72330445467332e-29,NA,NA,"NoError_anova"
