"","Fixed_effect","Df","Sum Sq","Mean Sq","F value","Pr(>F)","data_class"
"1","exp_env_factor           ",1,3.80777645899448,3.80777645899448,4.34451461946949,0.0442843405358758,"Raw_anova"
"2","gen_factor               ",1,2.37074433731458,2.37074433731458,2.70492071774811,0.108744660910592,"Raw_anova"
"3","exp_env_factor:gen_factor",1,1.26905861578643,1.26905861578643,1.44794311552202,0.236711917757077,"Raw_anova"
"4","Residuals                ",36,31.5524205879045,0.876456127441792,NA,NA,"Raw_anova"
"5","exp_env_factor           ",1,16.1884877301258,16.1884877301258,2.04238365515674e+32,0,"NoError_anova"
"6","gen_factor               ",1,11.2295602479728,11.2295602479728,1.41675187252832e+32,0,"NoError_anova"
"7","exp_env_factor:gen_factor",1,11.5819520219014,11.5819520219014,1.46121057745999e+32,0,"NoError_anova"
"8","Residuals                ",36,2.85345780560413e-30,7.92627168223369e-32,NA,NA,"NoError_anova"
