"","Fixed_effect","Df","Sum Sq","Mean Sq","F value","Pr(>F)","data_class"
"1","exp_env_factor           ",2,15.7922913152812,7.8961456576406,9.49826051114386,0.000143819134163649,"Raw_anova"
"2","gen_factor               ",2,7.79544362220313,3.89772181110157,4.68856309989503,0.0108640319470275,"Raw_anova"
"3","exp_env_factor:gen_factor",4,5.66525884012045,1.41631471003011,1.70368261489883,0.153260860993779,"Raw_anova"
"4","Residuals                ",126,104.747006222395,0.831325446209485,NA,NA,"Raw_anova"
"5","exp_env_factor           ",2,65.1268688768862,32.5634344384431,7.36506902695487e+30,0,"NoError_anova"
"6","gen_factor               ",2,9.82041620683734,4.91020810341867,1.11057148123473e+30,0,"NoError_anova"
"7","exp_env_factor:gen_factor",4,59.0527149162762,14.763178729069,3.33907747361258e+30,0,"NoError_anova"
"8","Residuals                ",126,5.57088158200228e-28,4.4213345888907e-30,NA,NA,"NoError_anova"
