"","Fixed_effect","Df","Sum Sq","Mean Sq","F value","Pr(>F)","data_class"
"1","exp_env_factor           ",4,2.49089903862352,0.622724759655881,0.64187353234432,0.633166057702009,"Raw_anova"
"2","gen_factor               ",4,3.56226884800663,0.890567212001657,0.917952134219654,0.454219978540006,"Raw_anova"
"3","exp_env_factor:gen_factor",16,24.6591728437363,1.54119830273352,1.5885901167079,0.0730772680396479,"Raw_anova"
"4","Residuals                ",225,218.287659269634,0.970167374531705,NA,NA,"Raw_anova"
"5","exp_env_factor           ",4,4.38130830859928,1.09532707714982,1.04253185473802e+29,0,"NoError_anova"
"6","gen_factor               ",4,50.9132036145328,12.7283009036332,1.21147914860807e+30,0,"NoError_anova"
"7","exp_env_factor:gen_factor",16,193.705488076868,12.1065930048042,1.1523050167535e+30,0,"NoError_anova"
"8","Residuals                ",225,2.36394304153556e-27,1.05064135179358e-29,NA,NA,"NoError_anova"
