"","Fixed_effect","Df","Sum Sq","Mean Sq","F value","Pr(>F)","data_class"
"1","exp_env_factor           ",1,8.76740098824763,8.76740098824763,12.2896885435234,0.00090441935072939,"Raw_anova"
"2","gen_factor               ",1,8.67617584225088,8.67617584225088,12.1618138594362,0.000956660733548853,"Raw_anova"
"3","exp_env_factor:gen_factor",1,1.60630941331441,1.60630941331441,2.25164132684542,0.139090213273514,"Raw_anova"
"4","Residuals                ",56,39.9501137561871,0.71339488850334,NA,NA,"Raw_anova"
"5","exp_env_factor           ",1,14.897342854002,14.897342854002,2.5579175430341e+31,0,"NoError_anova"
"6","gen_factor               ",1,23.5150158390226,23.5150158390226,4.03759731710826e+31,0,"NoError_anova"
"7","exp_env_factor:gen_factor",1,20.5876413069753,20.5876413069753,3.53495850803075e+31,0,"NoError_anova"
"8","Residuals                ",56,3.26144680502312e-29,5.824012151827e-31,NA,NA,"NoError_anova"
