"","Fixed_effect","Df","Sum Sq","Mean Sq","F value","Pr(>F)","data_class"
"1","exp_env_factor           ",6,17.8395958022226,2.9732659670371,37.9024555993271,2.40049829366632e-30,"Raw_anova"
"2","gen_factor               ",6,83.6671562162549,13.9445260360425,177.761352261887,1.85271219275785e-76,"Raw_anova"
"3","exp_env_factor:gen_factor",36,127.117987452239,3.53105520700663,45.0130142025977,2.20589231220385e-76,"Raw_anova"
"4","Residuals                ",196,15.375260529284,0.078445206782061,NA,NA,"Raw_anova"
"5","exp_env_factor           ",6,19.2524173650769,3.20873622751281,3.48762403645297e+29,0,"NoError_anova"
"6","gen_factor               ",6,89.5405078424781,14.9234179737463,1.62204891710951e+30,0,"NoError_anova"
"7","exp_env_factor:gen_factor",36,135.207074792445,3.75575207756792,4.0821838543074e+29,0,"NoError_anova"
"8","Residuals                ",196,1.80326862648916e-27,9.20035013514875e-30,NA,NA,"NoError_anova"
