"","Fixed_effect","Df","Sum Sq","Mean Sq","F value","Pr(>F)","data_class"
"1","exp_env_factor           ",9,450.513098157124,50.0570109063471,189.404664993074,8.09224401133044e-201,"Raw_anova"
"2","gen_factor               ",9,22.0336744808279,2.44818605342532,9.26339489501847,1.58713014577757e-13,"Raw_anova"
"3","exp_env_factor:gen_factor",81,288.595781678966,3.56291088492551,13.4812672658792,7.82577896041331e-108,"Raw_anova"
"4","Residuals                ",900,237.857445683082,0.264286050758979,NA,NA,"Raw_anova"
"5","exp_env_factor           ",9,572.915382255575,63.6572646950638,2.33771452015096e+29,0,"NoError_anova"
"6","gen_factor               ",9,36.3884586213406,4.04316206903785,1.48478869165836e+28,0,"NoError_anova"
"7","exp_env_factor:gen_factor",81,389.696159123085,4.81106369287759,1.76678867778671e+28,0,"NoError_anova"
"8","Residuals                ",900,2.45074998387134e-25,2.72305553763482e-28,NA,NA,"NoError_anova"
