"","Fixed_effect","Df","Sum Sq","Mean Sq","F value","Pr(>F)","data_class"
"1","exp_env_factor           ",2,7.4492132796234,3.7246066398117,3.98377125137259,0.0223750331934322,"Raw_anova"
"2","gen_factor               ",2,2.11272365264273,1.05636182632136,1.12986532047831,0.328114710923028,"Raw_anova"
"3","exp_env_factor:gen_factor",4,3.70752564774506,0.926881411936266,0.991375433538401,0.41710617033941,"Raw_anova"
"4","Residuals                ",81,75.7305374199888,0.934944906419615,NA,NA,"Raw_anova"
"5","exp_env_factor           ",2,19.9782823357363,9.98914116786817,4.5149180378818e+30,0,"NoError_anova"
"6","gen_factor               ",2,18.2177268693019,9.10886343465097,4.11704781568168e+30,0,"NoError_anova"
"7","exp_env_factor:gen_factor",4,50.8039907949618,12.7009976987404,5.74063001467987e+30,0,"NoError_anova"
"8","Residuals                ",81,1.79210437002069e-28,2.21247453088974e-30,NA,NA,"NoError_anova"
