"","Fixed_effect","Df","Sum Sq","Mean Sq","F value","Pr(>F)","data_class"
"1","exp_env_factor           ",1,6.08396554244303,6.08396554244303,6.93244183624722,0.012392898146559,"Raw_anova"
"2","gen_factor               ",1,1.3059426790233,1.3059426790233,1.48807083153967,0.230447544363333,"Raw_anova"
"3","exp_env_factor:gen_factor",1,0.0162083098316592,0.0162083098316592,0.0184687379289022,0.892657643000961,"Raw_anova"
"4","Residuals                ",36,31.593883468702,0.877607874130611,NA,NA,"Raw_anova"
"5","exp_env_factor           ",1,28.8027616100851,28.8027616100851,6.54468821592347e+31,0,"NoError_anova"
"6","gen_factor               ",1,9.95452682134054,9.95452682134054,2.2619106898385e+31,0,"NoError_anova"
"7","exp_env_factor:gen_factor",1,0.242711568574393,0.242711568574393,5.51499736108963e+29,0,"NoError_anova"
"8","Residuals                ",36,1.58433737980099e-29,4.40093716611387e-31,NA,NA,"NoError_anova"
