"","Fixed_effect","Df","Sum Sq","Mean Sq","F value","Pr(>F)","data_class"
"1","exp_env_factor           ",2,0.00936884856394987,0.00468442428197493,0.0107423435515627,0.989318319359319,"Raw_anova"
"2","gen_factor               ",2,8.06000387487694,4.03000193743847,9.24161918723037,0.000576384873846024,"Raw_anova"
"3","exp_env_factor:gen_factor",4,20.2320719900299,5.05801799750748,11.5990703976765,3.74817905640855e-06,"Raw_anova"
"4","Residuals                ",36,15.6985552865292,0.436070980181366,NA,NA,"Raw_anova"
"5","exp_env_factor           ",2,1.06308240772239,0.531541203861195,7.43501728808919e+29,0,"NoError_anova"
"6","gen_factor               ",2,6.26236644169309,3.13118322084654,4.37979242437961e+30,0,"NoError_anova"
"7","exp_env_factor:gen_factor",4,36.6745511505845,9.16863778764613,1.28247782042459e+31,0,"NoError_anova"
"8","Residuals                ",36,2.57369722188244e-29,7.14915894967344e-31,NA,NA,"NoError_anova"
