"","Fixed_effect","Df","Sum Sq","Mean Sq","F value","Pr(>F)","data_class"
"1","exp_env_factor           ",4,77.2113752838057,19.3028438209514,58.6308132567783,7.4844158655849e-38,"Raw_anova"
"2","gen_factor               ",4,45.4011592308559,11.350289807714,34.47557926175,2.86169323591572e-24,"Raw_anova"
"3","exp_env_factor:gen_factor",16,136.158033006812,8.50987706292577,25.8480572884804,8.54096282085966e-50,"Raw_anova"
"4","Residuals                ",350,115.229432478526,0.329226949938646,NA,NA,"Raw_anova"
"5","exp_env_factor           ",4,89.8766977663526,22.4691744415882,1.59301333851772e+29,0,"NoError_anova"
"6","gen_factor               ",4,61.320628508632,15.330157127158,1.08687325600776e+29,0,"NoError_anova"
"7","exp_env_factor:gen_factor",16,222.802673725015,13.9251671078134,9.87262660740065e+28,0,"NoError_anova"
"8","Residuals                ",350,4.9366887673856e-26,1.41048250496731e-28,NA,NA,"NoError_anova"
