"","Fixed_effect","Df","Sum Sq","Mean Sq","F value","Pr(>F)","data_class"
"1","exp_env_factor           ",1,6.03808609125878,6.03808609125878,6.87507882573431,0.0127297446708817,"Raw_anova"
"2","gen_factor               ",1,1.34403388769457,1.34403388769457,1.5303423605926,0.22407015169579,"Raw_anova"
"3","exp_env_factor:gen_factor",1,0.000628089088010939,0.000628089088010939,0.000715154094260117,0.978812918841967,"Raw_anova"
"4","Residuals                ",36,31.6172519319586,0.878256998109962,NA,NA,"Raw_anova"
"5","exp_env_factor           ",1,17.7250102627398,17.7250102627398,3.12180846667794e+31,0,"NoError_anova"
"6","gen_factor               ",1,21.2668051097263,21.2668051097263,3.74560529255634e+31,0,"NoError_anova"
"7","exp_env_factor:gen_factor",1,0.00818462753389026,0.00818462753389026,1.4415133843739e+28,0,"NoError_anova"
"8","Residuals                ",36,2.04400870927762e-29,5.6778019702156e-31,NA,NA,"NoError_anova"
