"","Fixed_effect","Df","Sum Sq","Mean Sq","F value","Pr(>F)","data_class"
"1","exp_env_factor           ",4,13.5959409115245,3.39898522788113,4.78547467402597,0.00100671826376249,"Raw_anova"
"2","gen_factor               ",4,34.5645592949765,8.64113982374414,12.1659710204221,5.7002227820833e-09,"Raw_anova"
"3","exp_env_factor:gen_factor",16,41.0284615230027,2.56427884518767,3.61028090682108,7.61757399075653e-06,"Raw_anova"
"4","Residuals                ",225,159.811038270496,0.710271281202206,NA,NA,"Raw_anova"
"5","exp_env_factor           ",4,59.9723324861911,14.9930831215478,1.98743032740035e+30,0,"NoError_anova"
"6","gen_factor               ",4,134.786208848049,33.6965522120122,4.46669635938555e+30,0,"NoError_anova"
"7","exp_env_factor:gen_factor",16,54.2414586657607,3.39009116661004,4.49378552933501e+29,0,"NoError_anova"
"8","Residuals                ",225,1.69738966737056e-27,7.54395407720249e-30,NA,NA,"NoError_anova"
