"","Fixed_effect","Df","Sum Sq","Mean Sq","F value","Pr(>F)","data_class"
"1","exp_env_factor           ",2,4.05308519056495,2.02654259528247,2.21261692012372,0.115985346590452,"Raw_anova"
"2","gen_factor               ",2,4.48967004115219,2.2448350205761,2.45095265254991,0.0925827342194938,"Raw_anova"
"3","exp_env_factor:gen_factor",4,6.26909736466377,1.56727434116594,1.71117929315281,0.155526014668015,"Raw_anova"
"4","Residuals                ",81,74.1881474036191,0.915903054365668,NA,NA,"Raw_anova"
"5","exp_env_factor           ",2,13.3389460244657,6.66947301223286,2.31795364828594e+30,0,"NoError_anova"
"6","gen_factor               ",2,13.8086891085782,6.90434455428908,2.39958248864398e+30,0,"NoError_anova"
"7","exp_env_factor:gen_factor",4,61.8523648669561,15.463091216739,5.3741470478818e+30,0,"NoError_anova"
"8","Residuals                ",81,2.33062172917195e-28,2.87731077675549e-30,NA,NA,"NoError_anova"
