"","Fixed_effect","Df","Sum Sq","Mean Sq","F value","Pr(>F)","data_class"
"1","exp_env_factor           ",6,19.294520236544,3.21575337275734,5.91687389536031,1.06948959523984e-05,"Raw_anova"
"2","gen_factor               ",6,57.7006002947022,9.6167667157837,17.6945148904876,2.39416859629635e-16,"Raw_anova"
"3","exp_env_factor:gen_factor",36,60.4811184072454,1.68003106686793,3.09119848778132,2.85407691634475e-07,"Raw_anova"
"4","Residuals                ",196,106.523761061508,0.543488576844431,NA,NA,"Raw_anova"
"5","exp_env_factor           ",6,42.3198516357983,7.05330860596638,1.16182622916999e+29,0,"NoError_anova"
"6","gen_factor               ",6,111.456160403928,18.576026733988,3.05985691240758e+29,0,"NoError_anova"
"7","exp_env_factor:gen_factor",36,90.2239879602737,2.50622188778538,4.1282672969759e+28,0,"NoError_anova"
"8","Residuals                ",196,1.18989264664565e-26,6.07088085023291e-29,NA,NA,"NoError_anova"
