"","row","aov_coefs"
"(Intercept)",26788,-0.0263410486657683
"exp_env_factorE_2",26788,-0.13609530110225
"gen_factorG_2",26788,-0.0806507927950635
"exp_env_factorE_2:gen_factorG_2",26788,0.538856382457701
