"","Fixed_effect","Df","Sum Sq","Mean Sq","F value","Pr(>F)","data_class"
"1","exp_env_factor           ",2,7.02447759097563,3.51223879548781,3.72060210199887,0.0284531302003055,"Raw_anova"
"2","gen_factor               ",2,0.324046720229465,0.162023360114732,0.171635383958016,0.842591750087386,"Raw_anova"
"3","exp_env_factor:gen_factor",4,5.18768444337469,1.29692111084367,1.37386085972593,0.250304298530159,"Raw_anova"
"4","Residuals                ",81,76.4637912454202,0.943997422782966,NA,NA,"Raw_anova"
"5","exp_env_factor           ",2,65.5816102168448,32.7908051084224,3.50435951539151e+31,0,"NoError_anova"
"6","gen_factor               ",2,10.0806172887222,5.0403086443611,5.38658733750948e+30,0,"NoError_anova"
"7","exp_env_factor:gen_factor",4,13.3377724944331,3.33444312360828,3.56352564388458e+30,0,"NoError_anova"
"8","Residuals                ",81,7.5792886035709e-29,9.35714642416161e-31,NA,NA,"NoError_anova"
