"","row","aov_coefs"
"(Intercept)",16196,0.316392884002003
"exp_env_factorE_2",16196,0.205981624862614
"gen_factorG_2",16196,-1.05020971222891
"exp_env_factorE_2:gen_factorG_2",16196,0.422884638724573
