"","Fixed_effect","Df","Sum Sq","Mean Sq","F value","Pr(>F)","data_class"
"1","exp_env_factor           ",9,44.0869400592058,4.89854889546731,33.7054351988448,5.18205722933489e-44,"Raw_anova"
"2","gen_factor               ",9,62.630981638789,6.95899795986544,47.8827627916863,3.24729021284883e-58,"Raw_anova"
"3","exp_env_factor:gen_factor",81,334.148440607451,4.12528939021544,28.3848701289985,6.95435229704636e-124,"Raw_anova"
"4","Residuals                ",400,58.1336376945543,0.145334094236386,NA,NA,"Raw_anova"
"5","exp_env_factor           ",9,47.6485347012377,5.29428163347086,2.47758477718654e+28,0,"NoError_anova"
"6","gen_factor               ",9,70.8068684935206,7.8674298326134,3.68175056378467e+28,0,"NoError_anova"
"7","exp_env_factor:gen_factor",81,380.544596805242,4.69808144204003,2.19857874375111e+28,0,"NoError_anova"
"8","Residuals                ",400,8.54748815414158e-26,2.1368720385354e-28,NA,NA,"NoError_anova"
