"","Fixed_effect","Df","Sum Sq","Mean Sq","F value","Pr(>F)","data_class"
"1","exp_env_factor           ",6,31.7003536209082,5.28339227015137,30.7387380212827,9.22545798170322e-33,"Raw_anova"
"2","gen_factor               ",6,142.801298019041,23.8002163365069,138.469486536304,1.12634913079971e-114,"Raw_anova"
"3","exp_env_factor:gen_factor",36,441.588267119422,12.2663407533173,71.3654817996696,1.10893063722318e-205,"Raw_anova"
"4","Residuals                ",686,117.910081240629,0.171880584898876,NA,NA,"Raw_anova"
"5","exp_env_factor           ",6,34.3869667000811,5.73116111668018,2.71764094693467e+28,0,"NoError_anova"
"6","gen_factor               ",6,169.229814759647,28.2049691266078,1.33744240381604e+29,0,"NoError_anova"
"7","exp_env_factor:gen_factor",36,530.383218540272,14.7328671816742,6.98613113530135e+28,0,"NoError_anova"
"8","Residuals                ",686,1.44668725663601e-25,2.10887355194753e-28,NA,NA,"NoError_anova"
