"","Fixed_effect","Df","Sum Sq","Mean Sq","F value","Pr(>F)","data_class"
"1","exp_env_factor           ",6,276.150323850177,46.0250539750295,410.246784749063,4.15292662654502e-223,"Raw_anova"
"2","gen_factor               ",6,209.947946907146,34.9913244845243,311.897045719392,3.07801231346446e-192,"Raw_anova"
"3","exp_env_factor:gen_factor",36,170.940280181761,4.74834111616003,42.324592967415,5.73633494100581e-149,"Raw_anova"
"4","Residuals                ",686,76.9614490609175,0.112188701254982,NA,NA,"Raw_anova"
"5","exp_env_factor           ",6,316.542516678913,52.7570861131522,4.86615925035174e+29,0,"NoError_anova"
"6","gen_factor               ",6,230.681781432566,38.4469635720943,3.54623542007265e+29,0,"NoError_anova"
"7","exp_env_factor:gen_factor",36,186.775701888522,5.18821394134782,4.78545672695893e+28,0,"NoError_anova"
"8","Residuals                ",686,7.43735648828312e-26,1.08416275339404e-28,NA,NA,"NoError_anova"
