"","Fixed_effect","Df","Sum Sq","Mean Sq","F value","Pr(>F)","data_class"
"1","exp_env_factor           ",9,165.639992122377,18.404443569153,50.1860754070955,2.54009650356237e-60,"Raw_anova"
"2","gen_factor               ",9,149.701428138234,16.6334920153594,45.3569640086958,7.6035165479809e-56,"Raw_anova"
"3","exp_env_factor:gen_factor",81,36.9689378826691,0.456406640526779,1.24455042564648,0.0906734407190491,"Raw_anova"
"4","Residuals                ",400,146.68964185672,0.366724104641801,NA,NA,"Raw_anova"
"5","exp_env_factor           ",9,248.038060706205,27.5597845229117,1.08561176707502e+30,0,"NoError_anova"
"6","gen_factor               ",9,220.740778482022,24.5267531646691,9.66137156173101e+29,0,"NoError_anova"
"7","exp_env_factor:gen_factor",81,30.2211608117732,0.373100750762632,1.4696869817531e+28,0,"NoError_anova"
"8","Residuals                ",400,1.01545636695396e-26,2.53864091738489e-29,NA,NA,"NoError_anova"
