"","Fixed_effect","Df","Sum Sq","Mean Sq","F value","Pr(>F)","data_class"
"1","exp_env_factor           ",2,15.1891187024086,7.59455935120432,8.74774982573472,0.000363311851454991,"Raw_anova"
"2","gen_factor               ",2,0.929377145315805,0.464688572657902,0.535248879165645,0.587580038867491,"Raw_anova"
"3","exp_env_factor:gen_factor",4,2.55949909929234,0.639874774823086,0.737036105862161,0.569406557763548,"Raw_anova"
"4","Residuals                ",81,70.3220050529832,0.868172901888682,NA,NA,"Raw_anova"
"5","exp_env_factor           ",2,62.0762466382538,31.0381233191269,1.74003976751247e+31,0,"NoError_anova"
"6","gen_factor               ",2,3.41189277591436,1.70594638795718,9.56376945142332e+29,0,"NoError_anova"
"7","exp_env_factor:gen_factor",4,23.5118605858316,5.87796514645791,3.29526788772897e+30,0,"NoError_anova"
"8","Residuals                ",81,1.44484513273129e-28,1.78375942312505e-30,NA,NA,"NoError_anova"
