"","Fixed_effect","Df","Sum Sq","Mean Sq","F value","Pr(>F)","data_class"
"1","exp_env_factor           ",9,180.843440640381,20.093715626709,249.838687084372,3.69697983120791e-158,"Raw_anova"
"2","gen_factor               ",9,165.666754679112,18.407417186568,228.871803898406,9.26974790647045e-152,"Raw_anova"
"3","exp_env_factor:gen_factor",81,120.319101478048,1.48542100590182,18.4692388792825,1.64226993935697e-94,"Raw_anova"
"4","Residuals                ",400,32.1707032024599,0.0804267580061497,NA,NA,"Raw_anova"
"5","exp_env_factor           ",9,197.95361290719,21.9948458785767,3.0972092008197e+29,0,"NoError_anova"
"6","gen_factor               ",9,176.257614046131,19.5841793384591,2.75775064633022e+29,0,"NoError_anova"
"7","exp_env_factor:gen_factor",81,124.788773046679,1.54060213637875,2.16940238542082e+28,0,"NoError_anova"
"8","Residuals                ",400,2.84060190351437e-26,7.10150475878594e-29,NA,NA,"NoError_anova"
