"","Fixed_effect","Df","Sum Sq","Mean Sq","F value","Pr(>F)","data_class"
"1","exp_env_factor           ",1,14.1390281850988,14.1390281850988,24.5203513662098,7.11677803129796e-06,"Raw_anova"
"2","gen_factor               ",1,0.0141312413869363,0.0141312413869363,0.0245068472537303,0.876165182935619,"Raw_anova"
"3","exp_env_factor:gen_factor",1,12.5558849285372,12.5558849285372,21.7748140912472,1.95248374166471e-05,"Raw_anova"
"4","Residuals                ",56,32.290955644977,0.576624207946018,NA,NA,"Raw_anova"
"5","exp_env_factor           ",1,40.3530577997771,40.3530577997771,2.34600496932467e+31,0,"NoError_anova"
"6","gen_factor               ",1,2.21533681247396,2.21533681247396,1.28792994983902e+30,0,"NoError_anova"
"7","exp_env_factor:gen_factor",1,16.4316053877487,16.4316053877487,9.55283936223875e+30,0,"NoError_anova"
"8","Residuals                ",56,9.6324230610561e-29,1.72007554661716e-30,NA,NA,"NoError_anova"
