"","Fixed_effect","Df","Sum Sq","Mean Sq","F value","Pr(>F)","data_class"
"1","exp_env_factor           ",6,32.398454989062,5.399742498177,69.9883626748103,6.26525478469842e-68,"Raw_anova"
"2","gen_factor               ",6,309.763066929405,51.6271778215675,669.161843638409,8.6218637053258e-283,"Raw_anova"
"3","exp_env_factor:gen_factor",36,338.912202738294,9.41422785384151,122.021817440444,2.8510498846928e-271,"Raw_anova"
"4","Residuals                ",686,52.9262753432381,0.077152004873525,NA,NA,"Raw_anova"
"5","exp_env_factor           ",6,39.2533689962949,6.54222816604915,7.56022350296701e+28,0,"NoError_anova"
"6","gen_factor               ",6,318.010132670101,53.0016887783502,6.12489511262355e+29,0,"NoError_anova"
"7","exp_env_factor:gen_factor",36,376.736498333605,10.464902731489,1.20932810013329e+29,0,"NoError_anova"
"8","Residuals                ",686,5.93629079900669e-26,8.65348512974736e-29,NA,NA,"NoError_anova"
