"","Fixed_effect","Df","Sum Sq","Mean Sq","F value","Pr(>F)","data_class"
"1","exp_env_factor           ",6,93.251956906905,15.5419928178175,79.802879184377,6.03965112595081e-50,"Raw_anova"
"2","gen_factor               ",6,98.3760833931792,16.3960138988632,84.187988735674,1.46615605568989e-51,"Raw_anova"
"3","exp_env_factor:gen_factor",36,14.2000212507505,0.394445034743069,2.02534191216406,0.00124533414664263,"Raw_anova"
"4","Residuals                ",196,38.1719384491655,0.194754788005946,NA,NA,"Raw_anova"
"5","exp_env_factor           ",6,123.790928078006,20.6318213463343,3.30896311799026e+30,0,"NoError_anova"
"6","gen_factor               ",6,115.547484490137,19.2579140816894,3.08861376589312e+30,0,"NoError_anova"
"7","exp_env_factor:gen_factor",36,4.66158743185813,0.129488539773837,2.07675704011546e+28,0,"NoError_anova"
"8","Residuals                ",196,1.2220858437182e-27,6.23513185570508e-30,NA,NA,"NoError_anova"
