"","Fixed_effect","Df","Sum Sq","Mean Sq","F value","Pr(>F)","data_class"
"1","exp_env_factor           ",9,64.0119110133934,7.11243455704371,65.1075645657498,6.66431495040669e-92,"Raw_anova"
"2","gen_factor               ",9,169.135007259871,18.7927785844302,172.029989906044,9.03734195066895e-189,"Raw_anova"
"3","exp_env_factor:gen_factor",81,667.535917753031,8.2411841697905,75.4401922618032,0,"Raw_anova"
"4","Residuals                ",900,98.3171639737039,0.109241293304115,NA,NA,"Raw_anova"
"5","exp_env_factor           ",9,69.4491333980991,7.71657037756656,2.3936065953403e+28,0,"NoError_anova"
"6","gen_factor               ",9,185.759229390021,20.639914376669,6.40230474964365e+28,0,"NoError_anova"
"7","exp_env_factor:gen_factor",81,743.79163721188,9.18261280508494,2.84835898556774e+28,0,"NoError_anova"
"8","Residuals                ",900,2.90144309985182e-25,3.22382566650202e-28,NA,NA,"NoError_anova"
