"","row","aov_coefs"
"(Intercept)",26775,-0.243203711047876
"exp_env_factorE_2",26775,0.973310321790812
"gen_factorG_2",26775,-0.130664409946068
"exp_env_factorE_2:gen_factorG_2",26775,-0.712476979497985
