"","Fixed_effect","Df","Sum Sq","Mean Sq","F value","Pr(>F)","data_class"
"1","exp_env_factor           ",9,517.115268308257,57.4572520342508,160.97527447342,7.9438446961099e-209,"Raw_anova"
"2","gen_factor               ",9,35.1126984995204,3.90141094439115,10.930399129297,1.39425492137252e-16,"Raw_anova"
"3","exp_env_factor:gen_factor",81,447.067012585262,5.51934583438595,15.4632910406919,4.3975564043221e-142,"Raw_anova"
"4","Residuals                ",1400,499.705020606958,0.356932157576398,NA,NA,"Raw_anova"
"5","exp_env_factor           ",9,772.428553036925,85.8253947818805,2.79245240492831e+28,0,"NoError_anova"
"6","gen_factor               ",9,66.7363645612712,7.41515161791902,2.41262600900236e+27,0,"NoError_anova"
"7","exp_env_factor:gen_factor",81,659.835082401802,8.14611212841731,2.65045450261268e+27,0,"NoError_anova"
"8","Residuals                ",1400,4.30286842069623e-24,3.07347744335445e-27,NA,NA,"NoError_anova"
