"","Fixed_effect","Df","Sum Sq","Mean Sq","F value","Pr(>F)","data_class"
"1","exp_env_factor           ",2,57.1823792256061,28.591189612803,145.150319489027,1.65864159302653e-27,"Raw_anova"
"2","gen_factor               ",2,12.9407326334403,6.47036631672016,32.8484316603046,3.57766553432105e-11,"Raw_anova"
"3","exp_env_factor:gen_factor",4,2.92179850153932,0.73044962538483,3.708310074925,0.00801111137580088,"Raw_anova"
"4","Residuals                ",81,15.9550896394142,0.19697641530141,NA,NA,"Raw_anova"
"5","exp_env_factor           ",2,73.8220099819054,36.9110049909527,9.80472983141225e+31,0,"NoError_anova"
"6","gen_factor               ",2,12.1256064644348,6.06280323221742,1.61047220815242e+31,0,"NoError_anova"
"7","exp_env_factor:gen_factor",4,3.05238355365985,0.763095888414964,2.02702392503378e+30,0,"NoError_anova"
"8","Residuals                ",81,3.04933583655566e-29,3.76461214389587e-31,NA,NA,"NoError_anova"
