"","Fixed_effect","Df","Sum Sq","Mean Sq","F value","Pr(>F)","data_class"
"1","exp_env_factor           ",4,28.3154853259771,7.07887133149427,64.4839638753387,2.94383347654837e-36,"Raw_anova"
"2","gen_factor               ",4,66.4979709906449,16.6244927476612,151.438434121068,1.25642847929453e-62,"Raw_anova"
"3","exp_env_factor:gen_factor",16,129.486665545221,8.09291659657629,73.7212638882072,5.73747929105711e-80,"Raw_anova"
"4","Residuals                ",225,24.6998781381574,0.109777236169589,NA,NA,"Raw_anova"
"5","exp_env_factor           ",4,29.3489139348956,7.3372284837239,5.01343411531567e+29,0,"NoError_anova"
"6","gen_factor               ",4,71.4069740418692,17.8517435104673,1.21978673734606e+30,0,"NoError_anova"
"7","exp_env_factor:gen_factor",16,148.244112023235,9.26525700145222,6.33083127250148e+29,0,"NoError_anova"
"8","Residuals                ",225,3.29290536360012e-27,1.46351349493339e-29,NA,NA,"NoError_anova"
