"","row","aov_coefs"
"(Intercept)",5188,-0.0994179603128763
"exp_env_factorE_2",5188,0.147180579183501
"gen_factorG_2",5188,-0.0960927366349471
"exp_env_factorE_2:gen_factorG_2",5188,0.295496156154397
