"","Fixed_effect","Df","Sum Sq","Mean Sq","F value","Pr(>F)","data_class"
"1","exp_env_factor           ",4,23.6762203391332,5.91905508478329,15.1371528063041,1.04131293372968e-09,"Raw_anova"
"2","gen_factor               ",4,32.5488739959339,8.13721849898347,20.8097944812262,1.67523025596603e-12,"Raw_anova"
"3","exp_env_factor:gen_factor",16,28.6720759549876,1.79200474718673,4.58280068342715,8.92470487791395e-07,"Raw_anova"
"4","Residuals                ",100,39.1028297099453,0.391028297099453,NA,NA,"Raw_anova"
"5","exp_env_factor           ",4,36.6236171939138,9.15590429847845,6.44795503783289e+30,0,"NoError_anova"
"6","gen_factor               ",4,58.9688240392258,14.7422060098065,1.03820527618991e+31,0,"NoError_anova"
"7","exp_env_factor:gen_factor",16,28.4075587668605,1.77547242292878,1.25035889200584e+30,0,"NoError_anova"
"8","Residuals                ",100,1.41997024556729e-28,1.41997024556729e-30,NA,NA,"NoError_anova"
