"","Fixed_effect","Df","Sum Sq","Mean Sq","F value","Pr(>F)","data_class"
"1","exp_env_factor           ",1,2.14257624711687,2.14257624711687,2.26920202321598,0.151455323016174,"Raw_anova"
"2","gen_factor               ",1,0.664997789032275,0.664997789032275,0.704299009352304,0.413706676299169,"Raw_anova"
"3","exp_env_factor:gen_factor",1,1.08525630546775,1.08525630546775,1.14939470993817,0.299581149490724,"Raw_anova"
"4","Residuals                ",16,15.1071696583831,0.944198103648944,NA,NA,"Raw_anova"
"5","exp_env_factor           ",1,18.9392462238273,18.9392462238273,2.76409051654227e+32,2.4753715216865e-251,"NoError_anova"
"6","gen_factor               ",1,0.0500017711897042,0.0500017711897042,7.29751437424675e+29,1.04871819903936e-230,"NoError_anova"
"7","exp_env_factor:gen_factor",1,0.0107520049830466,0.0107520049830466,1.56920263120422e+29,2.29417348531715e-225,"NoError_anova"
"8","Residuals                ",16,1.09630251892152e-30,6.85189074325947e-32,NA,NA,"NoError_anova"
