"","Fixed_effect","Df","Sum Sq","Mean Sq","F value","Pr(>F)","data_class"
"1","exp_env_factor           ",1,0.455048661600637,0.455048661600637,0.436506286911266,0.511522393553273,"Raw_anova"
"2","gen_factor               ",1,0.0933905064152918,0.0933905064152918,0.0895850194234364,0.765813427883578,"Raw_anova"
"3","exp_env_factor:gen_factor",1,0.0727337366120372,0.0727337366120372,0.0697699740287687,0.792641660654338,"Raw_anova"
"4","Residuals                ",56,58.378827095372,1.0424790552745,NA,NA,"Raw_anova"
"5","exp_env_factor           ",1,22.21269964535,22.21269964535,3.01788469690826e+31,0,"NoError_anova"
"6","gen_factor               ",1,2.37837660188432,2.37837660188432,3.2313345360585e+30,0,"NoError_anova"
"7","exp_env_factor:gen_factor",1,34.4089237527657,34.4089237527657,4.67490066891951e+31,0,"NoError_anova"
"8","Residuals                ",56,4.12179822977979e-29,7.36035398174962e-31,NA,NA,"NoError_anova"
