"","Fixed_effect","Df","Sum Sq","Mean Sq","F value","Pr(>F)","data_class"
"1","exp_env_factor           ",4,36.1081512111058,9.02703780277644,49.1477232921103,8.44839069980416e-33,"Raw_anova"
"2","gen_factor               ",4,165.664242852877,41.4160607132193,225.489815845956,1.72857806683289e-95,"Raw_anova"
"3","exp_env_factor:gen_factor",16,107.942568515393,6.74641053221207,36.7308440815608,5.73591779033974e-65,"Raw_anova"
"4","Residuals                ",350,64.2850374206234,0.183671535487496,NA,NA,"Raw_anova"
"5","exp_env_factor           ",4,40.3734535658272,10.0933633914568,1.38195939343625e+29,0,"NoError_anova"
"6","gen_factor               ",4,186.283779916131,46.5709449790328,6.37638340946404e+29,0,"NoError_anova"
"7","exp_env_factor:gen_factor",16,147.342766518041,9.20892290737758,1.26086389855462e+29,0,"NoError_anova"
"8","Residuals                ",350,2.55628146802915e-26,7.30366133722615e-29,NA,NA,"NoError_anova"
