"","Fixed_effect","Df","Sum Sq","Mean Sq","F value","Pr(>F)","data_class"
"1","exp_env_factor           ",2,10.6311511409715,5.31557557048574,7.66601293436877,0.00168443297062893,"Raw_anova"
"2","gen_factor               ",2,0.464564882656492,0.232282441328246,0.334992923350795,0.717549145706698,"Raw_anova"
"3","exp_env_factor:gen_factor",4,7.94206147873367,1.98551536968342,2.86346912080307,0.0370230806376241,"Raw_anova"
"4","Residuals                ",36,24.9622224976383,0.693395069378843,NA,NA,"Raw_anova"
"5","exp_env_factor           ",2,27.2446066201608,13.6223033100804,1.94702365544105e+31,0,"NoError_anova"
"6","gen_factor               ",2,2.33867685991173,1.16933842995586,1.67132498265224e+30,0,"NoError_anova"
"7","exp_env_factor:gen_factor",4,14.4167165199275,3.60417912998188,5.15142106645712e+30,0,"NoError_anova"
"8","Residuals                ",36,2.51873118126962e-29,6.99647550352673e-31,NA,NA,"NoError_anova"
