"","Fixed_effect","Df","Sum Sq","Mean Sq","F value","Pr(>F)","data_class"
"1","exp_env_factor           ",9,21.2321714655046,2.35913016283384,17.2990366199124,3.4343090435926e-24,"Raw_anova"
"2","gen_factor               ",9,50.9100232805954,5.65666925339949,41.4792409943776,4.43621428655193e-52,"Raw_anova"
"3","exp_env_factor:gen_factor",81,372.30840543083,4.59640006704728,33.7044959757987,2.40653254273118e-136,"Raw_anova"
"4","Residuals                ",400,54.5493998230704,0.136373499557676,NA,NA,"Raw_anova"
"5","exp_env_factor           ",9,22.2822010775978,2.47580011973308,5.85359716815067e+27,0,"NoError_anova"
"6","gen_factor               ",9,53.4081506714129,5.93423896349032,1.4030472054247e+28,0,"NoError_anova"
"7","exp_env_factor:gen_factor",81,423.30964825099,5.22604504013568,1.23560711560447e+28,0,"NoError_anova"
"8","Residuals                ",400,1.69181448508543e-25,4.22953621271356e-28,NA,NA,"NoError_anova"
