"","Fixed_effect","Df","Sum Sq","Mean Sq","F value","Pr(>F)","data_class"
"1","exp_env_factor           ",6,37.8934143422943,6.31556905704905,28.8050377697926,8.31292365736729e-31,"Raw_anova"
"2","gen_factor               ",6,128.342924291192,21.3904873818654,97.56108933069,1.57367944061573e-88,"Raw_anova"
"3","exp_env_factor:gen_factor",36,417.356624661322,11.5932395739256,52.8762651131894,3.96739185769326e-172,"Raw_anova"
"4","Residuals                ",686,150.407036705192,0.219252240095033,NA,NA,"Raw_anova"
"5","exp_env_factor           ",6,41.0689108389216,6.84481847315361,5.00588804608725e+28,0,"NoError_anova"
"6","gen_factor               ",6,159.19669787908,26.5327829798467,1.94044797052226e+29,0,"NoError_anova"
"7","exp_env_factor:gen_factor",36,533.734391281997,14.8259553133888,1.08428109183914e+29,0,"NoError_anova"
"8","Residuals                ",686,9.38004491781144e-26,1.36735348656143e-28,NA,NA,"NoError_anova"
