"","Fixed_effect","Df","Sum Sq","Mean Sq","F value","Pr(>F)","data_class"
"1","exp_env_factor           ",9,159.183891875447,17.6870990972719,52.4917094671299,2.21476533964012e-62,"Raw_anova"
"2","gen_factor               ",9,157.293234301451,17.4770260334945,51.8682553794909,7.89762765456066e-62,"Raw_anova"
"3","exp_env_factor:gen_factor",81,47.7427397651903,0.589416540310992,1.74926830109171,0.000253289649186174,"Raw_anova"
"4","Residuals                ",400,134.780134057912,0.336950335144781,NA,NA,"Raw_anova"
"5","exp_env_factor           ",9,239.418502949903,26.6020558833225,3.85551545530632e+29,0,"NoError_anova"
"6","gen_factor               ",9,226.176631404114,25.1307368226794,3.64227278703748e+29,0,"NoError_anova"
"7","exp_env_factor:gen_factor",81,33.4048656459829,0.412405748715838,5.97711975722869e+27,0,"NoError_anova"
"8","Residuals                ",400,2.75989617385248e-26,6.8997404346312e-29,NA,NA,"NoError_anova"
