"","Fixed_effect","Df","Sum Sq","Mean Sq","F value","Pr(>F)","data_class"
"1","exp_env_factor           ",4,18.9507906945423,4.73769767363558,13.7699742950634,5.5644745144384e-09,"Raw_anova"
"2","gen_factor               ",4,6.83644132167616,1.70911033041904,4.96747723018759,0.00107750367613973,"Raw_anova"
"3","exp_env_factor:gen_factor",16,63.8067656767615,3.98792285479759,11.5907765720981,2.33027776902044e-16,"Raw_anova"
"4","Residuals                ",100,34.40600230702,0.3440600230702,NA,NA,"Raw_anova"
"5","exp_env_factor           ",4,20.3882605874571,5.09706514686427,1.35646947360324e+30,0,"NoError_anova"
"6","gen_factor               ",4,17.7501811687227,4.43754529218067,1.18095306870426e+30,0,"NoError_anova"
"7","exp_env_factor:gen_factor",16,85.8615582438204,5.36634739023878,1.42813289802418e+30,0,"NoError_anova"
"8","Residuals                ",100,3.75759664780715e-28,3.75759664780715e-30,NA,NA,"NoError_anova"
