"","Fixed_effect","Df","Sum Sq","Mean Sq","F value","Pr(>F)","data_class"
"1","exp_env_factor           ",9,223.229272001565,24.8032524446183,97.5727826094714,3.41307669444896e-95,"Raw_anova"
"2","gen_factor               ",9,13.9663929288316,1.55182143653684,6.10466454002408,4.66678980053548e-08,"Raw_anova"
"3","exp_env_factor:gen_factor",81,160.123305662493,1.97683093410485,7.776596856391,7.74471978674538e-46,"Raw_anova"
"4","Residuals                ",400,101.681029407111,0.254202573517778,NA,NA,"Raw_anova"
"5","exp_env_factor           ",9,279.54265031655,31.0602944796167,2.42376051996463e+29,0,"NoError_anova"
"6","gen_factor               ",9,19.8343898937173,2.20382109930192,1.719730821309e+28,0,"NoError_anova"
"7","exp_env_factor:gen_factor",81,199.622959789733,2.46448098505844,1.92313428248665e+28,0,"NoError_anova"
"8","Residuals                ",400,5.12596755723539e-26,1.28149188930885e-28,NA,NA,"NoError_anova"
