"","Fixed_effect","Df","Sum Sq","Mean Sq","F value","Pr(>F)","data_class"
"1","exp_env_factor           ",1,0.313482377892512,0.313482377892512,0.395322718538085,0.538388101706735,"Raw_anova"
"2","gen_factor               ",1,0.282997200892052,0.282997200892052,0.356878825366301,0.558605318704829,"Raw_anova"
"3","exp_env_factor:gen_factor",1,5.71586597821136,5.71586597821136,7.20809792402637,0.0162707560371807,"Raw_anova"
"4","Residuals                ",16,12.6876544430041,0.792978402687755,NA,NA,"Raw_anova"
"5","exp_env_factor           ",1,3.72144898271853,3.72144898271853,1.86866724346731e+32,5.67286822504789e-250,"NoError_anova"
"6","gen_factor               ",1,15.2758032160971,15.2758032160971,7.67050501568899e+32,7.03828439787802e-255,"NoError_anova"
"7","exp_env_factor:gen_factor",1,0.00274780118441974,0.00274780118441974,1.37976527119685e+29,6.42120893536294e-225,"NoError_anova"
"8","Residuals                ",16,3.18639843084176e-31,1.9914990192761e-32,NA,NA,"NoError_anova"
