"","Fixed_effect","Df","Sum Sq","Mean Sq","F value","Pr(>F)","data_class"
"1","exp_env_factor           ",6,53.0909251507516,8.84848752512527,42.6994269799417,2.38563288676552e-44,"Raw_anova"
"2","gen_factor               ",6,343.027420965913,57.1712368276521,275.886590261167,4.04940563651942e-179,"Raw_anova"
"3","exp_env_factor:gen_factor",36,195.723717078063,5.43676991883508,26.2357786567321,5.73389584105058e-105,"Raw_anova"
"4","Residuals                ",686,142.157936805273,0.20722731312722,NA,NA,"Raw_anova"
"5","exp_env_factor           ",6,73.6585861300383,12.2764310216731,1.19352203682351e+29,0,"NoError_anova"
"6","gen_factor               ",6,405.032199254707,67.5053665424512,6.56291249712766e+29,0,"NoError_anova"
"7","exp_env_factor:gen_factor",36,255.309214615255,7.09192262820152,6.89481000240431e+28,0,"NoError_anova"
"8","Residuals                ",686,7.05611745827621e-26,1.02858855076913e-28,NA,NA,"NoError_anova"
