"","Fixed_effect","Df","Sum Sq","Mean Sq","F value","Pr(>F)","data_class"
"1","exp_env_factor           ",9,309.415571564536,34.3795079516151,643.405502659073,0,"Raw_anova"
"2","gen_factor               ",9,255.06110969563,28.3401232995145,530.379646579194,0,"Raw_anova"
"3","exp_env_factor:gen_factor",81,386.433028823788,4.77077813362701,89.2841429685732,0,"Raw_anova"
"4","Residuals                ",900,48.0902899160452,0.0534336554622725,NA,NA,"Raw_anova"
"5","exp_env_factor           ",9,322.150294293505,35.7944771437228,2.79607077594556e+29,0,"NoError_anova"
"6","gen_factor               ",9,273.013389842133,30.3348210935704,2.36959200193663e+29,0,"NoError_anova"
"7","exp_env_factor:gen_factor",81,403.836315864361,4.98563352918964,3.89450700860039e+28,0,"NoError_anova"
"8","Residuals                ",900,1.15215357588565e-25,1.28017063987295e-28,NA,NA,"NoError_anova"
