"","Fixed_effect","Df","Sum Sq","Mean Sq","F value","Pr(>F)","data_class"
"1","exp_env_factor           ",9,227.899866138,25.3222073486666,454.97717643367,0,"Raw_anova"
"2","gen_factor               ",9,507.237759039452,56.3597510043836,1012.64475183398,0,"Raw_anova"
"3","exp_env_factor:gen_factor",81,685.943982154997,8.46844422413577,152.156910684415,0,"Raw_anova"
"4","Residuals                ",1400,77.9183926675531,0.0556559947625379,NA,NA,"Raw_anova"
"5","exp_env_factor           ",9,237.282936865788,26.3647707628654,1.46361624924774e+28,0,"NoError_anova"
"6","gen_factor               ",9,543.044518559959,60.3382798399955,3.34962467983456e+28,0,"NoError_anova"
"7","exp_env_factor:gen_factor",81,718.672544574258,8.87250055029948,4.92548791479289e+27,0,"NoError_anova"
"8","Residuals                ",1400,2.52188229578502e-24,1.8013444969893e-27,NA,NA,"NoError_anova"
