"","Fixed_effect","Df","Sum Sq","Mean Sq","F value","Pr(>F)","data_class"
"1","exp_env_factor           ",6,96.8708034567436,16.1451339094573,130.303772770421,2.18997469063217e-94,"Raw_anova"
"2","gen_factor               ",6,50.2224261850725,8.37040436417876,67.5556656502923,2.14895775148853e-59,"Raw_anova"
"3","exp_env_factor:gen_factor",36,287.26519012846,7.97958861467946,64.4014789520929,4.99510039705262e-152,"Raw_anova"
"4","Residuals                ",441,54.6415802297236,0.123903810044725,NA,NA,"Raw_anova"
"5","exp_env_factor           ",6,104.736997588871,17.4561662648118,6.03336702912323e+28,0,"NoError_anova"
"6","gen_factor               ",6,57.9858823939152,9.6643137323192,3.34027248292288e+28,0,"NoError_anova"
"7","exp_env_factor:gen_factor",36,326.277120017214,9.06325333381151,3.13252824310213e+28,0,"NoError_anova"
"8","Residuals                ",441,1.27593254075589e-25,2.89327106747367e-28,NA,NA,"NoError_anova"
