"","Fixed_effect","Df","Sum Sq","Mean Sq","F value","Pr(>F)","data_class"
"1","exp_env_factor           ",2,1.57864417535873,0.789322087679363,1.1491501797513,0.320204513403697,"Raw_anova"
"2","gen_factor               ",2,43.6117569598286,21.8058784799143,31.7465196603084,6.83862614829958e-12,"Raw_anova"
"3","exp_env_factor:gen_factor",4,2.26339733254348,0.56584933313587,0.82380294816909,0.512342949048931,"Raw_anova"
"4","Residuals                ",126,86.5462015322692,0.68687461533547,NA,NA,"Raw_anova"
"5","exp_env_factor           ",2,1.59734301360621,0.798671506803106,1.07279341563656e+29,0,"NoError_anova"
"6","gen_factor               ",2,131.434688936098,65.7173444680489,8.82730056574099e+30,0,"NoError_anova"
"7","exp_env_factor:gen_factor",4,0.967968050295617,0.241992012573904,3.25049079020074e+28,0,"NoError_anova"
"8","Residuals                ",126,9.38042761918698e-28,7.44478382475157e-30,NA,NA,"NoError_anova"
