"","Fixed_effect","Df","Sum Sq","Mean Sq","F value","Pr(>F)","data_class"
"1","exp_env_factor           ",2,0.642008316804852,0.321004158402426,0.359624536966237,0.700417154418494,"Raw_anova"
"2","gen_factor               ",2,3.42233740133028,1.71116870066514,1.91704137015057,0.161755193581751,"Raw_anova"
"3","exp_env_factor:gen_factor",4,7.80172426703862,1.95043106675966,2.18508966599949,0.0902922018824427,"Raw_anova"
"4","Residuals                ",36,32.1339300148262,0.892609167078506,NA,NA,"Raw_anova"
"5","exp_env_factor           ",2,5.80974960872178,2.90487480436089,2.28550285768794e+30,0,"NoError_anova"
"6","gen_factor               ",2,28.4043985890114,14.2021992945057,1.11740330510347e+31,0,"NoError_anova"
"7","exp_env_factor:gen_factor",4,9.78585180226686,2.44646295056672,1.92483271786926e+30,0,"NoError_anova"
"8","Residuals                ",36,4.57560105887518e-29,1.27100029413199e-30,NA,NA,"NoError_anova"
