"","Fixed_effect","Df","Sum Sq","Mean Sq","F value","Pr(>F)","data_class"
"1","exp_env_factor           ",9,133.689839075516,14.8544265639462,124.279236642523,3.00915738694686e-151,"Raw_anova"
"2","gen_factor               ",9,302.010272992466,33.5566969991629,280.751375312094,3.00326444385201e-254,"Raw_anova"
"3","exp_env_factor:gen_factor",81,455.727744195683,5.62626844686028,47.0720525435047,1.77204620515456e-269,"Raw_anova"
"4","Residuals                ",900,107.572143736336,0.119524604151485,NA,NA,"Raw_anova"
"5","exp_env_factor           ",9,141.985670600129,15.7761856222366,8.50767417059534e+28,0,"NoError_anova"
"6","gen_factor               ",9,342.745776212251,38.0828640235835,2.05370681072021e+29,0,"NoError_anova"
"7","exp_env_factor:gen_factor",81,514.268553187619,6.34899448379776,3.42384259874098e+28,0,"NoError_anova"
"8","Residuals                ",900,1.66891288680127e-25,1.85434765200142e-28,NA,NA,"NoError_anova"
