"","Fixed_effect","Df","Sum Sq","Mean Sq","F value","Pr(>F)","data_class"
"1","exp_env_factor           ",9,497.235255598122,55.2483617331247,170.559449992032,7.48416077806784e-218,"Raw_anova"
"2","gen_factor               ",9,497.768157783574,55.3075730870637,170.7422437554,5.06481788000141e-218,"Raw_anova"
"3","exp_env_factor:gen_factor",81,50.5024739790544,0.623487333074746,1.92479293992295,3.09282517852681e-06,"Raw_anova"
"4","Residuals                ",1400,453.494112639247,0.32392436617089,NA,NA,"Raw_anova"
"5","exp_env_factor           ",9,730.351476958758,81.1501641065287,2.21847101141983e+29,0,"NoError_anova"
"6","gen_factor               ",9,729.827391065678,81.0919323406309,2.2168790801402e+29,0,"NoError_anova"
"7","exp_env_factor:gen_factor",81,38.8211319755552,0.479273234266113,1.31022997732084e+27,0,"NoError_anova"
"8","Residuals                ",1400,5.12110499367893e-25,3.65793213834209e-28,NA,NA,"NoError_anova"
