"","Fixed_effect","Df","Sum Sq","Mean Sq","F value","Pr(>F)","data_class"
"1","exp_env_factor           ",1,0.738948743251658,0.738948743251658,0.910705036044268,0.354124071668619,"Raw_anova"
"2","gen_factor               ",1,1.70183586674805,1.70183586674805,2.09739918840404,0.166862846656045,"Raw_anova"
"3","exp_env_factor:gen_factor",1,3.57676835821314,3.57676835821314,4.4081284207275,0.0519847987506886,"Raw_anova"
"4","Residuals                ",16,12.9824470317872,0.811402939486697,NA,NA,"Raw_anova"
"5","exp_env_factor           ",1,1.20085064940281,1.20085064940281,8.10815741802822e+30,4.51524273872165e-239,"NoError_anova"
"6","gen_factor               ",1,11.7699833028777,11.7699833028777,7.94710628459547e+31,5.30134791696793e-247,"NoError_anova"
"7","exp_env_factor:gen_factor",1,6.02916604771952,6.02916604771952,4.07089986074888e+31,1.1182402556728e-244,"NoError_anova"
"8","Residuals                ",16,2.36966420357405e-30,1.48104012723378e-31,NA,NA,"NoError_anova"
