"","Fixed_effect","Df","Sum Sq","Mean Sq","F value","Pr(>F)","data_class"
"1","exp_env_factor           ",4,119.842339681389,29.9605849203471,58.3895515670173,9.53504100237555e-34,"Raw_anova"
"2","gen_factor               ",4,0.766747635213475,0.191686908803369,0.373574570591753,0.827357010329161,"Raw_anova"
"3","exp_env_factor:gen_factor",16,12.9399214330042,0.808745089562762,1.5761462346994,0.076527974391971,"Raw_anova"
"4","Residuals                ",225,115.450991250393,0.513115516668415,NA,NA,"Raw_anova"
"5","exp_env_factor           ",4,236.596069195784,59.1490172989459,2.79300167593563e+30,0,"NoError_anova"
"6","gen_factor               ",4,1.13341521348988,0.283353803372469,1.33798951164679e+28,0,"NoError_anova"
"7","exp_env_factor:gen_factor",16,11.2705155907253,0.70440722442033,3.32619314434867e+28,0,"NoError_anova"
"8","Residuals                ",225,4.76495556981884e-27,2.11775803103059e-29,NA,NA,"NoError_anova"
