"","Fixed_effect","Df","Sum Sq","Mean Sq","F value","Pr(>F)","data_class"
"1","exp_env_factor           ",6,155.54149867395,25.9235831123251,657.577909940257,1.4198167204104e-280,"Raw_anova"
"2","gen_factor               ",6,165.583909443231,27.5973182405385,700.03389461781,1.52859138226933e-288,"Raw_anova"
"3","exp_env_factor:gen_factor",36,385.83052950446,10.7175147084572,271.860602417671,0,"Raw_anova"
"4","Residuals                ",686,27.0440623783586,0.0394228314553333,NA,NA,"Raw_anova"
"5","exp_env_factor           ",6,159.760517876165,26.6267529793609,5.65845658908618e+29,0,"NoError_anova"
"6","gen_factor               ",6,172.440764019044,28.7401273365073,6.10757019545307e+29,0,"NoError_anova"
"7","exp_env_factor:gen_factor",36,401.79871810479,11.1610755029108,2.37184238234707e+29,0,"NoError_anova"
"8","Residuals                ",686,3.22808035305462e-26,4.70565649133327e-29,NA,NA,"NoError_anova"
