"","row","aov_coefs"
"(Intercept)",16041,0.0225635382043414
"exp_env_factorE_2",16041,0.576808260173243
"gen_factorG_2",16041,0.621475487711867
"exp_env_factorE_2:gen_factorG_2",16041,-2.48682164858758
