"","Fixed_effect","Df","Sum Sq","Mean Sq","F value","Pr(>F)","data_class"
"1","exp_env_factor           ",4,70.3156941511595,17.5789235377899,30.2602897487159,1.22764250267746e-21,"Raw_anova"
"2","gen_factor               ",4,26.7532074976468,6.6883018744117,11.5132165067727,8.59965006615103e-09,"Raw_anova"
"3","exp_env_factor:gen_factor",16,73.6077564625872,4.6004847789117,7.91925638081067,4.04141666058013e-16,"Raw_anova"
"4","Residuals                ",350,203.323341888606,0.580923833967447,NA,NA,"Raw_anova"
"5","exp_env_factor           ",4,163.557783520406,40.8894458801016,1.04936567447395e+30,0,"NoError_anova"
"6","gen_factor               ",4,31.6450037291425,7.91125093228563,2.03030268368849e+29,0,"NoError_anova"
"7","exp_env_factor:gen_factor",16,178.797212750451,11.1748257969032,2.86784972432281e+29,0,"NoError_anova"
"8","Residuals                ",350,1.36380543085802e-26,3.89658694530862e-29,NA,NA,"NoError_anova"
