"","Fixed_effect","Df","Sum Sq","Mean Sq","F value","Pr(>F)","data_class"
"1","exp_env_factor           ",9,264.806049205732,29.4228943561924,1266.37880211656,0,"Raw_anova"
"2","gen_factor               ",9,349.233655816396,38.8037395351551,1670.13593548217,0,"Raw_anova"
"3","exp_env_factor:gen_factor",81,852.432861614471,10.5238624890675,452.953275473385,0,"Raw_anova"
"4","Residuals                ",1400,32.5274333634006,0.0232338809738575,NA,NA,"Raw_anova"
"5","exp_env_factor           ",9,281.706667103278,31.3007407892531,7.44484486667566e+28,0,"NoError_anova"
"6","gen_factor               ",9,358.112576705144,39.7902863005716,9.46407341292301e+28,0,"NoError_anova"
"7","exp_env_factor:gen_factor",81,859.180756191577,10.6071698295256,2.5229030324552e+28,0,"NoError_anova"
"8","Residuals                ",1400,5.88609136788121e-25,4.20435097705801e-28,NA,NA,"NoError_anova"
