"","Fixed_effect","Df","Sum Sq","Mean Sq","F value","Pr(>F)","data_class"
"1","exp_env_factor           ",4,3.24243816491449,0.810609541228623,2.44043633552809,0.0477691894012419,"Raw_anova"
"2","gen_factor               ",4,73.519062343849,18.3797655859623,55.3344680676788,1.93920135135566e-32,"Raw_anova"
"3","exp_env_factor:gen_factor",16,97.5030334922952,6.09393959326845,18.3465291901014,1.81802196471043e-32,"Raw_anova"
"4","Residuals                ",225,74.7354659989412,0.332157626661961,NA,NA,"Raw_anova"
"5","exp_env_factor           ",4,3.1934606503382,0.79836516258455,3.06239584364804e+28,0,"NoError_anova"
"6","gen_factor               ",4,98.847449113275,24.7118622783187,9.47905894151682e+29,0,"NoError_anova"
"7","exp_env_factor:gen_factor",16,146.959090236387,9.18494313977419,3.52319126805701e+29,0,"NoError_anova"
"8","Residuals                ",225,5.86573946520053e-27,2.6069953178669e-29,NA,NA,"NoError_anova"
