"","Fixed_effect","Df","Sum Sq","Mean Sq","F value","Pr(>F)","data_class"
"1","exp_env_factor           ",1,0.10154641247233,0.10154641247233,0.102306054840018,0.75026993924344,"Raw_anova"
"2","gen_factor               ",1,2.17307684744732,2.17307684744732,2.18933307158536,0.14457341053026,"Raw_anova"
"3","exp_env_factor:gen_factor",1,1.14118763863444,1.14118763863444,1.14972456730265,0.288206018139795,"Raw_anova"
"4","Residuals                ",56,55.5841891014459,0.992574805382962,NA,NA,"Raw_anova"
"5","exp_env_factor           ",1,1.01224361523389,1.01224361523389,2.68297396623272e+29,0,"NoError_anova"
"6","gen_factor               ",1,17.4080865575311,17.4080865575311,4.61405163074208e+30,0,"NoError_anova"
"7","exp_env_factor:gen_factor",1,40.5796698272348,40.5796698272348,1.07557307417181e+31,0,"NoError_anova"
"8","Residuals                ",56,2.11279137131146e-28,3.77284173448475e-30,NA,NA,"NoError_anova"
