"","Fixed_effect","Df","Sum Sq","Mean Sq","F value","Pr(>F)","data_class"
"1","exp_env_factor           ",9,60.4891715221586,6.72101905801762,90.2517469670634,1.911411851574e-132,"Raw_anova"
"2","gen_factor               ",9,609.907844881321,67.7675383201468,910.001692935926,0,"Raw_anova"
"3","exp_env_factor:gen_factor",81,724.345426292303,8.94253612706546,120.082907192616,0,"Raw_anova"
"4","Residuals                ",1400,104.257557304221,0.0744696837887293,NA,NA,"Raw_anova"
"5","exp_env_factor           ",9,66.4454934926331,7.38283261029257,2.41340732125321e+28,0,"NoError_anova"
"6","gen_factor               ",9,658.879679473878,73.2088532748754,2.39315709566297e+29,0,"NoError_anova"
"7","exp_env_factor:gen_factor",81,773.674827033488,9.55154107448751,3.12234617459456e+28,0,"NoError_anova"
"8","Residuals                ",1400,4.28272739681689e-25,3.05909099772635e-28,NA,NA,"NoError_anova"
