"","Fixed_effect","Df","Sum Sq","Mean Sq","F value","Pr(>F)","data_class"
"1","exp_env_factor           ",1,6.81580829894205,6.81580829894205,8.34629803940108,0.0054866954788116,"Raw_anova"
"2","gen_factor               ",1,6.3801655459612,6.3801655459612,7.81283170707367,0.00709227717767759,"Raw_anova"
"3","exp_env_factor:gen_factor",1,0.0729411951659715,0.0729411951659715,0.0893201404006354,0.766149526821624,"Raw_anova"
"4","Residuals                ",56,45.7310849599308,0.816626517141621,NA,NA,"Raw_anova"
"5","exp_env_factor           ",1,28.9637271011797,28.9637271011797,3.39825546941565e+31,0,"NoError_anova"
"6","gen_factor               ",1,30.0262158517014,30.0262158517014,3.52291512371496e+31,0,"NoError_anova"
"7","exp_env_factor:gen_factor",1,0.0100570471188292,0.0100570471188292,1.17997297993946e+28,0,"NoError_anova"
"8","Residuals                ",56,4.77294521340084e-29,8.5231164525015e-31,NA,NA,"NoError_anova"
