"","Fixed_effect","Df","Sum Sq","Mean Sq","F value","Pr(>F)","data_class"
"1","exp_env_factor           ",9,181.680719159123,20.1867465732359,142.548599146651,1.83304110049226e-166,"Raw_anova"
"2","gen_factor               ",9,530.781637940474,58.9757375489416,416.456844134966,1.08802759900917e-313,"Raw_anova"
"3","exp_env_factor:gen_factor",81,159.085868385092,1.96402306648261,13.8689380085643,1.13208153533969e-110,"Raw_anova"
"4","Residuals                ",900,127.45177451531,0.141613082794789,NA,NA,"Raw_anova"
"5","exp_env_factor           ",9,194.945932052309,21.6606591169232,3.1148556365056e+29,0,"NoError_anova"
"6","gen_factor               ",9,623.750174049428,69.3055748943809,9.9663107865615e+29,0,"NoError_anova"
"7","exp_env_factor:gen_factor",81,180.303893898262,2.22597399874397,3.20100492753955e+28,0,"NoError_anova"
"8","Residuals                ",900,6.25858642588678e-26,6.95398491765198e-29,NA,NA,"NoError_anova"
