"","Fixed_effect","Df","Sum Sq","Mean Sq","F value","Pr(>F)","data_class"
"1","exp_env_factor           ",4,11.346710262605,2.83667756565124,4.15601814072723,0.00265667236279149,"Raw_anova"
"2","gen_factor               ",4,83.283190351458,20.8207975878645,30.5045640461111,8.59247226925124e-22,"Raw_anova"
"3","exp_env_factor:gen_factor",16,40.4786618706513,2.5299163669157,3.70658210955693,2.56497276729469e-06,"Raw_anova"
"4","Residuals                ",350,238.891437515286,0.682546964329388,NA,NA,"Raw_anova"
"5","exp_env_factor           ",4,48.6396624709906,12.1599156177476,6.01695110204185e+29,0,"NoError_anova"
"6","gen_factor               ",4,207.942662769433,51.9856656923581,2.57234686745262e+30,0,"NoError_anova"
"7","exp_env_factor:gen_factor",16,117.417674759578,7.33860467247362,3.63127729332619e+29,0,"NoError_anova"
"8","Residuals                ",350,7.07330073659302e-27,2.02094306759801e-29,NA,NA,"NoError_anova"
