"","Fixed_effect","Df","Sum Sq","Mean Sq","F value","Pr(>F)","data_class"
"1","exp_env_factor           ",1,0.941564865278015,0.941564865278015,1.14110046018326,0.30127258524186,"Raw_anova"
"2","gen_factor               ",1,3.34181314989615e-06,3.34181314989615e-06,4.05000724200451e-06,0.998419166261916,"Raw_anova"
"3","exp_env_factor:gen_factor",1,4.85623061070192,4.85623061070192,5.88535871396577,0.0274601509230165,"Raw_anova"
"4","Residuals                ",16,13.2022011822069,0.825137573887932,NA,NA,"Raw_anova"
"5","exp_env_factor           ",1,13.3254429685515,13.3254429685515,1.4120337890652e+33,5.3370068927316e-257,"NoError_anova"
"6","gen_factor               ",1,0.995697855583232,0.995697855583232,1.05509364236626e+32,5.49199873401142e-248,"NoError_anova"
"7","exp_env_factor:gen_factor",1,4.67885917586528,4.67885917586528,4.95796444905554e+32,2.31010229067838e-253,"NoError_anova"
"8","Residuals                ",16,1.50992907639959e-31,9.43705672749746e-33,NA,NA,"NoError_anova"
