"","Fixed_effect","Df","Sum Sq","Mean Sq","F value","Pr(>F)","data_class"
"1","exp_env_factor           ",9,208.384770133838,23.1538633482042,156.014475264878,5.73398478068423e-177,"Raw_anova"
"2","gen_factor               ",9,106.061441285538,11.784604587282,79.4065713025583,5.83764917789118e-108,"Raw_anova"
"3","exp_env_factor:gen_factor",81,550.986201483308,6.80229878374455,45.8349891497971,2.29370085939427e-265,"Raw_anova"
"4","Residuals                ",900,133.567587097317,0.14840843010813,NA,NA,"Raw_anova"
"5","exp_env_factor           ",9,229.353436503047,25.4837151670053,8.47084278845873e+28,0,"NoError_anova"
"6","gen_factor               ",9,102.927555793083,11.4363950881204,3.80148279885023e+28,0,"NoError_anova"
"7","exp_env_factor:gen_factor",81,666.719007703868,8.23109886054158,2.73603530595823e+28,0,"NoError_anova"
"8","Residuals                ",900,2.70756337038311e-25,3.00840374487012e-28,NA,NA,"NoError_anova"
