"","Fixed_effect","Df","Sum Sq","Mean Sq","F value","Pr(>F)","data_class"
"1","exp_env_factor           ",1,0.0529962307228685,0.0529962307228685,0.0484836617698712,0.828508045391729,"Raw_anova"
"2","gen_factor               ",1,0.533186631972195,0.533186631972195,0.487786394846412,0.494943240152502,"Raw_anova"
"3","exp_env_factor:gen_factor",1,0.924632933548618,0.924632933548618,0.84590148770921,0.371373288136453,"Raw_anova"
"4","Residuals                ",16,17.4891842037563,1.09307401273477,NA,NA,"Raw_anova"
"5","exp_env_factor           ",1,6.53908985471271,6.53908985471271,2.19889101017291e+32,1.54322356962081e-250,"NoError_anova"
"6","gen_factor               ",1,12.4580206761166,12.4580206761166,4.18924197065719e+32,8.891497485687e-253,"NoError_anova"
"7","exp_env_factor:gen_factor",1,0.00288946917066721,0.00288946917066721,9.71637938110432e+28,1.06175121777559e-223,"NoError_anova"
"8","Residuals                ",16,4.75810020557481e-31,2.97381262848426e-32,NA,NA,"NoError_anova"
