"","Fixed_effect","Df","Sum Sq","Mean Sq","F value","Pr(>F)","data_class"
"1","exp_env_factor           ",4,78.1403926027612,19.5350981506903,67.2796720707627,3.4542431173859e-42,"Raw_anova"
"2","gen_factor               ",4,37.9150232839334,9.47875582098336,32.6452203288295,3.88116361215871e-23,"Raw_anova"
"3","exp_env_factor:gen_factor",16,156.319767251083,9.7699854531927,33.6482270197194,5.80676134943273e-61,"Raw_anova"
"4","Residuals                ",350,101.624816862222,0.290356619606348,NA,NA,"Raw_anova"
"5","exp_env_factor           ",4,96.9085578951673,24.2271394737918,2.83453681387312e+30,0,"NoError_anova"
"6","gen_factor               ",4,49.6443617674883,12.4110904418721,1.4520778565646e+30,0,"NoError_anova"
"7","exp_env_factor:gen_factor",16,227.447080337344,14.215442521084,1.66318418214825e+30,0,"NoError_anova"
"8","Residuals                ",350,2.99149362757464e-27,8.54712465021324e-30,NA,NA,"NoError_anova"
