"","Fixed_effect","Df","Sum Sq","Mean Sq","F value","Pr(>F)","data_class"
"1","exp_env_factor           ",1,3.44504852026314,3.44504852026314,4.04557636014734,0.0614455495085536,"Raw_anova"
"2","gen_factor               ",1,1.84880883856264,1.84880883856264,2.17108620901199,0.160027912357608,"Raw_anova"
"3","exp_env_factor:gen_factor",1,0.0811924691293145,0.0811924691293145,0.095345633537393,0.761472467933012,"Raw_anova"
"4","Residuals                ",16,13.6249501720449,0.851559385752806,NA,NA,"Raw_anova"
"5","exp_env_factor           ",1,6.36886402538571,6.36886402538571,4.87025517988891e+31,2.66467803548135e-245,"NoError_anova"
"6","gen_factor               ",1,10.0741834682228,10.0741834682228,7.70370414938979e+31,6.79926096155498e-247,"NoError_anova"
"7","exp_env_factor:gen_factor",1,2.55695250639151,2.55695250639151,1.95529550314571e+31,3.94783747942721e-242,"NoError_anova"
"8","Residuals                ",16,2.09233029158229e-30,1.30770643223893e-31,NA,NA,"NoError_anova"
