"","Fixed_effect","Df","Sum Sq","Mean Sq","F value","Pr(>F)","data_class"
"1","exp_env_factor           ",6,185.440521958743,30.9067536597905,130.660698773376,5.04069443746648e-110,"Raw_anova"
"2","gen_factor               ",6,89.3668066307621,14.8944677717937,62.9675179846526,3.34368109342165e-62,"Raw_anova"
"3","exp_env_factor:gen_factor",36,296.924803492613,8.24791120812815,34.8686844868095,3.78336187336229e-130,"Raw_anova"
"4","Residuals                ",686,162.267867917882,0.236542081512948,NA,NA,"Raw_anova"
"5","exp_env_factor           ",6,230.792655149679,38.4654425249466,4.77560496105198e+29,0,"NoError_anova"
"6","gen_factor               ",6,116.81543804112,19.46923967352,2.41716698078989e+29,0,"NoError_anova"
"7","exp_env_factor:gen_factor",36,386.391906809201,10.7331085224778,1.33254898274501e+29,0,"NoError_anova"
"8","Residuals                ",686,5.52543474330856e-26,8.05456959665971e-29,NA,NA,"NoError_anova"
