"","Fixed_effect","Df","Sum Sq","Mean Sq","F value","Pr(>F)","data_class"
"1","exp_env_factor           ",1,23.0419730322769,23.0419730322769,66.6879508140843,1.03425598497602e-09,"Raw_anova"
"2","gen_factor               ",1,2.84210542656082,2.84210542656082,8.22560579467011,0.00686538521504329,"Raw_anova"
"3","exp_env_factor:gen_factor",1,0.677227308758577,0.677227308758577,1.96002752859675,0.170069832047803,"Raw_anova"
"4","Residuals                ",36,12.4386942324037,0.345519284233435,NA,NA,"Raw_anova"
"5","exp_env_factor           ",1,37.1482527379441,37.1482527379441,7.11533068519956e+31,0,"NoError_anova"
"6","gen_factor               ",1,0.920650386456822,0.920650386456822,1.76340243814644e+30,0,"NoError_anova"
"7","exp_env_factor:gen_factor",1,0.93109687559907,0.93109687559907,1.78341151509301e+30,0,"NoError_anova"
"8","Residuals                ",36,1.8795150327275e-29,5.22087509090973e-31,NA,NA,"NoError_anova"
