"","Fixed_effect","Df","Sum Sq","Mean Sq","F value","Pr(>F)","data_class"
"1","exp_env_factor           ",1,6.88833367294783,6.88833367294783,20.2616077235664,0.000362572172739908,"Raw_anova"
"2","gen_factor               ",1,0.534248816624549,0.534248816624549,1.57145987159965,0.228003767658902,"Raw_anova"
"3","exp_env_factor:gen_factor",1,6.13790154156522,6.13790154156522,18.0542579941321,0.000612430350198467,"Raw_anova"
"4","Residuals                ",16,5.43951596886241,0.339969748053901,NA,NA,"Raw_anova"
"5","exp_env_factor           ",1,6.68797298016335,6.68797298016335,1.92921894971489e+32,4.39548016467903e-250,"NoError_anova"
"6","gen_factor               ",1,0.41165244242445,0.41165244242445,1.1874564908937e+31,2.13361880914755e-240,"NoError_anova"
"7","exp_env_factor:gen_factor",1,11.9003745774122,11.9003745774122,3.43279319631583e+32,4.37398562478763e-252,"NoError_anova"
"8","Residuals                ",16,5.54667823983524e-31,3.46667389989703e-32,NA,NA,"NoError_anova"
