"","Fixed_effect","Df","Sum Sq","Mean Sq","F value","Pr(>F)","data_class"
"1","exp_env_factor           ",9,130.458310872045,14.4953678746717,54.7633100177588,1.45546009161492e-85,"Raw_anova"
"2","gen_factor               ",9,132.059487624818,14.6732764027576,55.4354461072052,1.60925691883517e-86,"Raw_anova"
"3","exp_env_factor:gen_factor",81,865.914479830369,10.690302220128,40.3878218011534,2.15983459861644e-307,"Raw_anova"
"4","Residuals                ",1400,370.567721672769,0.264691229766264,NA,NA,"Raw_anova"
"5","exp_env_factor           ",9,182.277649623077,20.2530721803419,6.2159076928049e+27,0,"NoError_anova"
"6","gen_factor               ",9,171.740761929429,19.0823068810477,5.85658595803049e+27,0,"NoError_anova"
"7","exp_env_factor:gen_factor",81,1144.98158844749,14.1355751660184,4.33837541456847e+27,0,"NoError_anova"
"8","Residuals                ",1400,4.56157048234477e-24,3.25826463024626e-27,NA,NA,"NoError_anova"
