"","Fixed_effect","Df","Sum Sq","Mean Sq","F value","Pr(>F)","data_class"
"1","exp_env_factor           ",1,4.01168380975048,4.01168380975048,4.87924445232154,0.0421126824431981,"Raw_anova"
"2","gen_factor               ",1,1.7610654274895,1.7610654274895,2.14191075985818,0.162691875469671,"Raw_anova"
"3","exp_env_factor:gen_factor",1,0.0721523488104019,0.0721523488104019,0.0877559060859832,0.77086021052866,"Raw_anova"
"4","Residuals                ",16,13.1550984139496,0.822193650871852,NA,NA,"Raw_anova"
"5","exp_env_factor           ",1,1.93940131449988,1.93940131449988,2.08056763485868e+31,2.40217017589333e-242,"NoError_anova"
"6","gen_factor               ",1,7.73666700553651,7.73666700553651,8.29980822073911e+31,3.74553636278258e-247,"NoError_anova"
"7","exp_env_factor:gen_factor",1,9.32393167996362,9.32393167996362,1.00026076799728e+32,8.41690828332717e-248,"NoError_anova"
"8","Residuals                ",16,1.49144014893348e-30,9.32150093083422e-32,NA,NA,"NoError_anova"
