"","Fixed_effect","Df","Sum Sq","Mean Sq","F value","Pr(>F)","data_class"
"1","exp_env_factor           ",6,48.1123826569546,8.01873044282577,42.5481357239938,6.17410809294388e-41,"Raw_anova"
"2","gen_factor               ",6,44.0623696634691,7.34372827724485,38.9665109319019,5.54809860400871e-38,"Raw_anova"
"3","exp_env_factor:gen_factor",36,313.713260159709,8.71425722665859,46.2386660653233,1.40938351432668e-126,"Raw_anova"
"4","Residuals                ",441,83.1119875198667,0.188462556734392,NA,NA,"Raw_anova"
"5","exp_env_factor           ",6,67.3726653538714,11.2287775589786,1.28341173374902e+29,0,"NoError_anova"
"6","gen_factor               ",6,45.3707795643908,7.56179659406513,8.64288069299807e+28,0,"NoError_anova"
"7","exp_env_factor:gen_factor",36,376.256555081737,10.4515709744927,1.19457961958192e+29,0,"NoError_anova"
"8","Residuals                ",441,3.85838057522225e-26,8.74916230209128e-29,NA,NA,"NoError_anova"
