"","Fixed_effect","Df","Sum Sq","Mean Sq","F value","Pr(>F)","data_class"
"1","exp_env_factor           ",2,6.99124443466111,3.49562221733055,5.75108134901583,0.00680149092883815,"Raw_anova"
"2","gen_factor               ",2,6.13482374548608,3.06741187274304,5.046579439741,0.0116946845044098,"Raw_anova"
"3","exp_env_factor:gen_factor",4,8.99241212174683,2.24810303043671,3.69863292003099,0.0127090669333361,"Raw_anova"
"4","Residuals                ",36,21.881519698106,0.607819991614055,NA,NA,"Raw_anova"
"5","exp_env_factor           ",2,21.1592567365164,10.5796283682582,1.51317528359999e+31,0,"NoError_anova"
"6","gen_factor               ",2,2.91319478716641,1.4565973935832,2.08333137744151e+30,0,"NoError_anova"
"7","exp_env_factor:gen_factor",4,19.9275484763171,4.98188711907928,7.12545676641476e+30,0,"NoError_anova"
"8","Residuals                ",36,2.51700265914454e-29,6.99167405317928e-31,NA,NA,"NoError_anova"
