"","Fixed_effect","Df","Sum Sq","Mean Sq","F value","Pr(>F)","data_class"
"1","exp_env_factor           ",6,40.0400414695006,6.67334024491676,83.9734094868289,1.75305141506125e-51,"Raw_anova"
"2","gen_factor               ",6,10.908980327319,1.8181633878865,22.8787043791527,2.20534727136416e-20,"Raw_anova"
"3","exp_env_factor:gen_factor",36,177.474920305843,4.92985889738452,62.0344602116898,1.55302729550161e-88,"Raw_anova"
"4","Residuals                ",196,15.5760578973376,0.0794696831496816,NA,NA,"Raw_anova"
"5","exp_env_factor           ",6,40.8588867780311,6.80981446300519,3.95342505453008e+28,0,"NoError_anova"
"6","gen_factor               ",6,11.4413038663782,1.9068839777297,1.10703792806591e+28,0,"NoError_anova"
"7","exp_env_factor:gen_factor",36,191.699809355591,5.32499470432197,3.09141571971935e+28,0,"NoError_anova"
"8","Residuals                ",196,3.37611973501207e-26,1.72251006888371e-28,NA,NA,"NoError_anova"
