"","Fixed_effect","Df","Sum Sq","Mean Sq","F value","Pr(>F)","data_class"
"1","exp_env_factor           ",6,39.5169067627076,6.58615112711793,10.3873890294747,4.88204466454451e-11,"Raw_anova"
"2","gen_factor               ",6,16.2674659232069,2.71124432053449,4.27605576728837,0.000305425802675196,"Raw_anova"
"3","exp_env_factor:gen_factor",36,243.255536728993,6.75709824247202,10.6569993309052,1.09189665863073e-45,"Raw_anova"
"4","Residuals                ",686,434.960090585093,0.634052610182351,NA,NA,"Raw_anova"
"5","exp_env_factor           ",6,103.919164908133,17.3198608180222,1.53180479058175e+29,0,"NoError_anova"
"6","gen_factor               ",6,55.8830743527792,9.31384572546321,8.23736036386521e+28,0,"NoError_anova"
"7","exp_env_factor:gen_factor",36,574.197760739087,15.949937798308,1.41064592756462e+29,0,"NoError_anova"
"8","Residuals                ",686,7.75648737633922e-26,1.13068329101155e-28,NA,NA,"NoError_anova"
