"","Fixed_effect","Df","Sum Sq","Mean Sq","F value","Pr(>F)","data_class"
"1","exp_env_factor           ",2,0.62888597833542,0.31444298916771,0.378990624528138,0.687250840855625,"Raw_anova"
"2","gen_factor               ",2,9.90589221028577,4.95294610514288,5.96966764185396,0.00576751684302573,"Raw_anova"
"3","exp_env_factor:gen_factor",4,3.59654729170844,0.899136822927109,1.08370813723451,0.379080753222919,"Raw_anova"
"4","Residuals                ",36,29.8686745196703,0.829685403324176,NA,NA,"Raw_anova"
"5","exp_env_factor           ",2,6.157408972518,3.078704486259,4.35455431621681e+30,0,"NoError_anova"
"6","gen_factor               ",2,32.8520141963743,16.4260070981871,2.32331295279769e+31,0,"NoError_anova"
"7","exp_env_factor:gen_factor",4,4.99057683110775,1.24764420777694,1.76468202593866e+30,0,"NoError_anova"
"8","Residuals                ",36,2.54522859188067e-29,7.07007942189074e-31,NA,NA,"NoError_anova"
