"","Fixed_effect","Df","Sum Sq","Mean Sq","F value","Pr(>F)","data_class"
"1","exp_env_factor           ",1,2.42355185413631,2.42355185413631,2.5256960848133,0.120750347945959,"Raw_anova"
"2","gen_factor               ",1,1.96647806240837,1.96647806240837,2.04935823205898,0.160895446305437,"Raw_anova"
"3","exp_env_factor:gen_factor",1,0.0658825055721589,0.0658825055721589,0.0686592226600376,0.794792587644404,"Raw_anova"
"4","Residuals                ",36,34.5440875778832,0.959557988274532,NA,NA,"Raw_anova"
"5","exp_env_factor           ",1,22.9743579495958,22.9743579495958,8.62612228408217e+31,0,"NoError_anova"
"6","gen_factor               ",1,11.5327353576291,11.5327353576291,4.33016607833504e+31,0,"NoError_anova"
"7","exp_env_factor:gen_factor",1,4.49290669277514,4.49290669277514,1.68693996271315e+31,0,"NoError_anova"
"8","Residuals                ",36,9.58804963513741e-30,2.6633471208715e-31,NA,NA,"NoError_anova"
