"","Fixed_effect","Df","Sum Sq","Mean Sq","F value","Pr(>F)","data_class"
"1","exp_env_factor           ",4,26.4725797906142,6.61814494765354,81.5030031801665,1.17385499308958e-42,"Raw_anova"
"2","gen_factor               ",4,61.7862966642527,15.4465741660632,190.225840222143,5.72519455969925e-71,"Raw_anova"
"3","exp_env_factor:gen_factor",16,142.470844474185,8.90442777963654,109.658765618089,1.42917561617009e-96,"Raw_anova"
"4","Residuals                ",225,18.2702790709485,0.0812012403153268,NA,NA,"Raw_anova"
"5","exp_env_factor           ",4,24.1069921125237,6.02674802813092,3.2494671828557e+29,0,"NoError_anova"
"6","gen_factor               ",4,68.258965962746,17.0647414906865,9.20086872706025e+29,0,"NoError_anova"
"7","exp_env_factor:gen_factor",16,156.63404192473,9.78962762029563,5.27831486168735e+29,0,"NoError_anova"
"8","Residuals                ",225,4.17304816458482e-27,1.85468807314881e-29,NA,NA,"NoError_anova"
