"","Fixed_effect","Df","Sum Sq","Mean Sq","F value","Pr(>F)","data_class"
"1","exp_env_factor           ",1,2.80503785766855,2.80503785766855,3.31407255362542,0.0770104952412241,"Raw_anova"
"2","gen_factor               ",1,5.54328733787416,5.54328733787416,6.54923653635723,0.0148403159851116,"Raw_anova"
"3","exp_env_factor:gen_factor",1,0.181200413183181,0.181200413183181,0.214083141300307,0.646370418099343,"Raw_anova"
"4","Residuals                ",36,30.4704743912741,0.846402066424281,NA,NA,"Raw_anova"
"5","exp_env_factor           ",1,12.6323968521259,12.6323968521259,5.67124978787134e+31,0,"NoError_anova"
"6","gen_factor               ",1,25.8903822438612,25.8903822438612,1.16233543425843e+32,0,"NoError_anova"
"7","exp_env_factor:gen_factor",1,0.477220904012952,0.477220904012952,2.14245877669348e+30,0,"NoError_anova"
"8","Residuals                ",36,8.01880191645069e-30,2.22744497679186e-31,NA,NA,"NoError_anova"
