"","row","aov_coefs"
"(Intercept)",2638,0.22889292240613
"exp_env_factorE_2",2638,-0.975679681797688
"gen_factorG_2",2638,0.652620142345676
"exp_env_factorE_2:gen_factorG_2",2638,-0.269452610720497
