"","Fixed_effect","Df","Sum Sq","Mean Sq","F value","Pr(>F)","data_class"
"1","exp_env_factor           ",6,21.1325936945661,3.52209894909435,15.6713550762273,1.13889326506229e-14,"Raw_anova"
"2","gen_factor               ",6,13.6205432241821,2.27009053736369,10.1006233443151,1.0063473935475e-09,"Raw_anova"
"3","exp_env_factor:gen_factor",36,165.196339647596,4.58878721243321,20.4175166043484,7.91449516338749e-49,"Raw_anova"
"4","Residuals                ",196,44.0505234336559,0.224747568539061,NA,NA,"Raw_anova"
"5","exp_env_factor           ",6,23.9950684530153,3.99917807550255,9.08356550868642e+28,0,"NoError_anova"
"6","gen_factor               ",6,20.1156218090254,3.35260363483757,7.61496341667166e+28,0,"NoError_anova"
"7","exp_env_factor:gen_factor",36,199.88930973796,5.55248082605443,1.26116722904e+29,0,"NoError_anova"
"8","Residuals                ",196,8.62919854597769e-27,4.40265231937637e-29,NA,NA,"NoError_anova"
