"","Fixed_effect","Df","Sum Sq","Mean Sq","F value","Pr(>F)","data_class"
"1","exp_env_factor           ",9,164.20954619125,18.2455051323611,147.249738596504,4.44633663446349e-121,"Raw_anova"
"2","gen_factor               ",9,62.6704579412169,6.96338421569077,56.1977592875115,1.35737868002074e-65,"Raw_anova"
"3","exp_env_factor:gen_factor",81,222.556566264829,2.74761192919542,22.1745101274872,1.15700522435054e-106,"Raw_anova"
"4","Residuals                ",400,49.5634296027045,0.123908574006761,NA,NA,"Raw_anova"
"5","exp_env_factor           ",9,178.878599914937,19.8753999905485,2.41269101988303e+29,0,"NoError_anova"
"6","gen_factor               ",9,71.2173831772156,7.91304257524617,9.60570693939612e+28,0,"NoError_anova"
"7","exp_env_factor:gen_factor",81,248.904016907848,3.07288909762776,3.73020514528943e+28,0,"NoError_anova"
"8","Residuals                ",400,3.2951422004318e-26,8.23785550107949e-29,NA,NA,"NoError_anova"
