"","Fixed_effect","Df","Sum Sq","Mean Sq","F value","Pr(>F)","data_class"
"1","exp_env_factor           ",6,155.377841580817,25.8963069301361,118.337135262527,2.23658651215157e-102,"Raw_anova"
"2","gen_factor               ",6,112.220204216818,18.7033673694696,85.4678978063079,7.71363128932089e-80,"Raw_anova"
"3","exp_env_factor:gen_factor",36,316.281144579396,8.78558734942768,40.1470851166075,1.03867224619135e-143,"Raw_anova"
"4","Residuals                ",686,150.120809622969,0.218834999450393,NA,NA,"Raw_anova"
"5","exp_env_factor           ",6,184.599150011899,30.7665250019832,5.05488706942539e+28,0,"NoError_anova"
"6","gen_factor               ",6,132.637406375651,22.1062343959418,3.63201623825018e+28,0,"NoError_anova"
"7","exp_env_factor:gen_factor",36,416.763443612449,11.576762322568,1.90204211123577e+28,0,"NoError_anova"
"8","Residuals                ",686,4.17533287321485e-25,6.08649106882631e-28,NA,NA,"NoError_anova"
