"","Fixed_effect","Df","Sum Sq","Mean Sq","F value","Pr(>F)","data_class"
"1","exp_env_factor           ",4,1.97330852065171,0.493327130162926,0.498645486831661,0.736753482480068,"Raw_anova"
"2","gen_factor               ",4,3.64385033915439,0.910962584788598,0.920783297337243,0.452578713566369,"Raw_anova"
"3","exp_env_factor:gen_factor",16,20.7826026582786,1.29891266614241,1.31291570878432,0.190364556668924,"Raw_anova"
"4","Residuals                ",225,222.600238481915,0.989334393252957,NA,NA,"Raw_anova"
"5","exp_env_factor           ",4,14.2947981741176,3.5736995435294,1.44724260000769e+29,0,"NoError_anova"
"6","gen_factor               ",4,14.857727801882,3.71443195047051,1.50423506175383e+29,0,"NoError_anova"
"7","exp_env_factor:gen_factor",16,219.847474024,13.7404671265,5.56448272364745e+29,0,"NoError_anova"
"8","Residuals                ",225,5.55596136604769e-27,2.46931616268786e-29,NA,NA,"NoError_anova"
