"","Fixed_effect","Df","Sum Sq","Mean Sq","F value","Pr(>F)","data_class"
"1","exp_env_factor           ",9,504.22450897034,56.0249454411489,864.865292503923,0,"Raw_anova"
"2","gen_factor               ",9,510.36132550408,56.7068139448978,875.391396515278,0,"Raw_anova"
"3","exp_env_factor:gen_factor",81,393.723829935248,4.86078802389195,75.0366970102429,0,"Raw_anova"
"4","Residuals                ",1400,90.6903355903285,0.0647788111359489,NA,NA,"Raw_anova"
"5","exp_env_factor           ",9,535.398687697229,59.4887430774699,1.12506648174663e+29,0,"NoError_anova"
"6","gen_factor               ",9,539.70569273058,59.9672991922867,1.13411705865517e+29,0,"NoError_anova"
"7","exp_env_factor:gen_factor",81,423.895619572189,5.23327925397765,9.89731295987009e+27,0,"NoError_anova"
"8","Residuals                ",1400,7.40260612680966e-25,5.28757580486405e-28,NA,NA,"NoError_anova"
