"","Fixed_effect","Df","Sum Sq","Mean Sq","F value","Pr(>F)","data_class"
"1","exp_env_factor           ",6,39.2627866132311,6.54379776887184,46.8346784905152,2.33543246253885e-44,"Raw_anova"
"2","gen_factor               ",6,84.1094982455026,14.0182497075838,100.330150967919,3.06147870668429e-79,"Raw_anova"
"3","exp_env_factor:gen_factor",36,304.01066322413,8.44474064511471,60.4399351904053,5.05510203828848e-147,"Raw_anova"
"4","Residuals                ",441,61.6170519171368,0.139721206161308,NA,NA,"Raw_anova"
"5","exp_env_factor           ",6,50.913923197208,8.48565386620134,3.02633377945848e+28,0,"NoError_anova"
"6","gen_factor               ",6,96.2095714221946,16.0349285703658,5.71871617071098e+28,0,"NoError_anova"
"7","exp_env_factor:gen_factor",36,341.876505380598,9.49656959390551,3.38686797790399e+28,0,"NoError_anova"
"8","Residuals                ",441,1.23653688842756e-25,2.80393852251146e-28,NA,NA,"NoError_anova"
