"","Fixed_effect","Df","Sum Sq","Mean Sq","F value","Pr(>F)","data_class"
"1","exp_env_factor           ",9,92.8678290349513,10.3186476705501,343.474879558125,4.32691323968114e-182,"Raw_anova"
"2","gen_factor               ",9,88.8626819778891,9.87363133087657,328.661704561654,1.0237521980875e-178,"Raw_anova"
"3","exp_env_factor:gen_factor",81,305.252717706739,3.76855207045357,125.443082256005,2.66558899062314e-240,"Raw_anova"
"4","Residuals                ",400,12.0167712804208,0.0300419282010519,NA,NA,"Raw_anova"
"5","exp_env_factor           ",9,95.8970418510191,10.6552268723355,2.47081845405249e+28,0,"NoError_anova"
"6","gen_factor               ",9,91.6076374962398,10.1786263884711,2.36030055660632e+28,0,"NoError_anova"
"7","exp_env_factor:gen_factor",81,311.495320652742,3.84562124262644,8.91753131812484e+27,0,"NoError_anova"
"8","Residuals                ",400,1.72497123046161e-25,4.31242807615403e-28,NA,NA,"NoError_anova"
