"","row","aov_coefs"
"(Intercept)",4877,-0.105912783172546
"exp_env_factorE_2",4877,0.285366996482974
"gen_factorG_2",4877,0.338743206753779
"exp_env_factorE_2:gen_factorG_2",4877,-0.824569273783324
