"","Fixed_effect","Df","Sum Sq","Mean Sq","F value","Pr(>F)","data_class"
"1","exp_env_factor           ",9,88.3748162053057,9.81942402281175,246.32428581979,4.05628359381406e-157,"Raw_anova"
"2","gen_factor               ",9,23.1951766704611,2.57724185227345,64.6511706971126,1.64774161167034e-72,"Raw_anova"
"3","exp_env_factor:gen_factor",81,371.484483945093,4.586228196853,115.047418521897,3.84322040399431e-233,"Raw_anova"
"4","Residuals                ",400,15.9455231791406,0.0398638079478514,NA,NA,"Raw_anova"
"5","exp_env_factor           ",9,87.4087941057625,9.71208823397361,2.9728946658632e+28,0,"NoError_anova"
"6","gen_factor               ",9,25.1305089094256,2.79227876771396,8.54723562446832e+27,0,"NoError_anova"
"7","exp_env_factor:gen_factor",81,386.460696984812,4.77111971586188,1.46045175988658e+28,0,"NoError_anova"
"8","Residuals                ",400,1.3067517454277e-25,3.26687936356926e-28,NA,NA,"NoError_anova"
