"","Fixed_effect","Df","Sum Sq","Mean Sq","F value","Pr(>F)","data_class"
"1","exp_env_factor           ",2,16.7132259653021,8.35661298265103,22.1986508777225,5.23719194627654e-07,"Raw_anova"
"2","gen_factor               ",2,2.65454726050872,1.32727363025436,3.52579256672443,0.0399613706642378,"Raw_anova"
"3","exp_env_factor:gen_factor",4,11.0801389003561,2.77003472508904,7.35836802650544,0.000194059464481775,"Raw_anova"
"4","Residuals                ",36,13.5520878738331,0.376446885384252,NA,NA,"Raw_anova"
"5","exp_env_factor           ",2,20.6523972386257,10.3261986193128,3.24504041190272e+30,0,"NoError_anova"
"6","gen_factor               ",2,1.28788238669098,0.643941193345489,2.0236054644415e+29,0,"NoError_anova"
"7","exp_env_factor:gen_factor",4,22.0597203746833,5.51493009367084,1.73308413701336e+30,0,"NoError_anova"
"8","Residuals                ",36,1.14557325366956e-28,3.1821479268599e-30,NA,NA,"NoError_anova"
