"","row","aov_coefs"
"(Intercept)",15231,0.284008271761617
"exp_env_factorE_2",15231,0.979430931896629
"exp_env_factorE_3",15231,0.484998779293174
"gen_factorG_2",15231,-0.705167611839706
"gen_factorG_3",15231,-0.956525152834329
"exp_env_factorE_2:gen_factorG_2",15231,-1.10618404415761
"exp_env_factorE_3:gen_factorG_2",15231,0.754742983550952
"exp_env_factorE_2:gen_factorG_3",15231,-0.9161978947245
"exp_env_factorE_3:gen_factorG_3",15231,-0.696646330070696
