"","Fixed_effect","Df","Sum Sq","Mean Sq","F value","Pr(>F)","data_class"
"1","exp_env_factor           ",4,43.0492184201966,10.7623046050492,31.3484540066805,2.51830943594491e-22,"Raw_anova"
"2","gen_factor               ",4,121.270780730808,30.317695182702,88.3094195807845,8.27847648574969e-52,"Raw_anova"
"3","exp_env_factor:gen_factor",16,89.5207543686269,5.59504714803918,16.2972601707656,1.54374949863327e-33,"Raw_anova"
"4","Residuals                ",350,120.159246480368,0.343312132801051,NA,NA,"Raw_anova"
"5","exp_env_factor           ",4,69.1178971522451,17.2794742880613,8.79386405010344e+29,0,"NoError_anova"
"6","gen_factor               ",4,191.217100902153,47.8042752255384,2.43285351359077e+30,0,"NoError_anova"
"7","exp_env_factor:gen_factor",16,113.665001945601,7.10406262160006,3.61539708073964e+29,0,"NoError_anova"
"8","Residuals                ",350,6.87731350674032e-27,1.96494671621152e-29,NA,NA,"NoError_anova"
