"","Fixed_effect","Df","Sum Sq","Mean Sq","F value","Pr(>F)","data_class"
"1","exp_env_factor           ",2,2.78751031799649,1.39375515899825,1.9136333958115,0.151806983823692,"Raw_anova"
"2","gen_factor               ",2,29.1025845560563,14.5512922780282,19.979003252955,2.9070811063534e-08,"Raw_anova"
"3","exp_env_factor:gen_factor",4,10.3404207418666,2.58510518546664,3.54936344641052,0.00884635346895193,"Raw_anova"
"4","Residuals                ",126,91.7694843840806,0.728329241143497,NA,NA,"Raw_anova"
"5","exp_env_factor           ",2,16.3964008749674,8.19820043748372,5.74153943832987e+30,0,"NoError_anova"
"6","gen_factor               ",2,79.448665373572,39.724332686786,2.78205960590691e+31,0,"NoError_anova"
"7","exp_env_factor:gen_factor",4,38.1549337514607,9.53873343786517,6.68037024013387e+30,0,"NoError_anova"
"8","Residuals                ",126,1.79912245873804e-28,1.42787496725242e-30,NA,NA,"NoError_anova"
