"","Fixed_effect","Df","Sum Sq","Mean Sq","F value","Pr(>F)","data_class"
"1","exp_env_factor           ",2,0.884549035799179,0.44227451789959,0.416628798228706,0.662403576062515,"Raw_anova"
"2","gen_factor               ",2,2.73406673614962,1.36703336807481,1.28776460372255,0.288290906915215,"Raw_anova"
"3","exp_env_factor:gen_factor",4,2.16539264975179,0.541348162437948,0.509957560772348,0.728723434316981,"Raw_anova"
"4","Residuals                ",36,38.2159915782994,1.06155532161943,NA,NA,"Raw_anova"
"5","exp_env_factor           ",2,0.927827801900171,0.463913900950085,7.30502296348638e+29,0,"NoError_anova"
"6","gen_factor               ",2,39.6986382991544,19.8493191495772,3.12557420461588e+31,0,"NoError_anova"
"7","exp_env_factor:gen_factor",4,3.3735338989454,0.84338347473635,1.32803428337813e+30,0,"NoError_anova"
"8","Residuals                ",36,2.28622148317415e-29,6.35061523103931e-31,NA,NA,"NoError_anova"
