"","Fixed_effect","Df","Sum Sq","Mean Sq","F value","Pr(>F)","data_class"
"1","exp_env_factor           ",9,65.2750358853998,7.25278176504442,104.070498705171,4.75444375714681e-99,"Raw_anova"
"2","gen_factor               ",9,72.3142916129373,8.03492129032636,115.293454681239,2.47832705930495e-105,"Raw_anova"
"3","exp_env_factor:gen_factor",81,333.534254668435,4.11770684775846,59.0851647064962,3.09233532986713e-179,"Raw_anova"
"4","Residuals                ",400,27.876417833228,0.0696910445830699,NA,NA,"Raw_anova"
"5","exp_env_factor           ",9,70.0912057354291,7.78791174838101,9.47946363691691e+28,0,"NoError_anova"
"6","gen_factor               ",9,80.2076462320062,8.91196069244514,1.08476585312139e+29,0,"NoError_anova"
"7","exp_env_factor:gen_factor",81,348.701148032565,4.30495244484648,5.2399977655194e+28,0,"NoError_anova"
"8","Residuals                ",400,3.2862246416777e-26,8.21556160419424e-29,NA,NA,"NoError_anova"
