"","Fixed_effect","Df","Sum Sq","Mean Sq","F value","Pr(>F)","data_class"
"1","exp_env_factor           ",6,136.659174406222,22.7765290677037,217.300814800559,5.95185950803683e-155,"Raw_anova"
"2","gen_factor               ",6,209.42616072707,34.9043601211783,333.007100066843,2.00563109358239e-199,"Raw_anova"
"3","exp_env_factor:gen_factor",36,316.011119752138,8.7780866597816,83.7478519176655,1.44414934427244e-224,"Raw_anova"
"4","Residuals                ",686,71.9035451145699,0.104815663432318,NA,NA,"Raw_anova"
"5","exp_env_factor           ",6,153.697231615284,25.616205269214,7.74586026007737e+28,0,"NoError_anova"
"6","gen_factor               ",6,229.961109600007,38.3268516000011,1.15893214308022e+29,0,"NoError_anova"
"7","exp_env_factor:gen_factor",36,350.34165878471,9.73171274401971,2.94268749856499e+28,0,"NoError_anova"
"8","Residuals                ",686,2.26865915787968e-25,3.30708332052432e-28,NA,NA,"NoError_anova"
