"","Fixed_effect","Df","Sum Sq","Mean Sq","F value","Pr(>F)","data_class"
"1","exp_env_factor           ",9,70.1603219200486,7.79559132444984,214.048583242817,9.96506294481655e-217,"Raw_anova"
"2","gen_factor               ",9,114.517073579916,12.7241192866574,349.374356988093,1.48868623737834e-286,"Raw_anova"
"3","exp_env_factor:gen_factor",81,781.544848694729,9.6487018357374,264.930634780001,0,"Raw_anova"
"4","Residuals                ",900,32.7777558053063,0.0364197286725626,NA,NA,"Raw_anova"
"5","exp_env_factor           ",9,68.2926788774867,7.58807543083185,3.11381887231724e+28,0,"NoError_anova"
"6","gen_factor               ",9,117.745590319846,13.0828433688718,5.36863463692498e+28,0,"NoError_anova"
"7","exp_env_factor:gen_factor",81,812.961730802666,10.0365645778107,4.11857321141463e+28,0,"NoError_anova"
"8","Residuals                ",900,2.19321295418396e-25,2.43690328242663e-28,NA,NA,"NoError_anova"
