"","Fixed_effect","Df","Sum Sq","Mean Sq","F value","Pr(>F)","data_class"
"1","exp_env_factor           ",1,5.11357682670979,5.11357682670979,5.31680537952256,0.0248469340310178,"Raw_anova"
"2","gen_factor               ",1,0.00208687047507873,0.00208687047507873,0.00216980883328285,0.96301273225561,"Raw_anova"
"3","exp_env_factor:gen_factor",1,0.0248696015038771,0.0248696015038771,0.025857992466591,0.872826311339332,"Raw_anova"
"4","Residuals                ",56,53.8594667013112,0.961776191094844,NA,NA,"Raw_anova"
"5","exp_env_factor           ",1,58.5753186849147,58.5753186849147,6.06747123113379e+31,0,"NoError_anova"
"6","gen_factor               ",1,0.402832771920822,0.402832771920822,4.17270671242107e+29,0,"NoError_anova"
"7","exp_env_factor:gen_factor",1,0.0218485431644457,0.0218485431644457,2.26316151697865e+28,0,"NoError_anova"
"8","Residuals                ",56,5.40623551624532e-29,9.65399199329521e-31,NA,NA,"NoError_anova"
