"","Fixed_effect","Df","Sum Sq","Mean Sq","F value","Pr(>F)","data_class"
"1","exp_env_factor           ",9,363.161012559467,40.3512236177185,521.240549484604,0,"Raw_anova"
"2","gen_factor               ",9,553.409378611444,61.4899309568272,794.301697102268,0,"Raw_anova"
"3","exp_env_factor:gen_factor",81,474.050256684165,5.85247230474277,75.5998358034434,0,"Raw_anova"
"4","Residuals                ",1400,108.379352144925,0.0774138229606605,NA,NA,"Raw_anova"
"5","exp_env_factor           ",9,418.428747687157,46.4920830763508,4.96968725679198e+28,0,"NoError_anova"
"6","gen_factor               ",9,594.601851802026,66.0668724224474,7.06209901231445e+28,0,"NoError_anova"
"7","exp_env_factor:gen_factor",81,485.969400510819,5.99962222852863,6.41318782935998e+27,0,"NoError_anova"
"8","Residuals                ",1400,1.30971855860618e-24,9.35513256147274e-28,NA,NA,"NoError_anova"
