"","Fixed_effect","Df","Sum Sq","Mean Sq","F value","Pr(>F)","data_class"
"1","exp_env_factor           ",1,28.0596640061813,28.0596640061813,62.1481872120806,1.20282326280105e-10,"Raw_anova"
"2","gen_factor               ",1,0.138260511705636,0.138260511705636,0.306227478833213,0.582207138278783,"Raw_anova"
"3","exp_env_factor:gen_factor",1,5.51829401019409,5.51829401019409,12.22224076387,0.000931592173103747,"Raw_anova"
"4","Residuals                ",56,25.2837814719189,0.451496097712838,NA,NA,"Raw_anova"
"5","exp_env_factor           ",1,38.6610503114205,38.6610503114205,6.79814973661114e+31,0,"NoError_anova"
"6","gen_factor               ",1,1.27995846177347,1.27995846177347,2.25067586361152e+30,0,"NoError_anova"
"7","exp_env_factor:gen_factor",1,19.058991226806,19.058991226806,3.35132840791733e+31,0,"NoError_anova"
"8","Residuals                ",56,3.18471775603873e-29,5.6869959929263e-31,NA,NA,"NoError_anova"
