"","Fixed_effect","Df","Sum Sq","Mean Sq","F value","Pr(>F)","data_class"
"1","exp_env_factor           ",9,276.198737228553,30.6887485809503,768.942858096085,0,"Raw_anova"
"2","gen_factor               ",9,80.1224456438442,8.90249396042714,223.062505532182,3.07417638216002e-222,"Raw_anova"
"3","exp_env_factor:gen_factor",81,606.759537259078,7.49085848467998,187.692310672408,0,"Raw_anova"
"4","Residuals                ",900,35.919279868523,0.0399103109650256,NA,NA,"Raw_anova"
"5","exp_env_factor           ",9,279.144565001155,31.0160627779062,1.8964432430381e+29,0,"NoError_anova"
"6","gen_factor               ",9,83.0412957841274,9.22681064268082,5.64163247392206e+28,0,"NoError_anova"
"7","exp_env_factor:gen_factor",81,636.814139214717,7.86190295326811,4.80707459225524e+28,0,"NoError_anova"
"8","Residuals                ",900,1.47193735444445e-25,1.63548594938272e-28,NA,NA,"NoError_anova"
