"","Fixed_effect","Df","Sum Sq","Mean Sq","F value","Pr(>F)","data_class"
"1","exp_env_factor           ",6,30.1067528295778,5.01779213826297,25.4564584691069,2.91631133036853e-22,"Raw_anova"
"2","gen_factor               ",6,34.5940150651136,5.76566917751894,29.2506173870587,6.88262763130535e-25,"Raw_anova"
"3","exp_env_factor:gen_factor",36,140.665136153074,3.90736489314095,19.8229957290185,6.95659155498689e-48,"Raw_anova"
"4","Residuals                ",196,38.6340959522341,0.197112734450174,NA,NA,"Raw_anova"
"5","exp_env_factor           ",6,40.5777826688989,6.76296377814981,1.2034074414673e+29,0,"NoError_anova"
"6","gen_factor               ",6,44.4305680300236,7.40509467167059,1.31766875071097e+29,0,"NoError_anova"
"7","exp_env_factor:gen_factor",36,158.991649301078,4.41643470280771,7.85864091610914e+28,0,"NoError_anova"
"8","Residuals                ",196,1.10148969903423e-26,5.61984540323585e-29,NA,NA,"NoError_anova"
