"","Fixed_effect","Df","Sum Sq","Mean Sq","F value","Pr(>F)","data_class"
"1","exp_env_factor           ",6,91.0868929853048,15.1811488308841,54.6328161958983,4.12983244929855e-55,"Raw_anova"
"2","gen_factor               ",6,187.22591210728,31.2043186845466,112.295836514224,1.76191380797093e-98,"Raw_anova"
"3","exp_env_factor:gen_factor",36,265.064253914519,7.36289594206996,26.4970553384139,8.55294808742318e-106,"Raw_anova"
"4","Residuals                ",686,190.622940992897,0.277876007278276,NA,NA,"Raw_anova"
"5","exp_env_factor           ",6,133.528428773173,22.2547381288622,5.31327298027738e+28,0,"NoError_anova"
"6","gen_factor               ",6,250.668676824482,41.7781128040804,9.97443855072896e+28,0,"NoError_anova"
"7","exp_env_factor:gen_factor",36,349.802894402346,9.71674706673184,2.31985338793539e+28,0,"NoError_anova"
"8","Residuals                ",686,2.87332316880178e-25,4.1885177387781e-28,NA,NA,"NoError_anova"
