"","Fixed_effect","Df","Sum Sq","Mean Sq","F value","Pr(>F)","data_class"
"1","exp_env_factor           ",9,194.7541323584,21.6393480398222,200.629878163396,1.48879889231342e-244,"Raw_anova"
"2","gen_factor               ",9,213.40539732696,23.7117108141067,219.843853101546,1.81820524747109e-260,"Raw_anova"
"3","exp_env_factor:gen_factor",81,939.840591667062,11.6029702674946,107.577294233494,0,"Raw_anova"
"4","Residuals                ",1400,150.999878647578,0.107857056176841,NA,NA,"Raw_anova"
"5","exp_env_factor           ",9,217.942655980384,24.2158506644871,2.21746460733587e+28,0,"NoError_anova"
"6","gen_factor               ",9,247.118737509283,27.4576375010315,2.51431759318231e+28,0,"NoError_anova"
"7","exp_env_factor:gen_factor",81,1033.93860651033,12.7646741544485,1.16887131300221e+28,0,"NoError_anova"
"8","Residuals                ",1400,1.52887179430625e-24,1.09205128164732e-27,NA,NA,"NoError_anova"
