"","Fixed_effect","Df","Sum Sq","Mean Sq","F value","Pr(>F)","data_class"
"1","exp_env_factor           ",2,10.4205366168708,5.21026830843541,5.93844946578276,0.00343067366700637,"Raw_anova"
"2","gen_factor               ",2,6.28688795493385,3.14344397746693,3.58276812318559,0.030666080969166,"Raw_anova"
"3","exp_env_factor:gen_factor",4,6.74287543570281,1.6857188589257,1.92131300436874,0.110888819214504,"Raw_anova"
"4","Residuals                ",126,110.549699992493,0.877378571368988,NA,NA,"Raw_anova"
"5","exp_env_factor           ",2,71.0667700888029,35.5333850444014,2.65215486421967e+30,0,"NoError_anova"
"6","gen_factor               ",2,59.7588564479447,29.8794282239723,2.2301525960808e+30,0,"NoError_anova"
"7","exp_env_factor:gen_factor",4,3.17437346325221,0.793593365813054,5.92325359017594e+28,0,"NoError_anova"
"8","Residuals                ",126,1.68813917165877e-27,1.33979299337998e-29,NA,NA,"NoError_anova"
