"","Fixed_effect","Df","Sum Sq","Mean Sq","F value","Pr(>F)","data_class"
"1","exp_env_factor           ",2,14.8847966243994,7.44239831219971,26.2299266543472,9.37590388186647e-08,"Raw_anova"
"2","gen_factor               ",2,18.4410366434692,9.22051832173461,32.4967180132932,8.63313132463298e-09,"Raw_anova"
"3","exp_env_factor:gen_factor",4,0.459638008133389,0.114909502033347,0.404986092357023,0.803784678468881,"Raw_anova"
"4","Residuals                ",36,10.214528723998,0.283736908999943,NA,NA,"Raw_anova"
"5","exp_env_factor           ",2,15.8145077751013,7.90725388755066,5.02200399690312e+30,0,"NoError_anova"
"6","gen_factor               ",2,24.5531105866545,12.2765552933272,7.79700647380997e+30,0,"NoError_anova"
"7","exp_env_factor:gen_factor",4,3.63238163824421,0.908095409561052,5.76743688926577e+29,0,"NoError_anova"
"8","Residuals                ",36,5.66827784540521e-29,1.57452162372367e-30,NA,NA,"NoError_anova"
