"","Fixed_effect","Df","Sum Sq","Mean Sq","F value","Pr(>F)","data_class"
"1","exp_env_factor           ",6,72.0562625691495,12.0093770948582,129.070741241356,2.62848719035185e-65,"Raw_anova"
"2","gen_factor               ",6,19.9127498916541,3.31879164860901,35.6687024421098,5.30801126088032e-29,"Raw_anova"
"3","exp_env_factor:gen_factor",36,133.794182761027,3.7165050766952,39.9431262160709,5.63882592648893e-72,"Raw_anova"
"4","Residuals                ",196,18.2368047781693,0.0930449223375983,NA,NA,"Raw_anova"
"5","exp_env_factor           ",6,83.1889382314879,13.8648230385813,4.59705017558239e+29,0,"NoError_anova"
"6","gen_factor               ",6,22.8955381613264,3.81592302688773,1.26521554382262e+29,0,"NoError_anova"
"7","exp_env_factor:gen_factor",36,137.915523607186,3.83098676686628,1.27021010944533e+29,0,"NoError_anova"
"8","Residuals                ",196,5.91141103918375e-27,3.01602604039987e-29,NA,NA,"NoError_anova"
