"","Fixed_effect","Df","Sum Sq","Mean Sq","F value","Pr(>F)","data_class"
"1","exp_env_factor           ",9,427.05558877681,47.4506209752011,433.271355088987,0,"Raw_anova"
"2","gen_factor               ",9,422.530866564128,46.9478740626808,428.680775838858,0,"Raw_anova"
"3","exp_env_factor:gen_factor",81,50.8481574575238,0.627755030339801,5.73202767570526,5.40723032673213e-42,"Raw_anova"
"4","Residuals                ",900,98.565387201538,0.109517096890598,NA,NA,"Raw_anova"
"5","exp_env_factor           ",9,471.273249553068,52.3636943947854,2.81132617711106e+29,0,"NoError_anova"
"6","gen_factor               ",9,481.77059019702,53.5300655774467,2.87394685114758e+29,0,"NoError_anova"
"7","exp_env_factor:gen_factor",81,45.9561602499113,0.567360003085325,3.04606855370851e+27,0,"NoError_anova"
"8","Residuals                ",900,1.67633785574235e-25,1.8625976174915e-28,NA,NA,"NoError_anova"
