"","Fixed_effect","Df","Sum Sq","Mean Sq","F value","Pr(>F)","data_class"
"1","exp_env_factor           ",4,68.2782246558648,17.0695561639662,61.4256950385408,5.1602588232664e-35,"Raw_anova"
"2","gen_factor               ",4,40.505978674834,10.1264946687085,36.4407233178444,1.78902719609535e-23,"Raw_anova"
"3","exp_env_factor:gen_factor",16,77.6906574017253,4.85566608760783,17.4733696319542,3.3871485765178e-31,"Raw_anova"
"4","Residuals                ",225,62.5251392675757,0.277889507855892,NA,NA,"Raw_anova"
"5","exp_env_factor           ",4,93.6514923469016,23.4128730867254,5.48103115317403e+30,0,"NoError_anova"
"6","gen_factor               ",4,56.04086096666,14.010215241665,3.27983780195597e+30,0,"NoError_anova"
"7","exp_env_factor:gen_factor",16,99.3076466864386,6.20672791790241,1.45301556760184e+30,0,"NoError_anova"
"8","Residuals                ",225,9.61114122013813e-28,4.27161832006139e-30,NA,NA,"NoError_anova"
