"","Fixed_effect","Df","Sum Sq","Mean Sq","F value","Pr(>F)","data_class"
"1","exp_env_factor           ",9,81.8431714086393,9.09368571207103,55.9816102389594,2.07434962710023e-65,"Raw_anova"
"2","gen_factor               ",9,20.4359927162312,2.27066585735902,13.9784389998053,1.26540972894749e-19,"Raw_anova"
"3","exp_env_factor:gen_factor",81,331.744600477439,4.09561235157332,25.2129864188399,1.64216753282347e-115,"Raw_anova"
"4","Residuals                ",400,64.9762353976909,0.162440588494227,NA,NA,"Raw_anova"
"5","exp_env_factor           ",9,102.900038874485,11.4333376527206,3.57238218962827e+28,0,"NoError_anova"
"6","gen_factor               ",9,21.190117724776,2.35445752497511,7.3565763418663e+27,0,"NoError_anova"
"7","exp_env_factor:gen_factor",81,374.909843400739,4.62851658519431,1.44619451603554e+28,0,"NoError_anova"
"8","Residuals                ",400,1.28019198907833e-25,3.20047997269584e-28,NA,NA,"NoError_anova"
