"","Fixed_effect","Df","Sum Sq","Mean Sq","F value","Pr(>F)","data_class"
"1","exp_env_factor           ",4,34.3655851815593,8.59139629538982,25.0980127990127,2.09780457920579e-14,"Raw_anova"
"2","gen_factor               ",4,41.8639987426342,10.4659996856586,30.5742844391981,1.28311874226889e-16,"Raw_anova"
"3","exp_env_factor:gen_factor",16,13.5390354314879,0.846189714467996,2.47197074304521,0.0033271435553941,"Raw_anova"
"4","Residuals                ",100,34.2313806443186,0.342313806443186,NA,NA,"Raw_anova"
"5","exp_env_factor           ",4,51.2897013804755,12.8224253451189,4.2249443423994e+30,0,"NoError_anova"
"6","gen_factor               ",4,59.5512644630371,14.8878161157593,4.90548338368015e+30,0,"NoError_anova"
"7","exp_env_factor:gen_factor",16,13.1590341564873,0.822439634780454,2.70990985590215e+29,0,"NoError_anova"
"8","Residuals                ",100,3.03493355319252e-28,3.03493355319252e-30,NA,NA,"NoError_anova"
