"","Fixed_effect","Df","Sum Sq","Mean Sq","F value","Pr(>F)","data_class"
"1","exp_env_factor           ",9,76.2294002850603,8.4699333650067,95.5428571104097,5.93777207639951e-94,"Raw_anova"
"2","gen_factor               ",9,138.199894338502,15.3555438153891,173.214176001394,4.65627688876652e-132,"Raw_anova"
"3","exp_env_factor:gen_factor",81,249.11045802286,3.07543775336865,34.6916672374349,1.78848572661443e-138,"Raw_anova"
"4","Residuals                ",400,35.460247353578,0.0886506183839449,NA,NA,"Raw_anova"
"5","exp_env_factor           ",9,80.7657489233001,8.9739721025889,2.89265056294078e+28,0,"NoError_anova"
"6","gen_factor               ",9,148.365360223039,16.4850400247822,5.31375178824443e+28,0,"NoError_anova"
"7","exp_env_factor:gen_factor",81,269.868890853661,3.33171470189705,1.07393763852021e+28,0,"NoError_anova"
"8","Residuals                ",400,1.24093414082697e-25,3.10233535206742e-28,NA,NA,"NoError_anova"
