"","Fixed_effect","Df","Sum Sq","Mean Sq","F value","Pr(>F)","data_class"
"1","exp_env_factor           ",9,409.551577529507,45.5057308366118,1439.82148947268,0,"Raw_anova"
"2","gen_factor               ",9,133.80071805811,14.8667464509011,470.390445884834,0,"Raw_anova"
"3","exp_env_factor:gen_factor",81,911.400536525903,11.2518584756284,356.013788414552,0,"Raw_anova"
"4","Residuals                ",1400,44.2471678864781,0.0316051199189129,NA,NA,"Raw_anova"
"5","exp_env_factor           ",9,414.368768301048,46.040974255672,3.13112997761071e+28,0,"NoError_anova"
"6","gen_factor               ",9,146.508462162426,16.2787180180474,1.107074357296e+28,0,"NoError_anova"
"7","exp_env_factor:gen_factor",81,938.122769536518,11.5817625868706,7.87646321903216e+27,0,"NoError_anova"
"8","Residuals                ",1400,2.05859751651468e-24,1.47042679751049e-27,NA,NA,"NoError_anova"
