"","Fixed_effect","Df","Sum Sq","Mean Sq","F value","Pr(>F)","data_class"
"1","exp_env_factor           ",2,11.4566570289687,5.72832851448437,6.46091585968236,0.00249228574485121,"Raw_anova"
"2","gen_factor               ",2,3.3849569478595,1.69247847392975,1.90892700841688,0.154849004878933,"Raw_anova"
"3","exp_env_factor:gen_factor",4,2.34277663431255,0.585694158578137,0.660597706383714,0.621160586794289,"Raw_anova"
"4","Residuals                ",81,71.8156093888592,0.886612461590854,NA,NA,"Raw_anova"
"5","exp_env_factor           ",2,20.7720438334984,10.3860219167492,5.38079752997197e+30,0,"NoError_anova"
"6","gen_factor               ",2,58.3546235668025,29.1773117834012,1.51162021834523e+31,0,"NoError_anova"
"7","exp_env_factor:gen_factor",4,9.87333259969899,2.46833314992475,1.27879577211793e+30,0,"NoError_anova"
"8","Residuals                ",81,1.56346298215214e-28,1.93020121253351e-30,NA,NA,"NoError_anova"
