"","Fixed_effect","Df","Sum Sq","Mean Sq","F value","Pr(>F)","data_class"
"1","exp_env_factor           ",6,144.349663337892,24.058277222982,86.699327215804,9.52834517394081e-81,"Raw_anova"
"2","gen_factor               ",6,131.229666478667,21.8716110797778,78.8191917553863,7.72560152503933e-75,"Raw_anova"
"3","exp_env_factor:gen_factor",36,268.06188996032,7.44616361000888,26.833898759379,7.46995091001823e-107,"Raw_anova"
"4","Residuals                ",686,190.358780223121,0.277490933269855,NA,NA,"Raw_anova"
"5","exp_env_factor           ",6,191.509390803164,31.9182318005273,4.31317988730163e+29,0,"NoError_anova"
"6","gen_factor               ",6,195.791607090955,32.6319345151591,4.40962408300458e+29,0,"NoError_anova"
"7","exp_env_factor:gen_factor",36,346.699002105882,9.6305278362745,1.30139411315483e+29,0,"NoError_anova"
"8","Residuals                ",686,5.07651143408722e-26,7.40016244036038e-29,NA,NA,"NoError_anova"
