"","Fixed_effect","Df","Sum Sq","Mean Sq","F value","Pr(>F)","data_class"
"1","exp_env_factor           ",2,8.6992540003534,4.3496270001767,5.15057795347375,0.0070773942954287,"Raw_anova"
"2","gen_factor               ",2,3.36765767813847,1.68382883906924,1.99389319948147,0.140437733871061,"Raw_anova"
"3","exp_env_factor:gen_factor",4,15.5269709939108,3.88174274847771,4.59653635140524,0.00169262111895208,"Raw_anova"
"4","Residuals                ",126,106.406117327597,0.84449299466347,NA,NA,"Raw_anova"
"5","exp_env_factor           ",2,59.868932881034,29.934466440517,3.13668934725964e+30,0,"NoError_anova"
"6","gen_factor               ",2,36.9044565841648,18.4522282920824,1.93352061350381e+30,0,"NoError_anova"
"7","exp_env_factor:gen_factor",4,37.226610534801,9.30665263370024,9.75199549081029e+29,0,"NoError_anova"
"8","Residuals                ",126,1.20245977651575e-27,9.54333155964878e-30,NA,NA,"NoError_anova"
