"","Fixed_effect","Df","Sum Sq","Mean Sq","F value","Pr(>F)","data_class"
"1","exp_env_factor           ",1,13.2416542582788,13.2416542582788,16.2124473155378,0.000171991221346749,"Raw_anova"
"2","gen_factor               ",1,0.00122013060833597,0.00122013060833597,0.00149386948336569,0.969306414146486,"Raw_anova"
"3","exp_env_factor:gen_factor",1,0.0186492397546495,0.0186492397546495,0.0228332360217044,0.88043456328586,"Raw_anova"
"4","Residuals                ",56,45.7384763713582,0.816758506631396,NA,NA,"Raw_anova"
"5","exp_env_factor           ",1,36.3777372882181,36.3777372882181,3.12795854576659e+32,0,"NoError_anova"
"6","gen_factor               ",1,21.4551111779365,21.4551111779365,1.84482882559973e+32,0,"NoError_anova"
"7","exp_env_factor:gen_factor",1,1.16715153384548,1.16715153384548,1.00358127982825e+31,0,"NoError_anova"
"8","Residuals                ",56,6.51272469993988e-30,1.16298655356069e-31,NA,NA,"NoError_anova"
