"","Fixed_effect","Df","Sum Sq","Mean Sq","F value","Pr(>F)","data_class"
"1","exp_env_factor           ",6,17.8853739777218,2.98089566295363,37.9854149899159,2.14367677063673e-30,"Raw_anova"
"2","gen_factor               ",6,73.7477883345131,12.2912980557522,156.627440274066,5.68504336340605e-72,"Raw_anova"
"3","exp_env_factor:gen_factor",36,136.985788142986,3.8051607817496,48.4889871170105,3.67158310864391e-79,"Raw_anova"
"4","Residuals                ",196,15.3810495447797,0.0784747425754064,NA,NA,"Raw_anova"
"5","exp_env_factor           ",6,21.7061631126129,3.61769385210215,6.82693573460892e+28,0,"NoError_anova"
"6","gen_factor               ",6,74.8365894112306,12.4727649018718,2.3537305227883e+29,0,"NoError_anova"
"7","exp_env_factor:gen_factor",36,147.457247476157,4.09603465211546,7.72961076307622e+28,0,"NoError_anova"
"8","Residuals                ",196,1.03863288388292e-26,5.29914736674959e-29,NA,NA,"NoError_anova"
