"","Fixed_effect","Df","Sum Sq","Mean Sq","F value","Pr(>F)","data_class"
"1","exp_env_factor           ",9,357.497819591239,39.7219799545821,94.6809282360318,8.71959436026743e-124,"Raw_anova"
"2","gen_factor               ",9,18.2246860432685,2.02496511591872,4.82668731619083,2.56463915055788e-06,"Raw_anova"
"3","exp_env_factor:gen_factor",81,245.695835364404,3.03328191807906,7.23010151894925,3.83909624677552e-56,"Raw_anova"
"4","Residuals                ",900,377.581659001089,0.419535176667877,NA,NA,"Raw_anova"
"5","exp_env_factor           ",9,640.181279155692,71.1312532395213,3.13694041901276e+29,0,"NoError_anova"
"6","gen_factor               ",9,21.3464603698722,2.3718289299858,1.04599394761153e+28,0,"NoError_anova"
"7","exp_env_factor:gen_factor",81,337.472260474436,4.1663242033881,1.83737951984483e+28,0,"NoError_anova"
"8","Residuals                ",900,2.04078239827445e-25,2.26753599808273e-28,NA,NA,"NoError_anova"
