"","Fixed_effect","Df","Sum Sq","Mean Sq","F value","Pr(>F)","data_class"
"1","exp_env_factor           ",1,5.56518083911989,5.56518083911989,7.19699214982469,0.0095814090912724,"Raw_anova"
"2","gen_factor               ",1,7.82322550455698,7.82322550455698,10.1171362028029,0.00239548322062479,"Raw_anova"
"3","exp_env_factor:gen_factor",1,2.30876373753472,2.30876373753472,2.98573487101006,0.0895125329668151,"Raw_anova"
"4","Residuals                ",56,43.3028299187884,0.773264819978364,NA,NA,"Raw_anova"
"5","exp_env_factor           ",1,37.1178073415577,37.1178073415577,4.77290945211264e+31,0,"NoError_anova"
"6","gen_factor               ",1,17.0267841584374,17.0267841584374,2.18944234235246e+31,0,"NoError_anova"
"7","exp_env_factor:gen_factor",1,4.85540850000498,4.85540850000498,6.24347901542e+30,0,"NoError_anova"
"8","Residuals                ",56,4.35498982744619e-29,7.77676754901106e-31,NA,NA,"NoError_anova"
