"","Fixed_effect","Df","Sum Sq","Mean Sq","F value","Pr(>F)","data_class"
"1","exp_env_factor           ",9,674.506826849676,74.9452029832973,689.249367151333,0,"Raw_anova"
"2","gen_factor               ",9,541.400079522923,60.1555643914359,553.233336317321,0,"Raw_anova"
"3","exp_env_factor:gen_factor",81,130.864757734591,1.61561429301965,14.8583376213233,8.87597760285082e-137,"Raw_anova"
"4","Residuals                ",1400,152.228335892805,0.108734525637718,NA,NA,"Raw_anova"
"5","exp_env_factor           ",9,728.522808868503,80.946978763167,1.47562225868401e+29,0,"NoError_anova"
"6","gen_factor               ",9,633.149892497555,70.3499880552839,1.28244450699335e+29,0,"NoError_anova"
"7","exp_env_factor:gen_factor",81,137.327298633944,1.69539874856721,3.09062570210361e+27,0,"NoError_anova"
"8","Residuals                ",1400,7.67986316291407e-25,5.48561654493862e-28,NA,NA,"NoError_anova"
