"","Fixed_effect","Df","Sum Sq","Mean Sq","F value","Pr(>F)","data_class"
"1","exp_env_factor           ",1,7.50423666255799,7.50423666255799,27.5250091366431,7.98942761348964e-05,"Raw_anova"
"2","gen_factor               ",1,2.24281067981032,2.24281067981032,8.22647088964496,0.011153087641287,"Raw_anova"
"3","exp_env_factor:gen_factor",1,4.89081835261212,4.89081835261212,17.9391756809842,0.000630024436623546,"Raw_anova"
"4","Residuals                ",16,4.36213430501957,0.272633394063723,NA,NA,"Raw_anova"
"5","exp_env_factor           ",1,8.58720111081667,8.58720111081667,4.45872973513002e+32,5.39969574711049e-253,"NoError_anova"
"6","gen_factor               ",1,2.98820626993261,2.98820626993261,1.55156540280252e+32,2.51129528529636e-249,"NoError_anova"
"7","exp_env_factor:gen_factor",1,7.42459261925072,7.42459261925072,3.85506889328364e+32,1.72902522080658e-252,"NoError_anova"
"8","Residuals                ",16,3.08148791101958e-31,1.92592994438724e-32,NA,NA,"NoError_anova"
