"","Fixed_effect","Df","Sum Sq","Mean Sq","F value","Pr(>F)","data_class"
"1","exp_env_factor           ",1,0.0062733599289358,0.0062733599289358,0.006755723670449,0.935512535362954,"Raw_anova"
"2","gen_factor               ",1,1.79426574443497,1.79426574443497,1.93222829521459,0.183552264404402,"Raw_anova"
"3","exp_env_factor:gen_factor",1,2.34187290664991,2.34187290664991,2.521941417017,0.131835098070938,"Raw_anova"
"4","Residuals                ",16,14.8575879889862,0.928599249311636,NA,NA,"Raw_anova"
"5","exp_env_factor           ",1,18.9292773986312,18.9292773986312,4.6659636178301e+32,3.75428892720713e-253,"NoError_anova"
"6","gen_factor               ",1,0.0654786076723102,0.0654786076723102,1.61401195994551e+30,1.83148973588728e-233,"NoError_anova"
"7","exp_env_factor:gen_factor",1,0.00524399369648255,0.00524399369648255,1.29261583971966e+29,1.08218793999205e-224,"NoError_anova"
"8","Residuals                ",16,6.49101585834798e-31,4.05688491146749e-32,NA,NA,"NoError_anova"
