"","row","aov_coefs"
"(Intercept)",24181,0.00463000318998959
"exp_env_factorE_2",24181,0.0374817963616308
"gen_factorG_2",24181,-0.0905929056203472
"exp_env_factorE_2:gen_factorG_2",24181,0.0877022057574742
