"","Fixed_effect","Df","Sum Sq","Mean Sq","F value","Pr(>F)","data_class"
"1","exp_env_factor           ",1,7.99855932913493,7.99855932913493,14.6990006022389,0.00146411275042207,"Raw_anova"
"2","gen_factor               ",1,0.897682178031669,0.897682178031669,1.64967593944617,0.217289182192089,"Raw_anova"
"3","exp_env_factor:gen_factor",1,1.39725165408504,1.39725165408504,2.56773777123392,0.128619415915997,"Raw_anova"
"4","Residuals                ",16,8.70650683874836,0.544156677421773,NA,NA,"Raw_anova"
"5","exp_env_factor           ",1,17.3021296526501,17.3021296526501,4.20170913493914e+32,8.68261608324165e-253,"NoError_anova"
"6","gen_factor               ",1,1.36069537893354,1.36069537893354,3.30435982061829e+31,5.93416770615861e-244,"NoError_anova"
"7","exp_env_factor:gen_factor",1,0.337174968416336,0.337174968416336,8.18807379963622e+30,4.1745002449227e-239,"NoError_anova"
"8","Residuals                ",16,6.58860633974874e-31,4.11787896234296e-32,NA,NA,"NoError_anova"
