"","Fixed_effect","Df","Sum Sq","Mean Sq","F value","Pr(>F)","data_class"
"1","exp_env_factor           ",4,5.91404659278877,1.47851164819719,3.06039387569213,0.0168628913074435,"Raw_anova"
"2","gen_factor               ",4,181.547466906588,45.386866726647,93.9469696680808,3.40522868504221e-54,"Raw_anova"
"3","exp_env_factor:gen_factor",16,17.4494417932695,1.09059011207934,2.25742915449312,0.00390820085762749,"Raw_anova"
"4","Residuals                ",350,169.089044707353,0.483111556306723,NA,NA,"Raw_anova"
"5","exp_env_factor           ",4,3.52609172677297,0.881522931693243,3.83761475544591e+28,0,"NoError_anova"
"6","gen_factor               ",4,351.316571248131,87.8291428120327,3.82354675409526e+30,0,"NoError_anova"
"7","exp_env_factor:gen_factor",16,19.1573370250962,1.19733356406851,5.21246219180482e+28,0,"NoError_anova"
"8","Residuals                ",350,8.03970814566e-27,2.29705947018857e-29,NA,NA,"NoError_anova"
