"","Fixed_effect","Df","Sum Sq","Mean Sq","F value","Pr(>F)","data_class"
"1","exp_env_factor           ",2,11.4045827042478,5.70229135212389,7.33019968312873,0.00097390822968262,"Raw_anova"
"2","gen_factor               ",2,8.63928590642711,4.31964295321356,5.55282840731764,0.00488490142030452,"Raw_anova"
"3","exp_env_factor:gen_factor",4,15.9385136672197,3.98462841680493,5.12217285203611,0.000740324679469182,"Raw_anova"
"4","Residuals                ",126,98.0176177221054,0.77791760096909,NA,NA,"Raw_anova"
"5","exp_env_factor           ",2,69.7368281670356,34.8684140835178,6.33344798751406e+30,0,"NoError_anova"
"6","gen_factor               ",2,19.550731011743,9.77536550587149,1.77558316366449e+30,0,"NoError_anova"
"7","exp_env_factor:gen_factor",4,44.7124408212215,11.1781102053054,2.03037566935018e+30,0,"NoError_anova"
"8","Residuals                ",126,6.9368536430465e-28,5.50543939924326e-30,NA,NA,"NoError_anova"
