"","Fixed_effect","Df","Sum Sq","Mean Sq","F value","Pr(>F)","data_class"
"1","exp_env_factor           ",2,14.2735912948517,7.13679564742584,11.3700794945696,0.000148803414123307,"Raw_anova"
"2","gen_factor               ",2,0.171724441201877,0.0858622206009383,0.136792521748198,0.872602322171626,"Raw_anova"
"3","exp_env_factor:gen_factor",4,6.95812779923238,1.7395319498081,2.7713581178124,0.041747864197846,"Raw_anova"
"4","Residuals                ",36,22.5965564647141,0.627682124019835,NA,NA,"Raw_anova"
"5","exp_env_factor           ",2,28.4129967541323,14.2064983770662,9.44560752935081e+30,0,"NoError_anova"
"6","gen_factor               ",2,1.1247711845232,0.562385592261602,3.73918571886792e+29,0,"NoError_anova"
"7","exp_env_factor:gen_factor",4,14.4622320613444,3.61555801533611,2.40390989433359e+30,0,"NoError_anova"
"8","Residuals                ",36,5.41451611222653e-29,1.50403225339626e-30,NA,NA,"NoError_anova"
