"","Fixed_effect","Df","Sum Sq","Mean Sq","F value","Pr(>F)","data_class"
"1","exp_env_factor           ",2,13.4438954808403,6.72194774042015,16.8014293980027,7.01709917313072e-06,"Raw_anova"
"2","gen_factor               ",2,7.62273934570979,3.8113696728549,9.5264737158099,0.000477963419383851,"Raw_anova"
"3","exp_env_factor:gen_factor",4,8.5304168931154,2.13260422327885,5.33041919916243,0.00177801291942145,"Raw_anova"
"4","Residuals                ",36,14.4029482803345,0.400081896675959,NA,NA,"Raw_anova"
"5","exp_env_factor           ",2,26.4389505839535,13.2194752919767,6.24210269788243e+30,0,"NoError_anova"
"6","gen_factor               ",2,10.4790200439236,5.2395100219618,2.47404370607052e+30,0,"NoError_anova"
"7","exp_env_factor:gen_factor",4,7.08202937212291,1.77050734303073,8.36015682805529e+29,0,"NoError_anova"
"8","Residuals                ",36,7.62405127798694e-29,2.11779202166304e-30,NA,NA,"NoError_anova"
