"","Fixed_effect","Df","Sum Sq","Mean Sq","F value","Pr(>F)","data_class"
"1","exp_env_factor           ",1,0.168653020169346,0.168653020169346,0.167789596401766,0.684511003821827,"Raw_anova"
"2","gen_factor               ",1,1.28582357075198,1.28582357075198,1.27924076167577,0.265518950343244,"Raw_anova"
"3","exp_env_factor:gen_factor",1,1.36027202103411,1.36027202103411,1.3533080710725,0.252353610116006,"Raw_anova"
"4","Residuals                ",36,36.1852513880446,1.00514587189013,NA,NA,"Raw_anova"
"5","exp_env_factor           ",1,13.3771776888765,13.3771776888765,1.38375353995516e+31,0,"NoError_anova"
"6","gen_factor               ",1,12.411194771553,12.411194771553,1.28383094697846e+31,0,"NoError_anova"
"7","exp_env_factor:gen_factor",1,13.2116275395704,13.2116275395704,1.36662880628784e+31,0,"NoError_anova"
"8","Residuals                ",36,3.48023244670551e-29,9.66731235195974e-31,NA,NA,"NoError_anova"
