"","Fixed_effect","Df","Sum Sq","Mean Sq","F value","Pr(>F)","data_class"
"1","exp_env_factor           ",9,64.7449691604814,7.19388546227572,47.1993773525392,1.40077152359839e-57,"Raw_anova"
"2","gen_factor               ",9,302.040302066295,33.5600335629216,220.18875563236,5.77609397340149e-149,"Raw_anova"
"3","exp_env_factor:gen_factor",81,71.2487934936678,0.879614734489726,5.77118832315973,4.44591117526522e-33,"Raw_anova"
"4","Residuals                ",400,60.9659352795569,0.152414838198892,NA,NA,"Raw_anova"
"5","exp_env_factor           ",9,81.0035362197122,9.00039291330135,2.70046676333077e+29,0,"NoError_anova"
"6","gen_factor               ",9,361.433305887421,40.1592562097134,1.20493335878863e+30,0,"NoError_anova"
"7","exp_env_factor:gen_factor",81,56.5631578928679,0.698310591269974,2.09520246546072e+28,0,"NoError_anova"
"8","Residuals                ",400,1.33316107208077e-26,3.33290268020194e-29,NA,NA,"NoError_anova"
