"","Fixed_effect","Df","Sum Sq","Mean Sq","F value","Pr(>F)","data_class"
"1","exp_env_factor           ",9,39.3868865444247,4.3763207271583,4.75680053593219,2.92742651657958e-06,"Raw_anova"
"2","gen_factor               ",9,12.6019958508206,1.40022176120229,1.52195783612869,0.134747941750143,"Raw_anova"
"3","exp_env_factor:gen_factor",81,158.992212515027,1.96286682117317,2.13351957706786,5.59011311842859e-08,"Raw_anova"
"4","Residuals                ",1400,1288.01890508973,0.92001350363552,NA,NA,"Raw_anova"
"5","exp_env_factor           ",9,274.492594420378,30.4991771578198,5.2833265194457e+28,0,"NoError_anova"
"6","gen_factor               ",9,157.162200424982,17.4624667138869,3.02499680588143e+28,0,"NoError_anova"
"7","exp_env_factor:gen_factor",81,1067.34520515464,13.1771012982055,2.28264940978519e+28,0,"NoError_anova"
"8","Residuals                ",1400,8.0818113103158e-25,5.77272236451129e-28,NA,NA,"NoError_anova"
