"","Fixed_effect","Df","Sum Sq","Mean Sq","F value","Pr(>F)","data_class"
"1","exp_env_factor           ",1,0.460042801553792,0.460042801553792,0.442843016531324,0.508485181346364,"Raw_anova"
"2","gen_factor               ",1,0.364514924650418,0.364514924650418,0.350886674582614,0.555995984195358,"Raw_anova"
"3","exp_env_factor:gen_factor",1,0.000432337311746615,0.000432337311746615,0.000416173361796484,0.98379653749312,"Raw_anova"
"4","Residuals                ",56,58.1750099364841,1.0388394631515,NA,NA,"Raw_anova"
"5","exp_env_factor           ",1,28.8344457980109,28.8344457980109,1.49803674460543e+31,0,"NoError_anova"
"6","gen_factor               ",1,24.696438115597,24.696438115597,1.28305471924799e+31,0,"NoError_anova"
"7","exp_env_factor:gen_factor",1,5.46911608639209,5.46911608639209,2.84137136372261e+30,0,"NoError_anova"
"8","Residuals                ",56,1.07789676755487e-28,1.92481565634798e-30,NA,NA,"NoError_anova"
