"","Fixed_effect","Df","Sum Sq","Mean Sq","F value","Pr(>F)","data_class"
"1","exp_env_factor           ",1,7.86166809652546,7.86166809652546,20.3124449199204,0.000358366479184862,"Raw_anova"
"2","gen_factor               ",1,0.00134669483856538,0.00134669483856538,0.00347949880310899,0.95369270196274,"Raw_anova"
"3","exp_env_factor:gen_factor",1,4.94439293132481,4.94439293132481,12.774987171535,0.00253355234669791,"Raw_anova"
"4","Residuals                ",16,6.19259227731117,0.387037017331948,NA,NA,"Raw_anova"
"5","exp_env_factor           ",1,11.7165165520353,11.7165165520353,3.36108464564111e+32,5.1787253413355e-252,"NoError_anova"
"6","gen_factor               ",1,0.0454293330265948,0.0454293330265948,1.30321869148796e+30,1.0137248100726e-232,"NoError_anova"
"7","exp_env_factor:gen_factor",1,7.23805411493813,7.23805411493813,2.07636053275681e+32,2.441385469513e-250,"NoError_anova"
"8","Residuals                ",16,5.57749311894544e-31,3.4859331993409e-32,NA,NA,"NoError_anova"
