"","Fixed_effect","Df","Sum Sq","Mean Sq","F value","Pr(>F)","data_class"
"1","exp_env_factor           ",6,64.9622362301067,10.8270393716845,74.0196733602688,1.01991063930958e-47,"Raw_anova"
"2","gen_factor               ",6,34.6311600269249,5.77186000448748,39.4596507454,2.93136949586719e-31,"Raw_anova"
"3","exp_env_factor:gen_factor",36,115.737202480935,3.2149222911371,21.9789999555153,3.25894420423777e-51,"Raw_anova"
"4","Residuals                ",196,28.6694012620329,0.146272455418535,NA,NA,"Raw_anova"
"5","exp_env_factor           ",6,66.3471631721502,11.0578605286917,2.65936281012095e+29,0,"NoError_anova"
"6","gen_factor               ",6,35.6920808117598,5.9486801352933,1.43062925057312e+29,0,"NoError_anova"
"7","exp_env_factor:gen_factor",36,141.96075601609,3.94335433378028,9.48357942766102e+28,0,"NoError_anova"
"8","Residuals                ",196,8.14984948791174e-27,4.15808647342436e-29,NA,NA,"NoError_anova"
