"","Fixed_effect","Df","Sum Sq","Mean Sq","F value","Pr(>F)","data_class"
"1","exp_env_factor           ",1,8.24211835266091,8.24211835266091,9.55591678866491,0.0031036490265052,"Raw_anova"
"2","gen_factor               ",1,0.563002398663156,0.563002398663156,0.652745306879386,0.422551634104564,"Raw_anova"
"3","exp_env_factor:gen_factor",1,1.89405809706174,1.89405809706174,2.1959720540261,0.143977467356639,"Raw_anova"
"4","Residuals                ",56,48.3008211516142,0.862514663421682,NA,NA,"Raw_anova"
"5","exp_env_factor           ",1,33.4863578548657,33.4863578548657,2.88705974062468e+31,0,"NoError_anova"
"6","gen_factor               ",1,23.4040013932463,23.4040013932463,2.01779932248282e+31,0,"NoError_anova"
"7","exp_env_factor:gen_factor",1,2.10964075188816,2.10964075188816,1.81884781508792e+30,0,"NoError_anova"
"8","Residuals                ",56,6.49531429324262e-29,1.15987755236475e-30,NA,NA,"NoError_anova"
