"","Fixed_effect","Df","Sum Sq","Mean Sq","F value","Pr(>F)","data_class"
"1","exp_env_factor           ",2,9.30229586767294,4.65114793383647,6.14592459155475,0.00327320610777307,"Raw_anova"
"2","gen_factor               ",2,13.3108476150046,6.65542380750232,8.79433065290793,0.000349664061491966,"Raw_anova"
"3","exp_env_factor:gen_factor",4,5.08721363552643,1.27180340888161,1.68053305494872,0.162508770869304,"Raw_anova"
"4","Residuals                ",81,61.299642881796,0.756785714590073,NA,NA,"Raw_anova"
"5","exp_env_factor           ",2,2.62372670943518,1.31186335471759,1.752520995265e+30,0,"NoError_anova"
"6","gen_factor               ",2,71.5541325079752,35.7770662539876,4.77946575255912e+31,0,"NoError_anova"
"7","exp_env_factor:gen_factor",4,14.8221407825897,3.70553519564742,4.95023220651172e+30,0,"NoError_anova"
"8","Residuals                ",81,6.06331861468265e-29,7.48557853664525e-31,NA,NA,"NoError_anova"
