"","Fixed_effect","Df","Sum Sq","Mean Sq","F value","Pr(>F)","data_class"
"1","exp_env_factor           ",6,17.1896432402756,2.86494054004593,5.44796539236003,1.88327355906719e-05,"Raw_anova"
"2","gen_factor               ",6,102.215375162059,17.0358958603431,32.3954266337098,2.52765297032603e-32,"Raw_anova"
"3","exp_env_factor:gen_factor",36,137.6847752788,3.82457709107777,7.27280840260325,5.2388060477555e-27,"Raw_anova"
"4","Residuals                ",441,231.910206318866,0.525873483716248,NA,NA,"Raw_anova"
"5","exp_env_factor           ",6,18.0301617680338,3.00502696133896,2.56054701097791e+28,0,"NoError_anova"
"6","gen_factor               ",6,232.297484953247,38.7162474922078,3.29896447079736e+29,0,"NoError_anova"
"7","exp_env_factor:gen_factor",36,238.672353278719,6.62978759107553,5.64916156099408e+28,0,"NoError_anova"
"8","Residuals                ",441,5.17552259055912e-26,1.17358788901567e-28,NA,NA,"NoError_anova"
