"","Fixed_effect","Df","Sum Sq","Mean Sq","F value","Pr(>F)","data_class"
"1","exp_env_factor           ",1,0.604337664929341,0.604337664929341,0.768400303572855,0.386524485459007,"Raw_anova"
"2","gen_factor               ",1,9.86390056436235,9.86390056436235,12.5417041298504,0.00112120952138323,"Raw_anova"
"3","exp_env_factor:gen_factor",1,0.218191569999121,0.218191569999121,0.277425152119163,0.601624467301627,"Raw_anova"
"4","Residuals                ",36,28.3135702007092,0.786488061130811,NA,NA,"Raw_anova"
"5","exp_env_factor           ",1,4.0854304953507,4.0854304953507,7.04071439196674e+30,0,"NoError_anova"
"6","gen_factor               ",1,34.8617574132219,34.8617574132219,6.00797584068199e+31,0,"NoError_anova"
"7","exp_env_factor:gen_factor",1,0.0528120914273542,0.0528120914273542,9.10148520714259e+28,0,"NoError_anova"
"8","Residuals                ",36,2.08892861781802e-29,5.80257949393894e-31,NA,NA,"NoError_anova"
