"","row","aov_coefs"
"(Intercept)",18456,0.361800162849233
"exp_env_factorE_2",18456,-0.634812519178612
"gen_factorG_2",18456,-0.846710439963326
"exp_env_factorE_2:gen_factorG_2",18456,1.51584526688695
