"","Fixed_effect","Df","Sum Sq","Mean Sq","F value","Pr(>F)","data_class"
"1","exp_env_factor           ",1,8.57702650487424,8.57702650487424,12.0858437309032,0.00134432557151873,"Raw_anova"
"2","gen_factor               ",1,0.291684182813884,0.291684182813884,0.411010674883825,0.525517622471352,"Raw_anova"
"3","exp_env_factor:gen_factor",1,4.58297336098554,4.58297336098554,6.4578440829449,0.0154979809702427,"Raw_anova"
"4","Residuals                ",36,25.5483159513263,0.709675443092398,NA,NA,"Raw_anova"
"5","exp_env_factor           ",1,18.4469979531134,18.4469979531134,5.18053248613067e+31,0,"NoError_anova"
"6","gen_factor               ",1,5.74946773996026,5.74946773996026,1.61464236514415e+31,0,"NoError_anova"
"7","exp_env_factor:gen_factor",1,14.8035343069264,14.8035343069264,4.15732633469709e+31,0,"NoError_anova"
"8","Residuals                ",36,1.28189897098415e-29,3.56083047495596e-31,NA,NA,"NoError_anova"
