"","Fixed_effect","Df","Sum Sq","Mean Sq","F value","Pr(>F)","data_class"
"1","exp_env_factor           ",6,87.1539277696643,14.5256546282774,53.4848570149143,4.15941988008236e-54,"Raw_anova"
"2","gen_factor               ",6,82.1771848556523,13.696197475942,50.4307160258886,2.09029289987189e-51,"Raw_anova"
"3","exp_env_factor:gen_factor",36,378.361965544086,10.5100545984468,38.6990315963155,4.14290770047758e-140,"Raw_anova"
"4","Residuals                ",686,186.306921830597,0.271584434155389,NA,NA,"Raw_anova"
"5","exp_env_factor           ",6,118.426935511437,19.7378225852395,5.62804133811553e+28,0,"NoError_anova"
"6","gen_factor               ",6,115.126687433272,19.1877812388787,5.47120258745684e+28,0,"NoError_anova"
"7","exp_env_factor:gen_factor",36,500.44637705529,13.9012882515358,3.96381235036589e+28,0,"NoError_anova"
"8","Residuals                ",686,2.40583632564576e-25,3.5070500373845e-28,NA,NA,"NoError_anova"
