"","Fixed_effect","Df","Sum Sq","Mean Sq","F value","Pr(>F)","data_class"
"1","exp_env_factor           ",9,115.252512543595,12.8058347270661,440.005399314608,0,"Raw_anova"
"2","gen_factor               ",9,175.743496752312,19.5270551947013,670.944917024662,0,"Raw_anova"
"3","exp_env_factor:gen_factor",81,681.810559277314,8.41741431206561,289.220329991363,0,"Raw_anova"
"4","Residuals                ",900,26.1934314267786,0.0291038126964207,NA,NA,"Raw_anova"
"5","exp_env_factor           ",9,118.341398214572,13.1490442460635,1.15385373866788e+29,0,"NoError_anova"
"6","gen_factor               ",9,182.901731630995,20.3224146256661,1.78333068592446e+29,0,"NoError_anova"
"7","exp_env_factor:gen_factor",81,697.756870154431,8.61428234758557,7.55919723646678e+28,0,"NoError_anova"
"8","Residuals                ",900,1.0256187092759e-25,1.13957634363989e-28,NA,NA,"NoError_anova"
