"","row","aov_coefs"
"(Intercept)",26554,0.0613309307961002
"exp_env_factorE_2",26554,-0.0332369825811167
"gen_factorG_2",26554,0.30599063381892
"exp_env_factorE_2:gen_factorG_2",26554,-0.790831025660008
