"","Fixed_effect","Df","Sum Sq","Mean Sq","F value","Pr(>F)","data_class"
"1","exp_env_factor           ",9,68.1146485734958,7.56829428594398,152.882321597669,1.3981221892417e-123,"Raw_anova"
"2","gen_factor               ",9,31.5386227603158,3.50429141781287,70.7879724636255,3.29318488686719e-77,"Raw_anova"
"3","exp_env_factor:gen_factor",81,379.545108160029,4.68574207604975,94.6537092677302,4.12153528010917e-217,"Raw_anova"
"4","Residuals                ",400,19.801620506159,0.0495040512653975,NA,NA,"Raw_anova"
"5","exp_env_factor           ",9,76.1486389621109,8.46095988467899,4.63205722457062e+28,0,"NoError_anova"
"6","gen_factor               ",9,31.5117888726762,3.5013098747418,1.9168354325998e+28,0,"NoError_anova"
"7","exp_env_factor:gen_factor",81,391.339572165213,4.8313527427804,2.64498386491217e+28,0,"NoError_anova"
"8","Residuals                ",400,7.30643813275713e-26,1.82660953318928e-28,NA,NA,"NoError_anova"
