"","Fixed_effect","Df","Sum Sq","Mean Sq","F value","Pr(>F)","data_class"
"1","exp_env_factor           ",9,304.05690363107,33.7841004034522,505.60091594181,0,"Raw_anova"
"2","gen_factor               ",9,364.629649781567,40.5144055312853,606.324285709339,0,"Raw_anova"
"3","exp_env_factor:gen_factor",81,270.175718580148,3.33550269852035,49.917955468956,1.26770554221895e-278,"Raw_anova"
"4","Residuals                ",900,60.1377280072143,0.0668196977857937,NA,NA,"Raw_anova"
"5","exp_env_factor           ",9,334.307644531412,37.1452938368236,1.85361057561416e+29,0,"NoError_anova"
"6","gen_factor               ",9,388.662610064142,43.1847344515714,2.15498848484454e+29,0,"NoError_anova"
"7","exp_env_factor:gen_factor",81,276.029745404445,3.40777463462278,1.70053496677e+28,0,"NoError_anova"
"8","Residuals                ",900,1.80354843098932e-25,2.00394270109924e-28,NA,NA,"NoError_anova"
