"","Fixed_effect","Df","Sum Sq","Mean Sq","F value","Pr(>F)","data_class"
"1","exp_env_factor           ",2,12.3130897558251,6.15654487791256,28.5875043905835,5.7912513904366e-11,"Raw_anova"
"2","gen_factor               ",2,17.3878395127547,8.69391975637737,40.3696349389867,2.82941542558232e-14,"Raw_anova"
"3","exp_env_factor:gen_factor",4,77.1639754807658,19.2909938701914,89.5764398536802,6.8944764374775e-36,"Raw_anova"
"4","Residuals                ",126,27.1350952506543,0.215357898814717,NA,NA,"Raw_anova"
"5","exp_env_factor           ",2,22.0227206890082,11.0113603445041,1.28928021894322e+30,0,"NoError_anova"
"6","gen_factor               ",2,17.6622817005778,8.83114085028892,1.03400623108857e+30,0,"NoError_anova"
"7","exp_env_factor:gen_factor",4,94.3149976104139,23.5787494026035,2.76075019262888e+30,0,"NoError_anova"
"8","Residuals                ",126,1.07612866700519e-27,8.54070370639038e-30,NA,NA,"NoError_anova"
