"","Fixed_effect","Df","Sum Sq","Mean Sq","F value","Pr(>F)","data_class"
"1","exp_env_factor           ",4,53.2300987023407,13.3075246755852,33.5028845046167,6.37154152663731e-22,"Raw_anova"
"2","gen_factor               ",4,58.5092583784945,14.6273145946236,36.82557375794,1.1294861277963e-23,"Raw_anova"
"3","exp_env_factor:gen_factor",16,47.8894411172999,2.99309006983125,7.53537215718607,4.44742355636129e-14,"Raw_anova"
"4","Residuals                ",225,89.3712018018649,0.397205341341622,NA,NA,"Raw_anova"
"5","exp_env_factor           ",4,106.866575371134,26.7166438427835,1.50631347776133e+30,0,"NoError_anova"
"6","gen_factor               ",4,79.0524515235942,19.7631128808985,1.11426582882929e+30,0,"NoError_anova"
"7","exp_env_factor:gen_factor",16,63.0809731052714,3.94256081907946,2.22285872941982e+29,0,"NoError_anova"
"8","Residuals                ",225,3.99069978020786e-27,1.77364434675905e-29,NA,NA,"NoError_anova"
