"","Fixed_effect","Df","Sum Sq","Mean Sq","F value","Pr(>F)","data_class"
"1","exp_env_factor           ",9,38.4235394628684,4.26928216254094,176.252114957428,4.3324340487288e-223,"Raw_anova"
"2","gen_factor               ",9,225.546315401662,25.0607017112957,1034.60055127962,0,"Raw_anova"
"3","exp_env_factor:gen_factor",81,1201.11852354159,14.828623747427,612.181673144891,0,"Raw_anova"
"4","Residuals                ",1400,33.9116215938799,0.0242225868527714,NA,NA,"Raw_anova"
"5","exp_env_factor           ",9,42.24655120019,4.69406124446556,8.58121293552679e+26,0,"NoError_anova"
"6","gen_factor               ",9,229.714140352594,25.5237933725104,4.666004435075e+27,0,"NoError_anova"
"7","exp_env_factor:gen_factor",81,1227.03930844722,15.14863343762,2.76932154142055e+27,0,"NoError_anova"
"8","Residuals                ",1400,7.65822476569083e-24,5.47016054692202e-27,NA,NA,"NoError_anova"
