"","Fixed_effect","Df","Sum Sq","Mean Sq","F value","Pr(>F)","data_class"
"1","exp_env_factor           ",6,113.071965978441,18.8453276630734,80.7415228258558,7.09586357953192e-68,"Raw_anova"
"2","gen_factor               ",6,29.1755922409381,4.86259870682301,20.8334729700262,1.57123427297329e-21,"Raw_anova"
"3","exp_env_factor:gen_factor",36,243.821642254581,6.77282339596059,29.0177005461129,4.86034785400733e-94,"Raw_anova"
"4","Residuals                ",441,102.93079952604,0.233403173528436,NA,NA,"Raw_anova"
"5","exp_env_factor           ",6,141.388623324165,23.5647705540275,7.74066047650868e+29,0,"NoError_anova"
"6","gen_factor               ",6,27.0868874730384,4.51448124550641,1.48293684714272e+29,0,"NoError_anova"
"7","exp_env_factor:gen_factor",36,320.524489202797,8.90345803341103,2.92464743272025e+29,0,"NoError_anova"
"8","Residuals                ",441,1.34252934176146e-26,3.04428422168131e-29,NA,NA,"NoError_anova"
