"","Fixed_effect","Df","Sum Sq","Mean Sq","F value","Pr(>F)","data_class"
"1","exp_env_factor           ",1,0.295215025143611,0.295215025143611,0.288976335713597,0.59300715251074,"Raw_anova"
"2","gen_factor               ",1,1.1377995586264,1.1377995586264,1.11375478625607,0.295799088468374,"Raw_anova"
"3","exp_env_factor:gen_factor",1,0.358005424086066,0.358005424086066,0.350439804233055,0.556246851555328,"Raw_anova"
"4","Residuals                ",56,57.2089799921439,1.02158892843114,NA,NA,"Raw_anova"
"5","exp_env_factor           ",1,4.43392194784642,4.43392194784642,1.17752639024358e+30,0,"NoError_anova"
"6","gen_factor               ",1,49.4676872478981,49.4676872478981,1.31372423520012e+31,0,"NoError_anova"
"7","exp_env_factor:gen_factor",1,5.09839080425533,5.09839080425533,1.35399084386268e+30,0,"NoError_anova"
"8","Residuals                ",56,2.10865447379091e-28,3.76545441748378e-30,NA,NA,"NoError_anova"
