"","Fixed_effect","Df","Sum Sq","Mean Sq","F value","Pr(>F)","data_class"
"1","exp_env_factor           ",6,39.6908975541883,6.61514959236471,118.391663748626,2.04867285308002e-62,"Raw_anova"
"2","gen_factor               ",6,9.59881468515393,1.59980244752565,28.6317445716265,1.80160460734616e-24,"Raw_anova"
"3","exp_env_factor:gen_factor",36,183.758762298051,5.10441006383474,91.3538827013281,1.06211899912456e-103,"Raw_anova"
"4","Residuals                ",196,10.951525462607,0.0558751299112603,NA,NA,"Raw_anova"
"5","exp_env_factor           ",6,40.7492190626836,6.79153651044727,2.93176986376072e+29,0,"NoError_anova"
"6","gen_factor               ",6,10.2627653886288,1.7104608981048,7.3837160508388e+28,0,"NoError_anova"
"7","exp_env_factor:gen_factor",36,192.988015548688,5.36077820968577,2.31414025048462e+29,0,"NoError_anova"
"8","Residuals                ",196,4.54040125216428e-27,2.31653125110423e-29,NA,NA,"NoError_anova"
