"","Fixed_effect","Df","Sum Sq","Mean Sq","F value","Pr(>F)","data_class"
"1","exp_env_factor           ",9,42.9452421227467,4.77169356919408,48.8702043936638,4.00138009607386e-59,"Raw_anova"
"2","gen_factor               ",9,42.5828166804,4.7314240756,48.4577767399943,9.56896854278417e-59,"Raw_anova"
"3","exp_env_factor:gen_factor",81,374.415885439389,4.62241833875789,47.3413738188286,5.86438382098344e-162,"Raw_anova"
"4","Residuals                ",400,39.0560557574648,0.097640139393662,NA,NA,"Raw_anova"
"5","exp_env_factor           ",9,42.818683466352,4.75763149626133,1.97148688973087e+28,0,"NoError_anova"
"6","gen_factor               ",9,46.6982392301648,5.18869324779608,2.15011202967351e+28,0,"NoError_anova"
"7","exp_env_factor:gen_factor",81,409.483077303483,5.05534663337633,2.09485531163532e+28,0,"NoError_anova"
"8","Residuals                ",400,9.65287980567965e-26,2.41321995141991e-28,NA,NA,"NoError_anova"
