"","Fixed_effect","Df","Sum Sq","Mean Sq","F value","Pr(>F)","data_class"
"1","exp_env_factor           ",6,26.1954038904092,4.36590064840154,17.0946938070292,1.82763473669189e-18,"Raw_anova"
"2","gen_factor               ",6,286.409970201766,47.7349950336276,186.906480402546,1.11343745903802e-140,"Raw_anova"
"3","exp_env_factor:gen_factor",36,246.193602794329,6.83871118873137,26.7769890386465,1.12639079617724e-106,"Raw_anova"
"4","Residuals                ",686,175.201023113496,0.255395077424921,NA,NA,"Raw_anova"
"5","exp_env_factor           ",6,44.2856080161259,7.38093466935432,1.59773743587573e+29,0,"NoError_anova"
"6","gen_factor               ",6,355.336448499679,59.2227414166132,1.28198385780846e+30,0,"NoError_anova"
"7","exp_env_factor:gen_factor",36,334.377943484195,9.2882762078943,2.01061617219337e+29,0,"NoError_anova"
"8","Residuals                ",686,3.16905711131556e-26,4.61961678034339e-29,NA,NA,"NoError_anova"
