"","row","aov_coefs"
"(Intercept)",7609,-0.305034194746348
"exp_env_factorE_2",7609,0.802806771674696
"gen_factorG_2",7609,0.0375928666484913
"exp_env_factorE_2:gen_factorG_2",7609,-0.460662497660981
