"","Fixed_effect","Df","Sum Sq","Mean Sq","F value","Pr(>F)","data_class"
"1","exp_env_factor           ",4,5.62805602162801,1.407014005407,2.21245477379409,0.0729804975977073,"Raw_anova"
"2","gen_factor               ",4,34.4596142383223,8.61490355958056,13.5464781678959,7.35554574669471e-09,"Raw_anova"
"3","exp_env_factor:gen_factor",16,20.3171764256097,1.26982352660061,1.99673003431894,0.0202357740934552,"Raw_anova"
"4","Residuals                ",100,63.5951533144401,0.635951533144401,NA,NA,"Raw_anova"
"5","exp_env_factor           ",4,30.6155174264639,7.65387935661597,1.76679119834993e+30,0,"NoError_anova"
"6","gen_factor               ",4,75.6922994749336,18.9230748687334,4.3681276599814e+30,0,"NoError_anova"
"7","exp_env_factor:gen_factor",16,17.6921830986025,1.10576144366266,2.5524959241083e+29,0,"NoError_anova"
"8","Residuals                ",100,4.33207917481376e-28,4.33207917481376e-30,NA,NA,"NoError_anova"
