"","Fixed_effect","Df","Sum Sq","Mean Sq","F value","Pr(>F)","data_class"
"1","exp_env_factor           ",9,304.968965252071,33.8854405835634,327.763619627889,0,"Raw_anova"
"2","gen_factor               ",9,130.209300634737,14.4677000705263,139.94168767298,4.96399446932103e-188,"Raw_anova"
"3","exp_env_factor:gen_factor",81,919.084447922468,11.3467215792897,109.753406527695,0,"Raw_anova"
"4","Residuals                ",1400,144.737286190722,0.103383775850516,NA,NA,"Raw_anova"
"5","exp_env_factor           ",9,343.289747949243,38.1433053276937,7.31594609255975e+28,0,"NoError_anova"
"6","gen_factor               ",9,144.078016895902,16.0086685439891,3.07048786347439e+28,0,"NoError_anova"
"7","exp_env_factor:gen_factor",81,1011.63223515485,12.4892868537636,2.39546490718806e+28,0,"NoError_anova"
"8","Residuals                ",1400,7.29921007934697e-25,5.21372148524784e-28,NA,NA,"NoError_anova"
