"","Fixed_effect","Df","Sum Sq","Mean Sq","F value","Pr(>F)","data_class"
"1","exp_env_factor           ",2,3.44174582232498,1.72087291116249,2.86912944878894,0.062533091996337,"Raw_anova"
"2","gen_factor               ",2,19.2113674513788,9.60568372568939,16.0150990083926,1.37805478303918e-06,"Raw_anova"
"3","exp_env_factor:gen_factor",4,17.7639599911506,4.44098999778765,7.40425112265978,3.91147908220041e-05,"Raw_anova"
"4","Residuals                ",81,48.5829267351456,0.599789218952415,NA,NA,"Raw_anova"
"5","exp_env_factor           ",2,15.7727175338006,7.88635876690028,4.5708339471666e+30,0,"NoError_anova"
"6","gen_factor               ",2,47.7597521310127,23.8798760655063,1.38404745967763e+31,0,"NoError_anova"
"7","exp_env_factor:gen_factor",4,25.4675303351867,6.36688258379668,3.69016474038501e+30,0,"NoError_anova"
"8","Residuals                ",81,1.39754597848584e-28,1.72536540553807e-30,NA,NA,"NoError_anova"
