"","Fixed_effect","Df","Sum Sq","Mean Sq","F value","Pr(>F)","data_class"
"1","exp_env_factor           ",4,36.072937516008,9.01823437900201,124.463201753043,5.91359148098285e-66,"Raw_anova"
"2","gen_factor               ",4,30.1414785901789,7.53536964754473,103.997766448592,2.85235566133207e-58,"Raw_anova"
"3","exp_env_factor:gen_factor",16,282.425622168631,17.6516013855395,243.614740112334,1.23041177936659e-178,"Raw_anova"
"4","Residuals                ",350,25.3599617251814,0.0724570335005182,NA,NA,"Raw_anova"
"5","exp_env_factor           ",4,37.7917193151591,9.44792982878978,5.94195937320978e+28,0,"NoError_anova"
"6","gen_factor               ",4,29.5136678940107,7.37841697350267,4.64040850108327e+28,0,"NoError_anova"
"7","exp_env_factor:gen_factor",16,306.69461279083,19.1684132994269,1.20553322408279e+29,0,"NoError_anova"
"8","Residuals                ",350,5.56512630326205e-26,1.5900360866463e-28,NA,NA,"NoError_anova"
