"","Fixed_effect","Df","Sum Sq","Mean Sq","F value","Pr(>F)","data_class"
"1","exp_env_factor           ",6,11.7517724368215,1.95862873947025,29.3472213886168,5.92761048320841e-25,"Raw_anova"
"2","gen_factor               ",6,26.5857548127042,4.4309591354507,66.3915197870305,1.36893306943889e-44,"Raw_anova"
"3","exp_env_factor:gen_factor",36,192.581464914922,5.34948513652562,80.1543046178287,1.59311564861764e-98,"Raw_anova"
"4","Residuals                ",196,13.0810078355518,0.0667398358956723,NA,NA,"Raw_anova"
"5","exp_env_factor           ",6,12.9706424868344,2.16177374780574,5.08452846258657e+28,0,"NoError_anova"
"6","gen_factor               ",6,26.3662232950323,4.39437054917205,1.03356339464741e+29,0,"NoError_anova"
"7","exp_env_factor:gen_factor",36,204.663134218133,5.68508706161481,1.33714210408946e+29,0,"NoError_anova"
"8","Residuals                ",196,8.33327333473867e-27,4.25167006874422e-29,NA,NA,"NoError_anova"
