"","Fixed_effect","Df","Sum Sq","Mean Sq","F value","Pr(>F)","data_class"
"1","exp_env_factor           ",4,35.7483806782601,8.93709516956503,26.0504053916253,9.32513476477763e-18,"Raw_anova"
"2","gen_factor               ",4,50.7001694201309,12.6750423550327,36.9460082319672,9.78452510751967e-24,"Raw_anova"
"3","exp_env_factor:gen_factor",16,85.3608502574829,5.33505314109268,15.5509474246868,2.77015189411804e-28,"Raw_anova"
"4","Residuals                ",225,77.190599644126,0.343069331751671,NA,NA,"Raw_anova"
"5","exp_env_factor           ",4,55.5437567929699,13.8859391982425,5.48698080592341e+29,0,"NoError_anova"
"6","gen_factor               ",4,74.5098778474126,18.6274694618532,7.36058007607071e+29,0,"NoError_anova"
"7","exp_env_factor:gen_factor",16,118.946365359617,7.43414783497609,2.93757778257259e+29,0,"NoError_anova"
"8","Residuals                ",225,5.69409012007425e-27,2.530706720033e-29,NA,NA,"NoError_anova"
