"","Fixed_effect","Df","Sum Sq","Mean Sq","F value","Pr(>F)","data_class"
"1","exp_env_factor           ",1,0.239696823110476,0.239696823110476,0.256703395957993,0.615483366593639,"Raw_anova"
"2","gen_factor               ",1,1.25299366988582,1.25299366988582,1.34189400593478,0.254327362923719,"Raw_anova"
"3","exp_env_factor:gen_factor",1,3.89230570164229,3.89230570164229,4.16846614298981,0.0485633328750102,"Raw_anova"
"4","Residuals                ",36,33.6150038053614,0.933750105704484,NA,NA,"Raw_anova"
"5","exp_env_factor           ",1,34.7407985118994,34.7407985118994,3.68758853103223e+32,0,"NoError_anova"
"6","gen_factor               ",1,3.8278928724791,3.8278928724791,4.06314605858557e+31,0,"NoError_anova"
"7","exp_env_factor:gen_factor",1,0.431308615621478,0.431308615621478,4.57815816684921e+30,0,"NoError_anova"
"8","Residuals                ",36,3.39156263206592e-30,9.42100731129423e-32,NA,NA,"NoError_anova"
