"","Fixed_effect","Df","Sum Sq","Mean Sq","F value","Pr(>F)","data_class"
"1","exp_env_factor           ",9,636.420821440413,70.7134246044903,339.624680854619,2.81806194250496e-282,"Raw_anova"
"2","gen_factor               ",9,22.8823063079502,2.54247847866113,12.2110963614707,2.3363926940301e-18,"Raw_anova"
"3","exp_env_factor:gen_factor",81,152.3074222744,1.88033854659753,9.0309496726916,2.98890488431418e-72,"Raw_anova"
"4","Residuals                ",900,187.389449977236,0.208210499974707,NA,NA,"Raw_anova"
"5","exp_env_factor           ",9,802.08542075801,89.1206023064456,2.79662337072345e+30,0,"NoError_anova"
"6","gen_factor               ",9,24.129312074164,2.68103467490712,8.41314357793889e+28,0,"NoError_anova"
"7","exp_env_factor:gen_factor",81,172.785267167826,2.13315144651638,6.69387440639949e+28,0,"NoError_anova"
"8","Residuals                ",900,2.86804948122321e-26,3.18672164580357e-29,NA,NA,"NoError_anova"
