"","Fixed_effect","Df","Sum Sq","Mean Sq","F value","Pr(>F)","data_class"
"1","exp_env_factor           ",6,94.4442425365058,15.7407070894176,438.785394310089,1.04299275469233e-110,"Raw_anova"
"2","gen_factor               ",6,20.1954565136882,3.36590941894803,93.827544291074,6.56943138330318e-55,"Raw_anova"
"3","exp_env_factor:gen_factor",36,122.329122087582,3.39803116909949,94.7229649812673,3.84287719490385e-105,"Raw_anova"
"4","Residuals                ",196,7.03117886222431,0.0358733615419608,NA,NA,"Raw_anova"
"5","exp_env_factor           ",6,91.6513891625698,15.275231527095,4.17126258061432e+29,0,"NoError_anova"
"6","gen_factor               ",6,23.1564589561606,3.85940982602677,1.05390296454788e+29,0,"NoError_anova"
"7","exp_env_factor:gen_factor",36,129.19215188127,3.58867088559083,9.79971305354866e+28,0,"NoError_anova"
"8","Residuals                ",196,7.17755193169759e-27,3.66201629168244e-29,NA,NA,"NoError_anova"
