"","Fixed_effect","Df","Sum Sq","Mean Sq","F value","Pr(>F)","data_class"
"1","exp_env_factor           ",1,11.6547720396839,11.6547720396839,15.0955963282231,0.000272681716432956,"Raw_anova"
"2","gen_factor               ",1,0.744229068076045,0.744229068076045,0.963946917979391,0.330417295882827,"Raw_anova"
"3","exp_env_factor:gen_factor",1,3.36539428071152,3.36539428071152,4.35895557407315,0.0413759213899384,"Raw_anova"
"4","Residuals                ",56,43.2356046115286,0.77206436806301,NA,NA,"Raw_anova"
"5","exp_env_factor           ",1,51.8076847700458,51.8076847700458,6.3202972247048e+31,0,"NoError_anova"
"6","gen_factor               ",1,5.89573655642057,5.89573655642057,7.19252511679121e+30,0,"NoError_anova"
"7","exp_env_factor:gen_factor",1,1.29657867353353,1.29657867353353,1.58176583808343e+30,0,"NoError_anova"
"8","Residuals                ",56,4.59033846665031e-29,8.19703297616127e-31,NA,NA,"NoError_anova"
