"","Fixed_effect","Df","Sum Sq","Mean Sq","F value","Pr(>F)","data_class"
"1","exp_env_factor           ",1,0.724798088386334,0.724798088386334,0.712108948777327,0.404317305638353,"Raw_anova"
"2","gen_factor               ",1,1.34656829762989,1.34656829762989,1.32299374163219,0.257638996073076,"Raw_anova"
"3","exp_env_factor:gen_factor",1,0.287146062523292,0.287146062523292,0.282118956997052,0.598577806284863,"Raw_anova"
"4","Residuals                ",36,36.6414875514605,1.01781909865168,NA,NA,"Raw_anova"
"5","exp_env_factor           ",1,0.714378204268825,0.714378204268825,2.1094005656816e+30,0,"NoError_anova"
"6","gen_factor               ",1,36.7110417506162,36.7110417506162,1.08399572905181e+32,0,"NoError_anova"
"7","exp_env_factor:gen_factor",1,1.57458004511492,1.57458004511492,4.6493860227383e+30,0,"NoError_anova"
"8","Residuals                ",36,1.21919069199489e-29,3.38664081109693e-31,NA,NA,"NoError_anova"
