"","Fixed_effect","Df","Sum Sq","Mean Sq","F value","Pr(>F)","data_class"
"1","exp_env_factor           ",4,7.87206906603793,1.96801726650948,8.08255992710263,1.09178361301146e-05,"Raw_anova"
"2","gen_factor               ",4,52.6740266184131,13.1685066546033,54.0824747818685,3.46300398282806e-24,"Raw_anova"
"3","exp_env_factor:gen_factor",16,39.1049692719586,2.44406057949741,10.0376487724082,1.54863599268243e-14,"Raw_anova"
"4","Residuals                ",100,24.3489350435903,0.243489350435903,NA,NA,"Raw_anova"
"5","exp_env_factor           ",4,6.63993118511559,1.6599827962789,5.09037373890668e+29,0,"NoError_anova"
"6","gen_factor               ",4,67.3279643730447,16.8319910932612,5.16156707326817e+30,0,"NoError_anova"
"7","exp_env_factor:gen_factor",16,50.0321044418397,3.12700652761498,9.58903426303143e+29,0,"NoError_anova"
"8","Residuals                ",100,3.26102341679028e-28,3.26102341679028e-30,NA,NA,"NoError_anova"
