"","Fixed_effect","Df","Sum Sq","Mean Sq","F value","Pr(>F)","data_class"
"1","exp_env_factor           ",9,41.9313111544144,4.65903457271271,177.397482673382,1.05142541435074e-133,"Raw_anova"
"2","gen_factor               ",9,122.460785171357,13.6067539079286,518.091002105893,2.59424719931685e-214,"Raw_anova"
"3","exp_env_factor:gen_factor",81,324.102603367819,4.00126670824467,152.35230184912,1.74944440293731e-256,"Raw_anova"
"4","Residuals                ",400,10.5053003064103,0.0262632507660256,NA,NA,"Raw_anova"
"5","exp_env_factor           ",9,42.296667635966,4.69962973732955,2.91459263679112e+28,0,"NoError_anova"
"6","gen_factor               ",9,124.872416234589,13.8747129149544,8.60474938659642e+28,0,"NoError_anova"
"7","exp_env_factor:gen_factor",81,331.830916129445,4.09667797690673,2.54065705899236e+28,0,"NoError_anova"
"8","Residuals                ",400,6.44979291857911e-26,1.61244822964478e-28,NA,NA,"NoError_anova"
