"","Fixed_effect","Df","Sum Sq","Mean Sq","F value","Pr(>F)","data_class"
"1","exp_env_factor           ",2,3.92750583614076,1.96375291807038,1.83226810371198,0.174663502528002,"Raw_anova"
"2","gen_factor               ",2,0.978311828099846,0.489155914049923,0.456404046969637,0.637173179344487,"Raw_anova"
"3","exp_env_factor:gen_factor",4,0.510797673158612,0.127699418289653,0.119149190736592,0.974808569618797,"Raw_anova"
"4","Residuals                ",36,38.5833846626008,1.07176068507224,NA,NA,"Raw_anova"
"5","exp_env_factor           ",2,23.929279347048,11.964639673524,1.11313089726949e+32,0,"NoError_anova"
"6","gen_factor               ",2,8.34073475706164,4.17036737853082,3.87990353966099e+31,0,"NoError_anova"
"7","exp_env_factor:gen_factor",4,11.7299858958903,2.93249647397258,2.72824967603163e+31,0,"NoError_anova"
"8","Residuals                ",36,3.86950923115546e-30,1.07486367532096e-31,NA,NA,"NoError_anova"
