"","Fixed_effect","Df","Sum Sq","Mean Sq","F value","Pr(>F)","data_class"
"1","exp_env_factor           ",2,0.0984311631124484,0.0492155815562242,0.0466664185419446,0.954463353731279,"Raw_anova"
"2","gen_factor               ",2,3.56562150912205,1.78281075456102,1.69046855127333,0.198744985523755,"Raw_anova"
"3","exp_env_factor:gen_factor",4,2.36943968948207,0.592359922370517,0.561678135068595,0.691931097671155,"Raw_anova"
"4","Residuals                ",36,37.9665076382834,1.05462521217454,NA,NA,"Raw_anova"
"5","exp_env_factor           ",2,8.67214854838932,4.33607427419466,6.90872666158615e+30,0,"NoError_anova"
"6","gen_factor               ",2,26.291561844825,13.1457809224125,2.09453531934505e+31,0,"NoError_anova"
"7","exp_env_factor:gen_factor",4,9.03628960678567,2.25907240169642,3.59941106750351e+30,0,"NoError_anova"
"8","Residuals                ",36,2.25944202915056e-29,6.27622785875155e-31,NA,NA,"NoError_anova"
