"","Fixed_effect","Df","Sum Sq","Mean Sq","F value","Pr(>F)","data_class"
"1","exp_env_factor           ",6,333.468699986366,55.5781166643944,259.212955026704,1.24807491465005e-172,"Raw_anova"
"2","gen_factor               ",6,36.1352589863389,6.02254316438982,28.0887749371594,4.46453049307565e-30,"Raw_anova"
"3","exp_env_factor:gen_factor",36,217.310074479648,6.03639095776799,28.1533602030444,6.23682345300164e-111,"Raw_anova"
"4","Residuals                ",686,147.085966547647,0.214411029952838,NA,NA,"Raw_anova"
"5","exp_env_factor           ",6,441.623366455376,73.6038944092293,2.71012337541566e+29,0,"NoError_anova"
"6","gen_factor               ",6,53.6675903234765,8.94459838724609,3.29343513241349e+28,0,"NoError_anova"
"7","exp_env_factor:gen_factor",36,238.709043221149,6.63080675614303,2.4414882570988e+28,0,"NoError_anova"
"8","Residuals                ",686,1.86309863317522e-25,2.71588722037204e-28,NA,NA,"NoError_anova"
