"","Fixed_effect","Df","Sum Sq","Mean Sq","F value","Pr(>F)","data_class"
"1","exp_env_factor           ",2,3.60546478640757,1.80273239320379,2.60046035743317,0.0804287149430242,"Raw_anova"
"2","gen_factor               ",2,9.59259704972924,4.79629852486462,6.91871085433792,0.00168253401681015,"Raw_anova"
"3","exp_env_factor:gen_factor",4,19.649832852156,4.91245821303901,7.0862724210841,6.06623426493578e-05,"Raw_anova"
"4","Residuals                ",81,56.1521053117071,0.693235868045767,NA,NA,"Raw_anova"
"5","exp_env_factor           ",2,10.1034773615014,5.05173868075068,1.34234216932408e+30,0,"NoError_anova"
"6","gen_factor               ",2,22.0436149643322,11.0218074821661,2.92870195797315e+30,0,"NoError_anova"
"7","exp_env_factor:gen_factor",4,56.8529076741664,14.2132269185416,3.77672224567551e+30,0,"NoError_anova"
"8","Residuals                ",81,3.04833478744729e-28,3.76337628079912e-30,NA,NA,"NoError_anova"
