"","Fixed_effect","Df","Sum Sq","Mean Sq","F value","Pr(>F)","data_class"
"1","exp_env_factor           ",6,118.9977923971,19.8329653995166,90.411163603909,1.87955672123917e-83,"Raw_anova"
"2","gen_factor               ",6,31.4481776888618,5.24136294814364,23.8934376915533,9.7944870001675e-26,"Raw_anova"
"3","exp_env_factor:gen_factor",36,433.070243158747,12.0297289766319,54.8390910137653,4.55231833979859e-176,"Raw_anova"
"4","Residuals                ",686,150.483786755291,0.219364120634535,NA,NA,"Raw_anova"
"5","exp_env_factor           ",6,139.871655347226,23.3119425578709,1.04047987384289e+29,0,"NoError_anova"
"6","gen_factor               ",6,42.0447399531306,7.00745665885511,3.12763194326906e+28,0,"NoError_anova"
"7","exp_env_factor:gen_factor",36,552.083604699641,15.3356556861011,6.84474966166429e+28,0,"NoError_anova"
"8","Residuals                ",686,1.53698240559281e-25,2.24049913351722e-28,NA,NA,"NoError_anova"
