"","Fixed_effect","Df","Sum Sq","Mean Sq","F value","Pr(>F)","data_class"
"1","exp_env_factor           ",2,22.840164487726,11.420082243863,24.1394251016606,5.98108934047126e-09,"Raw_anova"
"2","gen_factor               ",2,20.6069956985938,10.3034978492969,21.7792227154828,2.69792269894786e-08,"Raw_anova"
"3","exp_env_factor:gen_factor",4,7.23267858957261,1.80816964739315,3.82205441627173,0.00675995205666774,"Raw_anova"
"4","Residuals                ",81,38.3201612241076,0.473088410174168,NA,NA,"Raw_anova"
"5","exp_env_factor           ",2,46.4222786991034,23.2111393495517,1.08894137906999e+31,0,"NoError_anova"
"6","gen_factor               ",2,27.4150168360218,13.7075084180109,6.43082310417071e+30,0,"NoError_anova"
"7","exp_env_factor:gen_factor",4,15.162704464875,3.79067611621876,1.77838063674486e+30,0,"NoError_anova"
"8","Residuals                ",81,1.72654132118607e-28,2.13153249529145e-30,NA,NA,"NoError_anova"
