"","Fixed_effect","Df","Sum Sq","Mean Sq","F value","Pr(>F)","data_class"
"1","exp_env_factor           ",6,108.592851541627,18.0988085902712,407.857860526613,1.90814419025753e-176,"Raw_anova"
"2","gen_factor               ",6,191.632592407458,31.938765401243,719.74221172849,3.19883755975108e-224,"Raw_anova"
"3","exp_env_factor:gen_factor",36,169.205055593074,4.70014043314093,105.917978615783,5.2992279190157e-193,"Raw_anova"
"4","Residuals                ",441,19.569500457841,0.0443752844849002,NA,NA,"Raw_anova"
"5","exp_env_factor           ",6,103.597534293935,17.2662557156558,4.03807912095343e+29,0,"NoError_anova"
"6","gen_factor               ",6,206.001271921718,34.3335453202864,8.02962580824323e+29,0,"NoError_anova"
"7","exp_env_factor:gen_factor",36,179.401193784346,4.98336649400962,1.1654656645258e+29,0,"NoError_anova"
"8","Residuals                ",441,1.88565368397397e-26,4.27585869381852e-29,NA,NA,"NoError_anova"
