"","Fixed_effect","Df","Sum Sq","Mean Sq","F value","Pr(>F)","data_class"
"1","exp_env_factor           ",1,4.61572837056304,4.61572837056304,5.56201081556167,0.0239042644204486,"Raw_anova"
"2","gen_factor               ",1,0.215475670002163,0.215475670002163,0.259650895985509,0.613469746914849,"Raw_anova"
"3","exp_env_factor:gen_factor",1,4.29358951874229,4.29358951874229,5.17382944220216,0.0289884000266091,"Raw_anova"
"4","Residuals                ",36,29.8752064406925,0.829866845574792,NA,NA,"Raw_anova"
"5","exp_env_factor           ",1,12.1191163608236,12.1191163608236,3.53959030172937e+32,0,"NoError_anova"
"6","gen_factor               ",1,0.0984084357652194,0.0984084357652194,2.87418269180854e+30,0,"NoError_anova"
"7","exp_env_factor:gen_factor",1,26.7824752034112,26.7824752034112,7.82226910476331e+32,0,"NoError_anova"
"8","Residuals                ",36,1.23259516440783e-30,3.42387545668842e-32,NA,NA,"NoError_anova"
