"","row","aov_coefs"
"(Intercept)",21329,-0.474247176102391
"exp_env_factorE_2",21329,0.246025569180097
"gen_factorG_2",21329,1.20253556269859
"exp_env_factorE_2:gen_factorG_2",21329,-1.00013355934782
