"","Fixed_effect","Df","Sum Sq","Mean Sq","F value","Pr(>F)","data_class"
"1","exp_env_factor           ",9,136.505697356054,15.1672997062282,445.005808699075,0,"Raw_anova"
"2","gen_factor               ",9,36.8145191763984,4.09050213071093,120.014586902034,1.609031180736e-147,"Raw_anova"
"3","exp_env_factor:gen_factor",81,795.004746268572,9.81487341072311,287.966596824376,0,"Raw_anova"
"4","Residuals                ",900,30.6750371989778,0.0340833746655309,NA,NA,"Raw_anova"
"5","exp_env_factor           ",9,143.064435771333,15.896048419037,8.21017879616196e+28,0,"NoError_anova"
"6","gen_factor               ",9,40.2287202297007,4.46985780330008,2.30864494062334e+28,0,"NoError_anova"
"7","exp_env_factor:gen_factor",81,815.706843998967,10.0704548641848,5.20130744535344e+28,0,"NoError_anova"
"8","Residuals                ",900,1.74252521562882e-25,1.93613912847647e-28,NA,NA,"NoError_anova"
