"","Fixed_effect","Df","Sum Sq","Mean Sq","F value","Pr(>F)","data_class"
"1","exp_env_factor           ",2,3.1545737840475,1.57728689202375,3.03667680052588,0.0604389161984771,"Raw_anova"
"2","gen_factor               ",2,12.3973364970419,6.19866824852093,11.9340065270488,0.000105666618492963,"Raw_anova"
"3","exp_env_factor:gen_factor",4,9.74925153401665,2.43731288350416,4.69244468231368,0.00375962996532173,"Raw_anova"
"4","Residuals                ",36,18.698838184894,0.51941217180261,NA,NA,"Raw_anova"
"5","exp_env_factor           ",2,11.5120146509629,5.75600732548143,6.48546406675364e+31,0,"NoError_anova"
"6","gen_factor               ",2,18.9386492555366,9.46932462776828,1.06693687372401e+32,0,"NoError_anova"
"7","exp_env_factor:gen_factor",4,13.5493360935006,3.38733402337514,3.81660964770473e+31,0,"NoError_anova"
"8","Residuals                ",36,3.19508768508304e-30,8.87524356967512e-32,NA,NA,"NoError_anova"
