"","Fixed_effect","Df","Sum Sq","Mean Sq","F value","Pr(>F)","data_class"
"1","exp_env_factor           ",9,267.446456472401,29.7162729413779,114.862800783253,6.40655667346725e-143,"Raw_anova"
"2","gen_factor               ",9,278.616458472725,30.9573842747473,119.660088926214,3.30880792477848e-147,"Raw_anova"
"3","exp_env_factor:gen_factor",81,220.097162426594,2.71724891884684,10.5030271413823,1.15709580616536e-84,"Raw_anova"
"4","Residuals                ",900,232.839922628279,0.258711025142532,NA,NA,"Raw_anova"
"5","exp_env_factor           ",9,368.619676795182,40.9577418661314,2.2456662949158e+29,0,"NoError_anova"
"6","gen_factor               ",9,356.278932618056,39.5865480686729,2.17048530215466e+29,0,"NoError_anova"
"7","exp_env_factor:gen_factor",81,274.101390586758,3.38396778502171,1.85539095947769e+28,0,"NoError_anova"
"8","Residuals                ",900,1.64147129798287e-25,1.82385699775875e-28,NA,NA,"NoError_anova"
