"","Fixed_effect","Df","Sum Sq","Mean Sq","F value","Pr(>F)","data_class"
"1","exp_env_factor           ",6,157.791132607003,26.2985221011672,175.844570531328,3.97505333267124e-135,"Raw_anova"
"2","gen_factor               ",6,275.844732335632,45.9741220559387,307.405097418862,1.15639250293425e-190,"Raw_anova"
"3","exp_env_factor:gen_factor",36,197.769064269057,5.49358511858493,36.7327529713917,4.45118203837915e-135,"Raw_anova"
"4","Residuals                ",686,102.595070788305,0.149555496775955,NA,NA,"Raw_anova"
"5","exp_env_factor           ",6,188.491399641108,31.4152332735181,4.93447031214048e+28,0,"NoError_anova"
"6","gen_factor               ",6,314.889895914283,52.4816493190472,8.24342567321657e+28,0,"NoError_anova"
"7","exp_env_factor:gen_factor",36,230.618704444605,6.40607512346125,1.00621845583136e+28,0,"NoError_anova"
"8","Residuals                ",686,4.36740899476301e-25,6.36648541510643e-28,NA,NA,"NoError_anova"
