"","Fixed_effect","Df","Sum Sq","Mean Sq","F value","Pr(>F)","data_class"
"1","exp_env_factor           ",9,192.259689924855,21.3621877694284,34.4673278172854,1.95533669902727e-52,"Raw_anova"
"2","gen_factor               ",9,5.8468542440324,0.649650471559155,1.04819394022594,0.39934731865873,"Raw_anova"
"3","exp_env_factor:gen_factor",81,243.090742072615,3.00112027250142,4.8422285848195,2.4755911078487e-33,"Raw_anova"
"4","Residuals                ",900,557.802713758496,0.619780793064996,NA,NA,"Raw_anova"
"5","exp_env_factor           ",9,473.34614068102,52.5940156312245,2.00106790880556e+29,0,"NoError_anova"
"6","gen_factor               ",9,20.1974608709752,2.24416231899724,8.53846420509856e+27,0,"NoError_anova"
"7","exp_env_factor:gen_factor",81,505.456398448001,6.24020244997532,2.37423758525143e+28,0,"NoError_anova"
"8","Residuals                ",900,2.36546765153793e-25,2.6282973905977e-28,NA,NA,"NoError_anova"
