"","Fixed_effect","Df","Sum Sq","Mean Sq","F value","Pr(>F)","data_class"
"1","exp_env_factor           ",6,97.4177313082633,16.2362885513772,83.778426953967,1.38775217464722e-78,"Raw_anova"
"2","gen_factor               ",6,63.7103221746495,10.6183870291083,54.7903395084487,3.01160853257105e-55,"Raw_anova"
"3","exp_env_factor:gen_factor",36,439.924905719046,12.2201362699735,63.055284501867,1.60129478854794e-191,"Raw_anova"
"4","Residuals                ",686,132.947040798041,0.193800351017553,NA,NA,"Raw_anova"
"5","exp_env_factor           ",6,106.27552038463,17.7125867307717,1.45088895997915e+29,0,"NoError_anova"
"6","gen_factor               ",6,78.8308399739562,13.1384733289927,1.07621016589853e+29,0,"NoError_anova"
"7","exp_env_factor:gen_factor",36,548.893639641414,15.2470455455948,1.24892938511184e+29,0,"NoError_anova"
"8","Residuals                ",686,8.3747515023369e-26,1.22080925690042e-28,NA,NA,"NoError_anova"
