"","Fixed_effect","Df","Sum Sq","Mean Sq","F value","Pr(>F)","data_class"
"1","exp_env_factor           ",2,7.26379342746231,3.63189671373115,4.10228369654237,0.0200893582138044,"Raw_anova"
"2","gen_factor               ",2,2.80195750197946,1.40097875098973,1.58242723909491,0.211761401079309,"Raw_anova"
"3","exp_env_factor:gen_factor",4,7.22208687656438,1.8055217191411,2.03936479916481,0.0965755385919886,"Raw_anova"
"4","Residuals                ",81,71.7121621939938,0.885335335728319,NA,NA,"Raw_anova"
"5","exp_env_factor           ",2,30.5167374961545,15.2583687480773,3.29188159580128e+30,0,"NoError_anova"
"6","gen_factor               ",2,16.8831319324538,8.44156596622688,1.82120619200964e+30,0,"NoError_anova"
"7","exp_env_factor:gen_factor",4,41.6001305713917,10.4000326428479,2.24373107099262e+30,0,"NoError_anova"
"8","Residuals                ",81,3.75447242747326e-28,4.63515114502871e-30,NA,NA,"NoError_anova"
