"","Fixed_effect","Df","Sum Sq","Mean Sq","F value","Pr(>F)","data_class"
"1","exp_env_factor           ",6,170.406075212691,28.4010125354485,213.176003817728,4.29832755513247e-153,"Raw_anova"
"2","gen_factor               ",6,332.910292856133,55.4850488093556,416.466876385019,7.33280044128183e-225,"Raw_anova"
"3","exp_env_factor:gen_factor",36,139.289224256772,3.86914511824367,29.0415312999344,1.28740416847291e-113,"Raw_anova"
"4","Residuals                ",686,91.3944076744036,0.13322799952537,NA,NA,"Raw_anova"
"5","exp_env_factor           ",6,206.350234696653,34.3917057827755,1.81044527214376e+29,0,"NoError_anova"
"6","gen_factor               ",6,375.356616739311,62.5594361232185,3.29324855453914e+29,0,"NoError_anova"
"7","exp_env_factor:gen_factor",36,152.293148564034,4.23036523788985,2.2269452968555e+28,0,"NoError_anova"
"8","Residuals                ",686,1.30314406792577e-25,1.89962692117459e-28,NA,NA,"NoError_anova"
