"","Fixed_effect","Df","Sum Sq","Mean Sq","F value","Pr(>F)","data_class"
"1","exp_env_factor           ",9,154.269172254496,17.1410191393884,56.3347905851486,1.03785369010861e-65,"Raw_anova"
"2","gen_factor               ",9,156.528635719916,17.3920706355462,57.1598835009857,2.07743171080866e-66,"Raw_anova"
"3","exp_env_factor:gen_factor",81,66.4939619152435,0.820913110064735,2.69797074304824,7.8322466952301e-11,"Raw_anova"
"4","Residuals                ",400,121.708230110345,0.304270575275863,NA,NA,"Raw_anova"
"5","exp_env_factor           ",9,218.261135224924,24.2512372472138,4.74936951281614e+29,0,"NoError_anova"
"6","gen_factor               ",9,219.153125060378,24.3503472289308,4.76877924110276e+29,0,"NoError_anova"
"7","exp_env_factor:gen_factor",81,61.5857397146983,0.760317774255535,1.48900858966127e+28,0,"NoError_anova"
"8","Residuals                ",400,2.04248055930557e-26,5.10620139826391e-29,NA,NA,"NoError_anova"
