"","Fixed_effect","Df","Sum Sq","Mean Sq","F value","Pr(>F)","data_class"
"1","exp_env_factor           ",9,362.689212788922,40.2988014209914,424.191415605136,1.48293462693955e-316,"Raw_anova"
"2","gen_factor               ",9,453.961097103331,50.4401219003701,530.940523235226,0,"Raw_anova"
"3","exp_env_factor:gen_factor",81,96.8483811593959,1.19565902665921,12.585691812547,4.00805358378028e-101,"Raw_anova"
"4","Residuals                ",900,85.5013089483489,0.0950014543870544,NA,NA,"Raw_anova"
"5","exp_env_factor           ",9,393.240250460154,43.6933611622393,2.55819608774651e+29,0,"NoError_anova"
"6","gen_factor               ",9,505.321334706166,56.1468149673518,3.28733149769761e+29,0,"NoError_anova"
"7","exp_env_factor:gen_factor",81,100.438414833681,1.23998043004544,7.25994293102332e+27,0,"NoError_anova"
"8","Residuals                ",900,1.53717790572714e-25,1.70797545080793e-28,NA,NA,"NoError_anova"
