"","Fixed_effect","Df","Sum Sq","Mean Sq","F value","Pr(>F)","data_class"
"1","exp_env_factor           ",9,422.330957724113,46.9256619693458,156.935059467222,6.11365191668104e-205,"Raw_anova"
"2","gen_factor               ",9,519.981713931765,57.7757459924183,193.221358049383,3.44790841833201e-238,"Raw_anova"
"3","exp_env_factor:gen_factor",81,138.068780136251,1.70455284118828,5.70059302885599,1.85002248704015e-45,"Raw_anova"
"4","Residuals                ",1400,418.618548207869,0.299013248719906,NA,NA,"Raw_anova"
"5","exp_env_factor           ",9,617.705284838387,68.6339205375985,2.28937304387882e+29,0,"NoError_anova"
"6","gen_factor               ",9,720.710059127605,80.0788954586228,2.67113496082641e+29,0,"NoError_anova"
"7","exp_env_factor:gen_factor",81,160.584656034006,1.98252661770378,6.6129735294036e+27,0,"NoError_anova"
"8","Residuals                ",1400,4.19710929197627e-25,2.99793520855448e-28,NA,NA,"NoError_anova"
