"","Fixed_effect","Df","Sum Sq","Mean Sq","F value","Pr(>F)","data_class"
"1","exp_env_factor           ",2,17.6186259745974,8.80931298729872,12.3041426944612,1.31481875976518e-05,"Raw_anova"
"2","gen_factor               ",2,17.3128377333816,8.6564188666908,12.0905924346604,1.57241138002307e-05,"Raw_anova"
"3","exp_env_factor:gen_factor",4,8.85717708051734,2.21429427012934,3.09274885640697,0.0181627491091267,"Raw_anova"
"4","Residuals                ",126,90.2113592115036,0.715963168345267,NA,NA,"Raw_anova"
"5","exp_env_factor           ",2,26.304783665577,13.1523918327885,5.79031624366109e+30,0,"NoError_anova"
"6","gen_factor               ",2,56.5588923295323,28.2794461647662,1.24499740101545e+31,0,"NoError_anova"
"7","exp_env_factor:gen_factor",4,51.1363240048907,12.7840810012227,5.62816807944542e+30,0,"NoError_anova"
"8","Residuals                ",126,2.8620222129414e-28,2.27144620074715e-30,NA,NA,"NoError_anova"
