"","Fixed_effect","Df","Sum Sq","Mean Sq","F value","Pr(>F)","data_class"
"1","exp_env_factor           ",9,115.665660498748,12.8517400554165,28.6202563902071,5.84222452346489e-44,"Raw_anova"
"2","gen_factor               ",9,331.72594175683,36.8584379729812,82.0821103119551,7.96069039443102e-111,"Raw_anova"
"3","exp_env_factor:gen_factor",81,147.469249157601,1.82060801429137,4.05441348256373,1.36470063547641e-25,"Raw_anova"
"4","Residuals                ",900,404.139148586821,0.449043498429801,NA,NA,"Raw_anova"
"5","exp_env_factor           ",9,215.579898009692,23.9533220010769,1.40115161854649e+29,0,"NoError_anova"
"6","gen_factor               ",9,573.380876218168,63.7089862464631,3.72666259782985e+29,0,"NoError_anova"
"7","exp_env_factor:gen_factor",81,210.03922577214,2.59307686138445,1.51682252723899e+28,0,"NoError_anova"
"8","Residuals                ",900,1.53859079314576e-25,1.70954532571752e-28,NA,NA,"NoError_anova"
