"","row","aov_coefs"
"(Intercept)",13106,0.452600358238478
"exp_env_factorE_2",13106,-0.165078448283995
"gen_factorG_2",13106,-1.05009352927474
"exp_env_factorE_2:gen_factorG_2",13106,0.619942522163567
