"","Fixed_effect","Df","Sum Sq","Mean Sq","F value","Pr(>F)","data_class"
"1","exp_env_factor           ",2,21.4004360160826,10.7002180080413,60.9980576760561,6.92453026022082e-17,"Raw_anova"
"2","gen_factor               ",2,2.06778083857024,1.03389041928512,5.89383388066314,0.00407650316958856,"Raw_anova"
"3","exp_env_factor:gen_factor",4,51.3228445057885,12.8307111264471,73.1432253742561,4.23872681125596e-26,"Raw_anova"
"4","Residuals                ",81,14.2089386395587,0.175418995550107,NA,NA,"Raw_anova"
"5","exp_env_factor           ",2,20.6352184386865,10.3176092193433,1.56131541194578e+30,0,"NoError_anova"
"6","gen_factor               ",2,2.33457356117782,1.16728678058891,1.76640033747086e+29,0,"NoError_anova"
"7","exp_env_factor:gen_factor",4,66.0302080001358,16.5075520000339,2.49801042113804e+30,0,"NoError_anova"
"8","Residuals                ",81,5.35270670085351e-28,6.60827987759692e-30,NA,NA,"NoError_anova"
