"","Fixed_effect","Df","Sum Sq","Mean Sq","F value","Pr(>F)","data_class"
"1","exp_env_factor           ",2,9.54230669272441,4.7711533463622,7.48133417326355,0.00104351690020456,"Raw_anova"
"2","gen_factor               ",2,10.2381474403446,5.11907372017231,8.02688540442337,0.000660146786852042,"Raw_anova"
"3","exp_env_factor:gen_factor",4,17.5625269308615,4.39063173271539,6.88466306563464,8.0282202784162e-05,"Raw_anova"
"4","Residuals                ",81,51.6570189360694,0.637740974519376,NA,NA,"Raw_anova"
"5","exp_env_factor           ",2,20.9004266340079,10.4502133170039,2.28153471814541e+30,0,"NoError_anova"
"6","gen_factor               ",2,19.2719403682821,9.63597018414107,2.10376571762028e+30,0,"NoError_anova"
"7","exp_env_factor:gen_factor",4,48.82763299771,12.2069082494275,2.6650637769248e+30,0,"NoError_anova"
"8","Residuals                ",81,3.71007844827094e-28,4.58034376329746e-30,NA,NA,"NoError_anova"
