"","Fixed_effect","Df","Sum Sq","Mean Sq","F value","Pr(>F)","data_class"
"1","exp_env_factor           ",1,4.90107906400134,4.90107906400134,7.2641167066024,0.0106241961552952,"Raw_anova"
"2","gen_factor               ",1,7.07068956428594,7.07068956428594,10.4797971059858,0.00259294358625452,"Raw_anova"
"3","exp_env_factor:gen_factor",1,2.73913285768661,2.73913285768661,4.05979591295967,0.0514310872455325,"Raw_anova"
"4","Residuals                ",36,24.2890985140261,0.674697180945169,NA,NA,"Raw_anova"
"5","exp_env_factor           ",1,21.4768352634939,21.4768352634939,2.50256068828342e+31,0,"NoError_anova"
"6","gen_factor               ",1,12.0610175655424,12.0610175655424,1.40539460539271e+31,0,"NoError_anova"
"7","exp_env_factor:gen_factor",1,5.46214717096369,5.46214717096369,6.36469694718351e+30,0,"NoError_anova"
"8","Residuals                ",36,3.08949977958823e-29,8.58194383218952e-31,NA,NA,"NoError_anova"
