"","Fixed_effect","Df","Sum Sq","Mean Sq","F value","Pr(>F)","data_class"
"1","exp_env_factor           ",9,28.8909800279512,3.21010889199458,32.9483275843816,3.47200629928986e-43,"Raw_anova"
"2","gen_factor               ",9,24.1036987875873,2.67818875417636,27.4887374149421,5.40354084482978e-37,"Raw_anova"
"3","exp_env_factor:gen_factor",81,407.033887702463,5.02510972472177,51.5773660421591,1.36106476935943e-168,"Raw_anova"
"4","Residuals                ",400,38.9714334819988,0.0974285837049969,NA,NA,"Raw_anova"
"5","exp_env_factor           ",9,33.8046706970551,3.75607452189502,1.11142762330495e+28,0,"NoError_anova"
"6","gen_factor               ",9,23.7324923841093,2.63694359823437,7.80275241902337e+27,0,"NoError_anova"
"7","exp_env_factor:gen_factor",81,441.462836918836,5.45015848047946,1.61270939947658e+28,0,"NoError_anova"
"8","Residuals                ",400,1.35180175231777e-25,3.37950438079442e-28,NA,NA,"NoError_anova"
