"","Fixed_effect","Df","Sum Sq","Mean Sq","F value","Pr(>F)","data_class"
"1","exp_env_factor           ",1,2.079378741491,2.079378741491,2.06084004050883,0.156689189872832,"Raw_anova"
"2","gen_factor               ",1,0.415918843869961,0.415918843869961,0.412210719454962,0.523469199015775,"Raw_anova"
"3","exp_env_factor:gen_factor",1,0.000943154049000312,0.000943154049000312,0.000934745359161541,0.975718296816648,"Raw_anova"
"4","Residuals                ",56,56.5037592605901,1.00899570108197,NA,NA,"Raw_anova"
"5","exp_env_factor           ",1,37.2822841531591,37.2822841531591,2.77746402393968e+31,0,"NoError_anova"
"6","gen_factor               ",1,21.5146793234578,21.5146793234578,1.6028054386909e+31,0,"NoError_anova"
"7","exp_env_factor:gen_factor",1,0.203036523383227,0.203036523383227,1.51258607687779e+29,0,"NoError_anova"
"8","Residuals                ",56,7.51695753601686e-29,1.3423138457173e-30,NA,NA,"NoError_anova"
