"","Fixed_effect","Df","Sum Sq","Mean Sq","F value","Pr(>F)","data_class"
"1","exp_env_factor           ",9,131.716462840586,14.6351625378429,232.492379359059,6.72740993517673e-153,"Raw_anova"
"2","gen_factor               ",9,187.98138189247,20.8868202102745,331.805438810476,1.91914676713627e-179,"Raw_anova"
"3","exp_env_factor:gen_factor",81,154.122555697806,1.90274760120748,30.2268127176996,2.10764400053709e-128,"Raw_anova"
"4","Residuals                ",400,25.1795995691377,0.0629489989228441,NA,NA,"Raw_anova"
"5","exp_env_factor           ",9,148.804686324144,16.533854036016,1.56304106792756e+29,0,"NoError_anova"
"6","gen_factor               ",9,193.401464697529,21.4890516330588,2.03148462180208e+29,0,"NoError_anova"
"7","exp_env_factor:gen_factor",81,156.793848978327,1.93572653059663,1.82995450244614e+28,0,"NoError_anova"
"8","Residuals                ",400,4.23120143808844e-26,1.05780035952211e-28,NA,NA,"NoError_anova"
