"","Fixed_effect","Df","Sum Sq","Mean Sq","F value","Pr(>F)","data_class"
"1","exp_env_factor           ",1,7.36657267781821,7.36657267781821,8.44691761473135,0.00622094376494756,"Raw_anova"
"2","gen_factor               ",1,0.105340397433506,0.105340397433506,0.120789096577191,0.730204061394209,"Raw_anova"
"3","exp_env_factor:gen_factor",1,0.132419475718724,0.132419475718724,0.151839457900151,0.699079470722671,"Raw_anova"
"4","Residuals                ",36,31.3956674490296,0.872101873584154,NA,NA,"Raw_anova"
"5","exp_env_factor           ",1,38.6323084182101,38.6323084182101,2.20388661751864e+32,0,"NoError_anova"
"6","gen_factor               ",1,0.0154659725100314,0.0154659725100314,8.82299071357135e+28,0,"NoError_anova"
"7","exp_env_factor:gen_factor",1,0.352225609279926,0.352225609279926,2.00936816468743e+30,0,"NoError_anova"
"8","Residuals                ",36,6.31050205577921e-30,1.75291723771645e-31,NA,NA,"NoError_anova"
