"","Fixed_effect","Df","Sum Sq","Mean Sq","F value","Pr(>F)","data_class"
"1","exp_env_factor           ",4,4.98016756523352,1.24504189130838,1.46797401764424,0.212823137158855,"Raw_anova"
"2","gen_factor               ",4,32.9469191688576,8.23672979221441,9.71156505635374,2.90510638601262e-07,"Raw_anova"
"3","exp_env_factor:gen_factor",16,20.2422703680626,1.26514189800392,1.49167304961217,0.103969538283419,"Raw_anova"
"4","Residuals                ",225,190.830642897846,0.848136190657094,NA,NA,"Raw_anova"
"5","exp_env_factor           ",4,14.0201554968885,3.50503887422213,4.54090533465654e+29,0,"NoError_anova"
"6","gen_factor               ",4,187.551465826634,46.8878664566585,6.07449362372496e+30,0,"NoError_anova"
"7","exp_env_factor:gen_factor",16,47.4283786764775,2.96427366727985,3.84032434222865e+29,0,"NoError_anova"
"8","Residuals                ",225,1.73673241034352e-27,7.71881071263786e-30,NA,NA,"NoError_anova"
