"","Fixed_effect","Df","Sum Sq","Mean Sq","F value","Pr(>F)","data_class"
"1","exp_env_factor           ",9,153.198411199146,17.022045688794,79.1735821522326,3.01357405711314e-83,"Raw_anova"
"2","gen_factor               ",9,118.88771747992,13.2097463866577,61.44167157551,6.00910309345441e-70,"Raw_anova"
"3","exp_env_factor:gen_factor",81,140.915258015479,1.73969454340098,8.09173300142325,1.05085949726893e-47,"Raw_anova"
"4","Residuals                ",400,85.9986133054557,0.214996533263639,NA,NA,"Raw_anova"
"5","exp_env_factor           ",9,202.374318102399,22.486035344711,1.69152060205364e+29,0,"NoError_anova"
"6","gen_factor               ",9,142.201401220239,15.8001556911377,1.18857275004243e+29,0,"NoError_anova"
"7","exp_env_factor:gen_factor",81,154.424280677363,1.9064726009551,1.43415129983102e+28,0,"NoError_anova"
"8","Residuals                ",400,5.31735417645192e-26,1.32933854411298e-28,NA,NA,"NoError_anova"
