"","Fixed_effect","Df","Sum Sq","Mean Sq","F value","Pr(>F)","data_class"
"1","exp_env_factor           ",2,2.36927048817765,1.18463524408883,1.49176645858401,0.238552243799928,"Raw_anova"
"2","gen_factor               ",2,6.59536190261441,3.29768095130721,4.15264517818332,0.023836607569869,"Raw_anova"
"3","exp_env_factor:gen_factor",4,6.44720051254426,1.61180012813607,2.02967907724556,0.110904201875359,"Raw_anova"
"4","Residuals                ",36,28.5881670966637,0.794115752685102,NA,NA,"Raw_anova"
"5","exp_env_factor           ",2,5.60793917255792,2.80396958627896,5.28344358778329e+30,0,"NoError_anova"
"6","gen_factor               ",2,26.5930512082535,13.2965256041268,2.5054281361214e+31,0,"NoError_anova"
"7","exp_env_factor:gen_factor",4,11.7990096191885,2.94975240479714,5.55813818556991e+30,0,"NoError_anova"
"8","Residuals                ",36,1.9105513937813e-29,5.30708720494807e-31,NA,NA,"NoError_anova"
