"","Fixed_effect","Df","Sum Sq","Mean Sq","F value","Pr(>F)","data_class"
"1","exp_env_factor           ",9,59.8671040201184,6.65190044667983,69.6332003816731,2.41450799533013e-76,"Raw_anova"
"2","gen_factor               ",9,85.584450656695,9.50938340629944,99.5458073290191,2.20862926754172e-96,"Raw_anova"
"3","exp_env_factor:gen_factor",81,315.337359747803,3.89305382404695,40.7531350174983,1.61932850667036e-150,"Raw_anova"
"4","Residuals                ",400,38.2110855753834,0.0955277139384585,NA,NA,"Raw_anova"
"5","exp_env_factor           ",9,58.9960484630901,6.5551164958989,2.38874819097488e+28,0,"NoError_anova"
"6","gen_factor               ",9,89.7504064665509,9.97226738517232,3.63399120231525e+28,0,"NoError_anova"
"7","exp_env_factor:gen_factor",81,350.25354507036,4.32411784037481,1.57575058738008e+28,0,"NoError_anova"
"8","Residuals                ",400,1.09766555062862e-25,2.74416387657155e-28,NA,NA,"NoError_anova"
