"","Fixed_effect","Df","Sum Sq","Mean Sq","F value","Pr(>F)","data_class"
"1","exp_env_factor           ",9,151.551279944187,16.8390311049096,40.5261528219363,7.17349248112651e-61,"Raw_anova"
"2","gen_factor               ",9,50.7543430120825,5.63937144578695,13.5721602750049,1.4183279435498e-20,"Raw_anova"
"3","exp_env_factor:gen_factor",81,422.735169491826,5.21895270977563,12.5603470751449,6.25055936457569e-101,"Raw_anova"
"4","Residuals                ",900,373.959207551904,0.415510230613227,NA,NA,"Raw_anova"
"5","exp_env_factor           ",9,224.689584450599,24.9655093833999,9.21967541000068e+28,0,"NoError_anova"
"6","gen_factor               ",9,113.001206955099,12.5556896616777,4.63677233464904e+28,0,"NoError_anova"
"7","exp_env_factor:gen_factor",81,661.309208594301,8.1643112172136,3.01505161432785e+28,0,"NoError_anova"
"8","Residuals                ",900,2.43706610546046e-25,2.7078512282894e-28,NA,NA,"NoError_anova"
