"","Fixed_effect","Df","Sum Sq","Mean Sq","F value","Pr(>F)","data_class"
"1","exp_env_factor           ",6,44.3238889145776,7.38731481909627,102.116297637501,3.26116500679899e-80,"Raw_anova"
"2","gen_factor               ",6,23.1537386277125,3.85895643795208,53.3431096193992,2.4587290769626e-49,"Raw_anova"
"3","exp_env_factor:gen_factor",36,389.619474383729,10.8227631773258,149.605172236479,6.66542515846847e-223,"Raw_anova"
"4","Residuals                ",441,31.9028980739806,0.0723421725033573,NA,NA,"Raw_anova"
"5","exp_env_factor           ",6,53.7533903450717,8.95889839084528,3.86051334936701e+28,0,"NoError_anova"
"6","gen_factor               ",6,27.1173876658869,4.51956461098115,1.94754296263129e+28,0,"NoError_anova"
"7","exp_env_factor:gen_factor",36,408.129221989042,11.3369228330289,4.8852370044039e+28,0,"NoError_anova"
"8","Residuals                ",441,1.02340643142979e-25,2.32064950437594e-28,NA,NA,"NoError_anova"
