"","Fixed_effect","Df","Sum Sq","Mean Sq","F value","Pr(>F)","data_class"
"1","exp_env_factor           ",1,1.6468228697646,1.6468228697646,1.84507045441542,0.193203174104535,"Raw_anova"
"2","gen_factor               ",1,0.317104097888028,0.317104097888028,0.355277676020426,0.559479365957642,"Raw_anova"
"3","exp_env_factor:gen_factor",1,2.75522762984384,2.75522762984384,3.08690703071215,0.09804084039928,"Raw_anova"
"4","Residuals                ",16,14.2808454025035,0.892552837656471,NA,NA,"Raw_anova"
"5","exp_env_factor           ",1,4.21920582460457,4.21920582460457,1.07389064453952e+32,4.76845848634924e-248,"NoError_anova"
"6","gen_factor               ",1,0.288654067539924,0.288654067539924,7.34694905926887e+30,9.93578644571239e-239,"NoError_anova"
"7","exp_env_factor:gen_factor",1,14.4921401078555,14.4921401078555,3.68860262526788e+32,2.46129409288491e-252,"NoError_anova"
"8","Residuals                ",16,6.28623533847994e-31,3.92889708654996e-32,NA,NA,"NoError_anova"
