"","Fixed_effect","Df","Sum Sq","Mean Sq","F value","Pr(>F)","data_class"
"1","exp_env_factor           ",9,19.514911685009,2.16832352055655,12.5362308659097,1.40804132661068e-17,"Raw_anova"
"2","gen_factor               ",9,133.624943169807,14.8472159077563,85.839647345552,9.11753347801385e-88,"Raw_anova"
"3","exp_env_factor:gen_factor",81,276.674325459844,3.4157324130845,19.7481647460095,6.74921601129871e-99,"Raw_anova"
"4","Residuals                ",400,69.18581968534,0.17296454921335,NA,NA,"Raw_anova"
"5","exp_env_factor           ",9,18.1592765886197,2.01769739873552,2.88326309951602e+28,0,"NoError_anova"
"6","gen_factor               ",9,164.262385783468,18.2513761981632,2.60809770288288e+29,0,"NoError_anova"
"7","exp_env_factor:gen_factor",81,316.578337627912,3.9083745386162,5.58501591633223e+28,0,"NoError_anova"
"8","Residuals                ",400,2.79918596270206e-26,6.99796490675516e-29,NA,NA,"NoError_anova"
