"","row","aov_coefs"
"(Intercept)",26791,-0.679613665820477
"exp_env_factorE_2",26791,0.43177495101398
"gen_factorG_2",26791,1.8833943348035
"exp_env_factorE_2:gen_factorG_2",26791,-1.91188390835305
