"","row","aov_coefs"
"(Intercept)",16164,-0.350503739208185
"exp_env_factorE_2",16164,-0.141458045018433
"gen_factorG_2",16164,0.131607932584483
"exp_env_factorE_2:gen_factorG_2",16164,1.42171518170064
