"","Fixed_effect","Df","Sum Sq","Mean Sq","F value","Pr(>F)","data_class"
"1","exp_env_factor           ",2,3.49727512363289,1.74863756181644,2.17669640304769,0.11766219952267,"Raw_anova"
"2","gen_factor               ",2,1.3141819036233,0.657090951811648,0.817943948200362,0.443667583015359,"Raw_anova"
"3","exp_env_factor:gen_factor",4,27.9671082883384,6.99177707208459,8.70333357583187,3.09420457314361e-06,"Raw_anova"
"4","Residuals                ",126,101.221434684405,0.803344719717503,NA,NA,"Raw_anova"
"5","exp_env_factor           ",2,7.64430039893133,3.82215019946567,4.37923910900771e+29,0,"NoError_anova"
"6","gen_factor               ",2,0.373311365587313,0.186655682793656,2.13861262208584e+28,0,"NoError_anova"
"7","exp_env_factor:gen_factor",4,125.982388235481,31.4955970588702,3.60861670012431e+30,0,"NoError_anova"
"8","Residuals                ",126,1.09971370172979e-27,8.727886521665e-30,NA,NA,"NoError_anova"
