"","Fixed_effect","Df","Sum Sq","Mean Sq","F value","Pr(>F)","data_class"
"1","exp_env_factor           ",2,24.127296777401,12.0636483887005,23.4776510050554,2.15531078158523e-09,"Raw_anova"
"2","gen_factor               ",2,7.12457333056008,3.56228666528004,6.93273878785659,0.00139181268213191,"Raw_anova"
"3","exp_env_factor:gen_factor",4,38.0048684537903,9.50121711344758,18.4907792672173,5.61248149972252e-12,"Raw_anova"
"4","Residuals                ",126,64.7432614382485,0.513835408240067,NA,NA,"Raw_anova"
"5","exp_env_factor           ",2,46.5597203217427,23.2798601608714,1.77637336851411e+30,0,"NoError_anova"
"6","gen_factor               ",2,20.109256344037,10.0546281720185,7.67219974332392e+29,0,"NoError_anova"
"7","exp_env_factor:gen_factor",4,67.3310233342201,16.832755833555,1.28442606505367e+30,0,"NoError_anova"
"8","Residuals                ",126,1.6512645552232e-27,1.31052742478032e-29,NA,NA,"NoError_anova"
