"","row","aov_coefs"
"(Intercept)",26995,-0.45556968760033
"exp_env_factorE_2",26995,0.333122359301744
"gen_factorG_2",26995,0.559983476496744
"exp_env_factorE_2:gen_factorG_2",26995,0.0360670788043448
