"","Fixed_effect","Df","Sum Sq","Mean Sq","F value","Pr(>F)","data_class"
"1","exp_env_factor           ",2,11.142949716655,5.57147485832749,8.31567250141904,0.000519131921754976,"Raw_anova"
"2","gen_factor               ",2,19.0898576372477,9.54492881862384,14.2462281753631,4.99554887163403e-06,"Raw_anova"
"3","exp_env_factor:gen_factor",4,4.49744315229314,1.12436078807328,1.67815817621074,0.163062002936171,"Raw_anova"
"4","Residuals                ",81,54.2697494938042,0.669996907330916,NA,NA,"Raw_anova"
"5","exp_env_factor           ",2,35.4545733524517,17.7272866762258,8.54037855261099e+30,0,"NoError_anova"
"6","gen_factor               ",2,45.2944413596595,22.6472206798297,1.09106284172443e+31,0,"NoError_anova"
"7","exp_env_factor:gen_factor",4,8.25098528788869,2.06274632197217,9.93758084325115e+29,0,"NoError_anova"
"8","Residuals                ",81,1.68131917329976e-28,2.07570268308613e-30,NA,NA,"NoError_anova"
