"","Fixed_effect","Df","Sum Sq","Mean Sq","F value","Pr(>F)","data_class"
"1","exp_env_factor           ",9,1168.00851098741,129.778723443046,595.364933035828,0,"Raw_anova"
"2","gen_factor               ",9,2.84672665541938,0.316302961713264,1.45105211874036,0.161191233639727,"Raw_anova"
"3","exp_env_factor:gen_factor",81,22.9702336965507,0.283583132056181,1.3009486296944,0.0409367423863444,"Raw_anova"
"4","Residuals                ",1400,305.17452866061,0.21798180618615,NA,NA,"Raw_anova"
"5","exp_env_factor           ",9,1493.04476295389,165.893862550432,3.31895815259957e+29,0,"NoError_anova"
"6","gen_factor               ",9,0.562987717905182,0.0625541908783536,1.25149139698803e+26,0,"NoError_anova"
"7","exp_env_factor:gen_factor",81,5.39224932819475,0.066570979360429,1.33185333850229e+26,0,"NoError_anova"
"8","Residuals                ",1400,6.99772027522234e-25,4.99837162515881e-28,NA,NA,"NoError_anova"
