"","Fixed_effect","Df","Sum Sq","Mean Sq","F value","Pr(>F)","data_class"
"1","exp_env_factor           ",6,25.0686796146273,4.17811326910454,20.5562329307369,1.27893822456672e-18,"Raw_anova"
"2","gen_factor               ",6,45.7962878814402,7.6327146469067,37.5528019634776,3.87292856457825e-30,"Raw_anova"
"3","exp_env_factor:gen_factor",36,133.29747065572,3.70270751821445,18.2172462344755,3.16147266909767e-45,"Raw_anova"
"4","Residuals                ",196,39.8375618482124,0.203252866572512,NA,NA,"Raw_anova"
"5","exp_env_factor           ",6,36.0590436789254,6.00984061315424,1.80224811927445e+29,0,"NoError_anova"
"6","gen_factor               ",6,56.6677769693717,9.44462949489528,2.83228239151009e+29,0,"NoError_anova"
"7","exp_env_factor:gen_factor",36,151.273179351703,4.20203275976952,1.26011755151182e+29,0,"NoError_anova"
"8","Residuals                ",196,6.53588563961129e-27,3.33463553041392e-29,NA,NA,"NoError_anova"
