"","Fixed_effect","Df","Sum Sq","Mean Sq","F value","Pr(>F)","data_class"
"1","exp_env_factor           ",9,50.5587842597368,5.61764269552631,18.0802346444484,8.21933230173068e-28,"Raw_anova"
"2","gen_factor               ",9,462.26687054497,51.3629856161078,165.310412625246,6.63278688873121e-184,"Raw_anova"
"3","exp_env_factor:gen_factor",81,206.538680869105,2.54986025764327,8.20665789325797,5.26981022192343e-65,"Raw_anova"
"4","Residuals                ",900,279.635664326188,0.310706293695764,NA,NA,"Raw_anova"
"5","exp_env_factor           ",9,72.2587245826333,8.02874717584815,6.5507071142438e+28,0,"NoError_anova"
"6","gen_factor               ",9,647.805580589569,71.9783978432855,5.87276436157141e+29,0,"NoError_anova"
"7","exp_env_factor:gen_factor",81,278.935694827797,3.44365055342959,2.80969691599957e+28,0,"NoError_anova"
"8","Residuals                ",900,1.1030675516772e-25,1.22563061297467e-28,NA,NA,"NoError_anova"
