"","row","aov_coefs"
"(Intercept)",26507,0.502319511365608
"exp_env_factorE_2",26507,-0.48903963847516
"gen_factorG_2",26507,-0.852509235993014
"exp_env_factorE_2:gen_factorG_2",26507,0.673819703473915
