"","row","aov_coefs"
"(Intercept)",10567,0.500216515410393
"exp_env_factorE_2",10567,-0.262761850640073
"gen_factorG_2",10567,-0.825890531875795
"exp_env_factorE_2:gen_factorG_2",10567,0.176438703390165
