"","Fixed_effect","Df","Sum Sq","Mean Sq","F value","Pr(>F)","data_class"
"1","exp_env_factor           ",6,85.4807259614943,14.246787660249,40.6478756909172,2.22128812350928e-39,"Raw_anova"
"2","gen_factor               ",6,95.1390708827293,15.8565118137882,45.2406210065713,4.23752023624061e-43,"Raw_anova"
"3","exp_env_factor:gen_factor",36,153.812879491831,4.27257998588418,12.1902076655704,2.17023905093554e-46,"Raw_anova"
"4","Residuals                ",441,154.567323663946,0.350492797423913,NA,NA,"Raw_anova"
"5","exp_env_factor           ",6,128.780663042398,21.4634438403997,3.876455667975e+29,0,"NoError_anova"
"6","gen_factor               ",6,118.82086825097,19.8034780418284,3.57665364755531e+29,0,"NoError_anova"
"7","exp_env_factor:gen_factor",36,241.398468706631,6.70551301962865,1.21106492252157e+29,0,"NoError_anova"
"8","Residuals                ",441,2.44176112003902e-26,5.53687328807034e-29,NA,NA,"NoError_anova"
