"","Fixed_effect","Df","Sum Sq","Mean Sq","F value","Pr(>F)","data_class"
"1","exp_env_factor           ",1,27.6448292670474,27.6448292670474,80.4467875871675,2.02235157654933e-12,"Raw_anova"
"2","gen_factor               ",1,6.15219818527875,6.15219818527875,17.9029711424272,8.70066184285393e-05,"Raw_anova"
"3","exp_env_factor:gen_factor",1,5.95906629129018,5.95906629129018,17.3409549946,0.000108902712806133,"Raw_anova"
"4","Residuals                ",56,19.2439062563836,0.343641183149707,NA,NA,"Raw_anova"
"5","exp_env_factor           ",1,35.2824273437018,35.2824273437018,2.01005965172467e+31,0,"NoError_anova"
"6","gen_factor               ",1,10.67646033082,10.67646033082,6.08243926223265e+30,0,"NoError_anova"
"7","exp_env_factor:gen_factor",1,13.0411123254781,13.0411123254781,7.42959475086458e+30,0,"NoError_anova"
"8","Residuals                ",56,9.82963828736134e-29,1.75529255131453e-30,NA,NA,"NoError_anova"
