"","Fixed_effect","Df","Sum Sq","Mean Sq","F value","Pr(>F)","data_class"
"1","exp_env_factor           ",2,18.7916523040435,9.39582615202173,24.0572802690248,6.29719001750516e-09,"Raw_anova"
"2","gen_factor               ",2,4.93801603656132,2.46900801828066,6.32170252207855,0.00281071482388555,"Raw_anova"
"3","exp_env_factor:gen_factor",4,33.6349219288251,8.40873048220628,21.5298987703812,3.98924052545983e-12,"Raw_anova"
"4","Residuals                ",81,31.6354097305702,0.390560613957656,NA,NA,"Raw_anova"
"5","exp_env_factor           ",2,38.9652334756934,19.4826167378467,1.14709209915473e+31,0,"NoError_anova"
"6","gen_factor               ",2,3.90479822337466,1.95239911168733,1.14952812835591e+30,0,"NoError_anova"
"7","exp_env_factor:gen_factor",4,46.129968300932,11.532492075233,6.79006866534828e+30,0,"NoError_anova"
"8","Residuals                ",81,1.3757325649165e-28,1.69843526532901e-30,NA,NA,"NoError_anova"
