"","Fixed_effect","Df","Sum Sq","Mean Sq","F value","Pr(>F)","data_class"
"1","exp_env_factor           ",1,0.0105495362527829,0.0105495362527829,0.00976759042309555,0.921820634798288,"Raw_anova"
"2","gen_factor               ",1,0.0424251181731501,0.0424251181731501,0.0392805112980626,0.844008947549504,"Raw_anova"
"3","exp_env_factor:gen_factor",1,0.0650402653865969,0.0650402653865969,0.0602193933537253,0.807543108061303,"Raw_anova"
"4","Residuals                ",36,38.8819850801875,1.08005514111632,NA,NA,"Raw_anova"
"5","exp_env_factor           ",1,29.1007153608343,29.1007153608343,8.43006525458009e+31,0,"NoError_anova"
"6","gen_factor               ",1,8.60575061408825,8.60575061408825,2.49296411933039e+31,0,"NoError_anova"
"7","exp_env_factor:gen_factor",1,1.29353402507736,1.29353402507736,3.74718494209178e+30,0,"NoError_anova"
"8","Residuals                ",36,1.24272555591531e-29,3.45201543309808e-31,NA,NA,"NoError_anova"
