"","Fixed_effect","Df","Sum Sq","Mean Sq","F value","Pr(>F)","data_class"
"1","exp_env_factor           ",1,0.814420516797579,0.814420516797579,1.32903000021461,0.265910907696823,"Raw_anova"
"2","gen_factor               ",1,8.0691782928583,8.0691782928583,13.1678657488373,0.00225780375595161,"Raw_anova"
"3","exp_env_factor:gen_factor",1,0.31171035066626,0.31171035066626,0.508671379058396,0.485987834520139,"Raw_anova"
"4","Residuals                ",16,9.80469083967787,0.612793177479867,NA,NA,"Raw_anova"
"5","exp_env_factor           ",1,3.81001386817851,3.81001386817851,1.01449861737012e+32,7.51703896887159e-248,"NoError_anova"
"6","gen_factor               ",1,14.3803322389352,14.3803322389352,3.82907455943131e+32,1.82518921432043e-252,"NoError_anova"
"7","exp_env_factor:gen_factor",1,0.809653892886271,0.809653892886271,2.15587864847891e+31,1.80744040548468e-242,"NoError_anova"
"8","Residuals                ",16,6.00890142648817e-31,3.75556339155511e-32,NA,NA,"NoError_anova"
