"","Fixed_effect","Df","Sum Sq","Mean Sq","F value","Pr(>F)","data_class"
"1","exp_env_factor           ",2,8.22819412889996,4.11409706444998,5.78503924699088,0.00394760129327912,"Raw_anova"
"2","gen_factor               ",2,18.8120823892918,9.40604119464591,13.2263086206777,6.10726290564497e-06,"Raw_anova"
"3","exp_env_factor:gen_factor",4,17.3533771825443,4.33834429563609,6.10036458159479,0.000160881775457245,"Raw_anova"
"4","Residuals                ",126,89.6063462992639,0.711161478565586,NA,NA,"Raw_anova"
"5","exp_env_factor           ",2,49.8990907244744,24.9495453622372,1.8243747666561e+31,0,"NoError_anova"
"6","gen_factor               ",2,28.1022055820534,14.0511027910267,1.02745268514751e+31,0,"NoError_anova"
"7","exp_env_factor:gen_factor",4,55.9987036934724,13.9996759233681,1.02369222064516e+31,0,"NoError_anova"
"8","Residuals                ",126,1.72313428857815e-28,1.36756689569694e-30,NA,NA,"NoError_anova"
