"","Fixed_effect","Df","Sum Sq","Mean Sq","F value","Pr(>F)","data_class"
"1","exp_env_factor           ",9,79.9402452547372,8.88224947274858,312.640457705731,6.31102270007939e-270,"Raw_anova"
"2","gen_factor               ",9,160.99519159319,17.8883546214656,629.640429895156,0,"Raw_anova"
"3","exp_env_factor:gen_factor",81,732.495177205875,9.043150335875,318.303901369122,0,"Raw_anova"
"4","Residuals                ",900,25.5693859461977,0.0284104288291085,NA,NA,"Raw_anova"
"5","exp_env_factor           ",9,89.690492170652,9.96561024118355,3.94874830515936e+28,0,"NoError_anova"
"6","gen_factor               ",9,159.721197187297,17.7467996874774,7.03194721566861e+28,0,"NoError_anova"
"7","exp_env_factor:gen_factor",81,749.588310642051,9.25417667459323,3.6668516603661e+28,0,"NoError_anova"
"8","Residuals                ",900,2.27136513242599e-25,2.52373903602888e-28,NA,NA,"NoError_anova"
