"","Fixed_effect","Df","Sum Sq","Mean Sq","F value","Pr(>F)","data_class"
"1","exp_env_factor           ",2,3.74641347344722,1.87320673672361,8.80886037002971,0.000262565976497115,"Raw_anova"
"2","gen_factor               ",2,27.3637071921611,13.6818535960806,64.3396884968845,5.56847504408948e-20,"Raw_anova"
"3","exp_env_factor:gen_factor",4,76.095942444417,19.0239856111042,89.4613657127787,7.31771623372874e-36,"Raw_anova"
"4","Residuals                ",126,26.7939368899747,0.212650292777577,NA,NA,"Raw_anova"
"5","exp_env_factor           ",2,7.68986077489946,3.84493038744973,2.83486796261071e+29,0,"NoError_anova"
"6","gen_factor               ",2,35.8230098895764,17.9115049447882,1.32061562664084e+30,0,"NoError_anova"
"7","exp_env_factor:gen_factor",4,90.4871293355241,22.621782333881,1.66790447506667e+30,0,"NoError_anova"
"8","Residuals                ",126,1.7089375420946e-27,1.35629963658301e-29,NA,NA,"NoError_anova"
