"","Fixed_effect","Df","Sum Sq","Mean Sq","F value","Pr(>F)","data_class"
"1","exp_env_factor           ",4,22.051645418332,5.512911354583,10.7530091635181,5.40972048300825e-08,"Raw_anova"
"2","gen_factor               ",4,51.0192902025087,12.7548225506272,24.8784562174981,4.53952464708752e-17,"Raw_anova"
"3","exp_env_factor:gen_factor",16,60.5748378627793,3.78592736642371,7.38450322255315,8.94399697754711e-14,"Raw_anova"
"4","Residuals                ",225,115.35422651638,0.512685451183911,NA,NA,"Raw_anova"
"5","exp_env_factor           ",4,22.9785016988626,5.74462542471566,1.51161243842017e+29,0,"NoError_anova"
"6","gen_factor               ",4,97.3956214030629,24.3489053507657,6.40705102055538e+29,0,"NoError_anova"
"7","exp_env_factor:gen_factor",16,128.625876898074,8.03911730612965,2.11537373030129e+29,0,"NoError_anova"
"8","Residuals                ",225,8.55074149768109e-27,3.80032955452493e-29,NA,NA,"NoError_anova"
