"","Fixed_effect","Df","Sum Sq","Mean Sq","F value","Pr(>F)","data_class"
"1","exp_env_factor           ",9,36.9606137386725,4.1067348598525,36.4076589732467,6.70977147129011e-47,"Raw_anova"
"2","gen_factor               ",9,87.4529435229154,9.71699372476838,86.1445907392356,5.7363474699618e-88,"Raw_anova"
"3","exp_env_factor:gen_factor",81,329.466981881341,4.06749360347335,36.0597713377676,2.42863060865187e-141,"Raw_anova"
"4","Residuals                ",400,45.1194608570711,0.112798652142678,NA,NA,"Raw_anova"
"5","exp_env_factor           ",9,40.6303588814202,4.5144843201578,2.39491016690092e+28,0,"NoError_anova"
"6","gen_factor               ",9,102.042064502407,11.3380071669341,6.0147531170375e+28,0,"NoError_anova"
"7","exp_env_factor:gen_factor",81,356.327576616173,4.39910588415029,2.33370251396884e+28,0,"NoError_anova"
"8","Residuals                ",400,7.54013137118988e-26,1.88503284279747e-28,NA,NA,"NoError_anova"
