"","Fixed_effect","Df","Sum Sq","Mean Sq","F value","Pr(>F)","data_class"
"1","exp_env_factor           ",4,14.7525075787255,3.68812689468138,5.54806205323563,0.00024313285299376,"Raw_anova"
"2","gen_factor               ",4,84.2173445493575,21.0543361373394,31.672110725933,1.57626057899243e-22,"Raw_anova"
"3","exp_env_factor:gen_factor",16,42.3643267703552,2.6477704231472,3.98305021216242,5.88639287955272e-07,"Raw_anova"
"4","Residuals                ",350,232.665821101562,0.664759488861605,NA,NA,"Raw_anova"
"5","exp_env_factor           ",4,46.8178405937331,11.7044601484333,4.26462506785144e+29,0,"NoError_anova"
"6","gen_factor               ",4,259.746764829595,64.9366912073988,2.36602660553695e+30,0,"NoError_anova"
"7","exp_env_factor:gen_factor",16,67.4353945766698,4.21471216104186,1.53566819040034e+29,0,"NoError_anova"
"8","Residuals                ",350,9.6059113914451e-27,2.74454611184146e-29,NA,NA,"NoError_anova"
