"","Fixed_effect","Df","Sum Sq","Mean Sq","F value","Pr(>F)","data_class"
"1","exp_env_factor           ",2,0.396080635845485,0.198040317922742,0.236505511471899,0.789731162605435,"Raw_anova"
"2","gen_factor               ",2,10.2767180201233,5.13835901006163,6.13637787773574,0.00286376505980761,"Raw_anova"
"3","exp_env_factor:gen_factor",4,17.8198078673663,4.45495196684158,5.32023329669486,0.000542704737175348,"Raw_anova"
"4","Residuals                ",126,105.507393476665,0.837360265687817,NA,NA,"Raw_anova"
"5","exp_env_factor           ",2,21.0322553120709,10.5161276560354,2.51832484519591e+30,0,"NoError_anova"
"6","gen_factor               ",2,49.8954963816016,24.9477481908008,5.97430310429215e+30,0,"NoError_anova"
"7","exp_env_factor:gen_factor",4,63.0722483063276,15.7680620765819,3.77601944240927e+30,0,"NoError_anova"
"8","Residuals                ",126,5.26156141924329e-28,4.17584239622483e-30,NA,NA,"NoError_anova"
