"","row","aov_coefs"
"(Intercept)",10425,0.0353346851159504
"exp_env_factorE_2",10425,0.598171393214562
"gen_factorG_2",10425,-0.808780385129943
"exp_env_factorE_2:gen_factorG_2",10425,0.27987924336696
