"","Fixed_effect","Df","Sum Sq","Mean Sq","F value","Pr(>F)","data_class"
"1","exp_env_factor           ",1,5.30261861671128,5.30261861671128,6.92576249754253,0.0181337047951205,"Raw_anova"
"2","gen_factor               ",1,1.42377871237358,1.42377871237358,1.85960068481637,0.191550618569327,"Raw_anova"
"3","exp_env_factor:gen_factor",1,0.0234139158885245,0.0234139158885245,0.0305809699513956,0.863372288447485,"Raw_anova"
"4","Residuals                ",16,12.2501887550266,0.765636797189163,NA,NA,"Raw_anova"
"5","exp_env_factor           ",1,14.228868328472,14.228868328472,3.24393011294975e+32,6.87838631534892e-252,"NoError_anova"
"6","gen_factor               ",1,3.91216676553168,3.91216676553168,8.91904773072865e+31,2.10625317507042e-247,"NoError_anova"
"7","exp_env_factor:gen_factor",1,0.858964905996354,0.858964905996354,1.9582879398448e+31,3.89983365658034e-242,"NoError_anova"
"8","Residuals                ",16,7.01808871734709e-31,4.38630544834193e-32,NA,NA,"NoError_anova"
