"","Fixed_effect","Df","Sum Sq","Mean Sq","F value","Pr(>F)","data_class"
"1","exp_env_factor           ",6,183.02033458224,30.5033890970399,134.131873934487,3.69253412467937e-96,"Raw_anova"
"2","gen_factor               ",6,197.752326484207,32.9587210807011,144.928650615662,5.44430661207593e-101,"Raw_anova"
"3","exp_env_factor:gen_factor",36,7.93801770655779,0.220500491848828,0.969601904925027,0.522173829721006,"Raw_anova"
"4","Residuals                ",441,100.289321226996,0.227413426818584,NA,NA,"Raw_anova"
"5","exp_env_factor           ",6,239.854334310069,39.9757223850115,1.34180211300868e+30,0,"NoError_anova"
"6","gen_factor               ",6,247.18216017142,41.1970266952366,1.38279571128074e+30,0,"NoError_anova"
"7","exp_env_factor:gen_factor",36,1.96350551851252,0.0545418199586811,1.83071936919737e+27,0,"NoError_anova"
"8","Residuals                ",441,1.31385197570307e-26,2.97925618073259e-29,NA,NA,"NoError_anova"
