"","Fixed_effect","Df","Sum Sq","Mean Sq","F value","Pr(>F)","data_class"
"1","exp_env_factor           ",9,205.408848786603,22.8232054207336,216.47603574391,9.64984469018514e-148,"Raw_anova"
"2","gen_factor               ",9,220.057564360293,24.4508404844769,231.914006867671,1.02055071038013e-152,"Raw_anova"
"3","exp_env_factor:gen_factor",81,31.3613337585716,0.387176959982365,3.67233838907746,4.30666022943658e-18,"Raw_anova"
"4","Residuals                ",400,42.1722530945335,0.105430632736334,NA,NA,"Raw_anova"
"5","exp_env_factor           ",9,233.077777517981,25.8975308353312,5.64029289626186e+29,0,"NoError_anova"
"6","gen_factor               ",9,238.579331324848,26.5088145916497,5.77342602969788e+29,0,"NoError_anova"
"7","exp_env_factor:gen_factor",81,27.342891157172,0.33756655749595,7.35195284973827e+27,0,"NoError_anova"
"8","Residuals                ",400,1.83660893585828e-26,4.59152233964569e-29,NA,NA,"NoError_anova"
