"","Fixed_effect","Df","Sum Sq","Mean Sq","F value","Pr(>F)","data_class"
"1","exp_env_factor           ",4,61.4799843356019,15.3699960839005,21.633670090842,5.77002625169797e-16,"Raw_anova"
"2","gen_factor               ",4,35.2033005163487,8.80082512908718,12.3873907534235,1.96387348926034e-09,"Raw_anova"
"3","exp_env_factor:gen_factor",16,28.6534690702417,1.79084181689011,2.52065653367772,0.00111523243118563,"Raw_anova"
"4","Residuals                ",350,248.663246077808,0.710466417365165,NA,NA,"Raw_anova"
"5","exp_env_factor           ",4,152.170170413056,38.0425426032641,6.20754864867137e+29,0,"NoError_anova"
"6","gen_factor               ",4,154.328952399246,38.5822380998115,6.29561284788185e+29,0,"NoError_anova"
"7","exp_env_factor:gen_factor",16,67.5008771876976,4.2188048242311,6.8839868193818e+28,0,"NoError_anova"
"8","Residuals                ",350,2.14495135917981e-26,6.12843245479945e-29,NA,NA,"NoError_anova"
