"","Fixed_effect","Df","Sum Sq","Mean Sq","F value","Pr(>F)","data_class"
"1","exp_env_factor           ",2,17.8069699368226,8.90348496841132,22.8859350996279,3.32173942746149e-09,"Raw_anova"
"2","gen_factor               ",2,10.3737211952145,5.18686059760723,13.3325496060042,5.59421550221171e-06,"Raw_anova"
"3","exp_env_factor:gen_factor",4,56.8005949226427,14.2001487306607,36.5007279068784,3.06899004842402e-20,"Raw_anova"
"4","Residuals                ",126,49.0187139453203,0.389037412264447,NA,NA,"Raw_anova"
"5","exp_env_factor           ",2,26.4798968993358,13.2399484496679,2.46267869824792e+30,0,"NoError_anova"
"6","gen_factor               ",2,16.0476096071589,8.02380480357945,1.49245695659563e+30,0,"NoError_anova"
"7","exp_env_factor:gen_factor",4,91.4724934935055,22.8681233733764,4.25355434838811e+30,0,"NoError_anova"
"8","Residuals                ",126,6.7740607243853e-28,5.37623867014707e-30,NA,NA,"NoError_anova"
