"","Fixed_effect","Df","Sum Sq","Mean Sq","F value","Pr(>F)","data_class"
"1","exp_env_factor           ",1,2.38975256468961,2.38975256468961,2.74726261221616,0.106111728403705,"Raw_anova"
"2","gen_factor               ",1,5.04956981984992,5.04956981984992,5.80499193884143,0.0212204788334441,"Raw_anova"
"3","exp_env_factor:gen_factor",1,0.245472455868484,0.245472455868484,0.282195449981224,0.598528427038801,"Raw_anova"
"4","Residuals                ",36,31.315205159592,0.869866809988667,NA,NA,"Raw_anova"
"5","exp_env_factor           ",1,1.22017875013696,1.22017875013696,7.21221510507007e+30,0,"NoError_anova"
"6","gen_factor               ",1,36.6857788190737,36.6857788190737,2.16841776756466e+32,0,"NoError_anova"
"7","exp_env_factor:gen_factor",1,1.09404243078933,1.09404243078933,6.46665035269685e+30,0,"NoError_anova"
"8","Residuals                ",36,6.09056085613019e-30,1.69182246003617e-31,NA,NA,"NoError_anova"
