"","Fixed_effect","Df","Sum Sq","Mean Sq","F value","Pr(>F)","data_class"
"1","exp_env_factor           ",6,40.6043193807708,6.76738656346181,13.2744138051261,2.92974079206673e-14,"Raw_anova"
"2","gen_factor               ",6,21.5865810932311,3.59776351553852,7.05711152013952,2.63685782938898e-07,"Raw_anova"
"3","exp_env_factor:gen_factor",36,322.081627511976,8.94671187533267,17.5492200001724,1.22890064391656e-74,"Raw_anova"
"4","Residuals                ",686,349.727472014022,0.509806810516067,NA,NA,"Raw_anova"
"5","exp_env_factor           ",6,86.7745118024127,14.4624186337355,5.17018843187961e+28,0,"NoError_anova"
"6","gen_factor               ",6,41.6096161804279,6.93493603007132,2.47917910181798e+28,0,"NoError_anova"
"7","exp_env_factor:gen_factor",36,605.615872017158,16.8226631115877,6.01395523222204e+28,0,"NoError_anova"
"8","Residuals                ",686,1.91892796818929e-25,2.79727109065494e-28,NA,NA,"NoError_anova"
