"","row","aov_coefs"
"(Intercept)",10730,0.541645300053943
"exp_env_factorE_2",10730,-0.53781396156725
"gen_factorG_2",10730,-1.10016940994167
"exp_env_factorE_2:gen_factorG_2",10730,1.10938554280207
