"","Fixed_effect","Df","Sum Sq","Mean Sq","F value","Pr(>F)","data_class"
"1","exp_env_factor           ",6,16.4309948169526,2.73849913615877,9.37283385209957,1.0858842157627e-09,"Raw_anova"
"2","gen_factor               ",6,259.080693627057,43.1801156045095,147.789000161311,3.13115839758186e-102,"Raw_anova"
"3","exp_env_factor:gen_factor",36,84.6395409383949,2.35109835939986,8.04690934593785,2.81282283401559e-30,"Raw_anova"
"4","Residuals                ",441,128.848770617596,0.292174083033098,NA,NA,"Raw_anova"
"5","exp_env_factor           ",6,17.8840693651221,2.98067822752035,4.28890188977894e+28,0,"NoError_anova"
"6","gen_factor               ",6,393.712441277568,65.618740212928,9.44188930914108e+29,0,"NoError_anova"
"7","exp_env_factor:gen_factor",36,77.4034893573096,2.15009692659193,3.09377734454064e+28,0,"NoError_anova"
"8","Residuals                ",441,3.06483834817734e-26,6.94974682126382e-29,NA,NA,"NoError_anova"
