"","Fixed_effect","Df","Sum Sq","Mean Sq","F value","Pr(>F)","data_class"
"1","exp_env_factor           ",1,0.240551609295395,0.240551609295395,0.869992720937265,0.357171198206803,"Raw_anova"
"2","gen_factor               ",1,27.6971954769007,27.6971954769007,100.171262731775,6.07199516471691e-12,"Raw_anova"
"3","exp_env_factor:gen_factor",1,1.1083099367813,1.1083099367813,4.00837716432867,0.0528527760666139,"Raw_anova"
"4","Residuals                ",36,9.95394297702254,0.276498416028404,NA,NA,"Raw_anova"
"5","exp_env_factor           ",1,0.741720321535688,0.741720321535688,5.11527285401281e+30,0,"NoError_anova"
"6","gen_factor               ",1,36.7403609824226,36.7403609824226,2.5337983296845e+32,0,"NoError_anova"
"7","exp_env_factor:gen_factor",1,1.51791869604172,1.51791869604172,1.04683235378865e+31,0,"NoError_anova"
"8","Residuals                ",36,5.22004052126716e-30,1.45001125590754e-31,NA,NA,"NoError_anova"
