"","Fixed_effect","Df","Sum Sq","Mean Sq","F value","Pr(>F)","data_class"
"1","exp_env_factor           ",6,47.5834414612843,7.93057357688072,174.389735894437,4.67950997801692e-113,"Raw_anova"
"2","gen_factor               ",6,26.1487793514087,4.35812989190146,95.8333106016373,9.52551871009777e-77,"Raw_anova"
"3","exp_env_factor:gen_factor",36,395.212797571179,10.9781332658661,241.404198862667,1.03616752783592e-265,"Raw_anova"
"4","Residuals                ",441,20.0549816161282,0.0454761487894064,NA,NA,"Raw_anova"
"5","exp_env_factor           ",6,48.7621701612564,8.12702836020939,2.10034221901062e+29,0,"NoError_anova"
"6","gen_factor               ",6,26.4583288944928,4.40972148241547,1.13964462692691e+29,0,"NoError_anova"
"7","exp_env_factor:gen_factor",36,413.77950094425,11.4938750262292,2.97046717540911e+29,0,"NoError_anova"
"8","Residuals                ",441,1.70639787859934e-26,3.8693829446697e-29,NA,NA,"NoError_anova"
