"","Fixed_effect","Df","Sum Sq","Mean Sq","F value","Pr(>F)","data_class"
"1","exp_env_factor           ",4,21.2332908359524,5.30832270898811,49.9559291833612,4.92371402343545e-23,"Raw_anova"
"2","gen_factor               ",4,31.6728642917859,7.91821607294647,74.517293518892,3.86232543322812e-29,"Raw_anova"
"3","exp_env_factor:gen_factor",16,60.4678335143224,3.77923959464515,35.5659284310989,4.65114950877949e-34,"Raw_anova"
"4","Residuals                ",100,10.6260113579394,0.106260113579394,NA,NA,"Raw_anova"
"5","exp_env_factor           ",4,25.0202607331648,6.25506518329121,1.69031101853622e+30,0,"NoError_anova"
"6","gen_factor               ",4,33.7371131986217,8.43427829965542,2.27920143524502e+30,0,"NoError_anova"
"7","exp_env_factor:gen_factor",16,65.2426260682136,4.07766412926335,1.1019102768098e+30,0,"NoError_anova"
"8","Residuals                ",100,3.70054097423324e-28,3.70054097423324e-30,NA,NA,"NoError_anova"
