"","Fixed_effect","Df","Sum Sq","Mean Sq","F value","Pr(>F)","data_class"
"1","exp_env_factor           ",1,3.45374432328288,3.45374432328288,4.44902624050613,0.051028260552072,"Raw_anova"
"2","gen_factor               ",1,3.11603402176409,3.11603402176409,4.01399635626786,0.0623610894671897,"Raw_anova"
"3","exp_env_factor:gen_factor",1,0.00954661612933745,0.00954661612933745,0.0122977098742183,0.913078742929246,"Raw_anova"
"4","Residuals                ",16,12.4206750388237,0.776292189926481,NA,NA,"Raw_anova"
"5","exp_env_factor           ",1,1.9440889304387,1.9440889304387,1.00842026435856e+31,7.88725647124057e-240,"NoError_anova"
"6","gen_factor               ",1,16.0750483785407,16.0750483785407,8.33830401565355e+31,3.6094137914677e-247,"NoError_anova"
"7","exp_env_factor:gen_factor",1,0.980862691020645,0.980862691020645,5.0878424268137e+30,1.87840509428726e-237,"NoError_anova"
"8","Residuals                ",16,3.0845693989306e-30,1.92785587433162e-31,NA,NA,"NoError_anova"
