"","row","aov_coefs"
"(Intercept)",21336,-0.275341895276938
"exp_env_factorE_2",21336,0.774296510622725
"gen_factorG_2",21336,-0.624475462166147
"exp_env_factorE_2:gen_factorG_2",21336,0.801725484194595
