"","Fixed_effect","Df","Sum Sq","Mean Sq","F value","Pr(>F)","data_class"
"1","exp_env_factor           ",6,244.093041964847,40.6821736608079,77.4364321200419,8.89429843530222e-74,"Raw_anova"
"2","gen_factor               ",6,13.3459601511555,2.22432669185926,4.23389183486259,0.000339028370037962,"Raw_anova"
"3","exp_env_factor:gen_factor",36,116.162534689679,3.22673707471331,6.14192861321898,5.90039023422848e-24,"Raw_anova"
"4","Residuals                ",686,360.398463194318,0.525362191245361,NA,NA,"Raw_anova"
"5","exp_env_factor           ",6,529.317905440178,88.2196509066964,3.09584335236444e+29,0,"NoError_anova"
"6","gen_factor               ",6,27.6763026235584,4.6127171039264,1.61871526760307e+28,0,"NoError_anova"
"7","exp_env_factor:gen_factor",36,177.005791936264,4.91682755378512,1.72543506357862e+28,0,"NoError_anova"
"8","Residuals                ",686,1.9548366514014e-25,2.84961610991457e-28,NA,NA,"NoError_anova"
