"","Fixed_effect","Df","Sum Sq","Mean Sq","F value","Pr(>F)","data_class"
"1","exp_env_factor           ",6,19.0067608080065,3.16779346800109,5.27543519309675,4.60707051018499e-05,"Raw_anova"
"2","gen_factor               ",6,73.2708192061136,12.2118032010189,20.3367350266298,1.89301547572893e-18,"Raw_anova"
"3","exp_env_factor:gen_factor",36,34.0283346636517,0.945231518434768,1.57412649162434,0.0277405479363797,"Raw_anova"
"4","Residuals                ",196,117.694085322228,0.600480027154225,NA,NA,"Raw_anova"
"5","exp_env_factor           ",6,52.1599537978137,8.69332563296895,1.89106834011712e+30,0,"NoError_anova"
"6","gen_factor               ",6,176.274448212717,29.3790747021196,6.39086126262362e+30,0,"NoError_anova"
"7","exp_env_factor:gen_factor",36,15.565597989469,0.432377721929694,9.4055584184296e+28,0,"NoError_anova"
"8","Residuals                ",196,9.01020755260692e-28,4.59704466969741e-30,NA,NA,"NoError_anova"
