"","Fixed_effect","Df","Sum Sq","Mean Sq","F value","Pr(>F)","data_class"
"1","exp_env_factor           ",9,140.006819681864,15.5563132979849,42.0664446888796,6.1466968017095e-67,"Raw_anova"
"2","gen_factor               ",9,451.356770085343,50.1507522317048,135.614641107414,1.4293842302339e-183,"Raw_anova"
"3","exp_env_factor:gen_factor",81,389.911682644007,4.81372447708651,13.0169835605648,4.26015626305334e-120,"Raw_anova"
"4","Residuals                ",1400,517.724727588785,0.369803376849132,NA,NA,"Raw_anova"
"5","exp_env_factor           ",9,192.315630876587,21.3684034307318,1.20763387842874e+29,0,"NoError_anova"
"6","gen_factor               ",9,736.00405052886,81.77822783654,4.62169102962729e+29,0,"NoError_anova"
"7","exp_env_factor:gen_factor",81,570.680318594549,7.04543603203147,3.9817234208276e+28,0,"NoError_anova"
"8","Residuals                ",1400,2.47722139444681e-25,1.76944385317629e-28,NA,NA,"NoError_anova"
