"","Fixed_effect","Df","Sum Sq","Mean Sq","F value","Pr(>F)","data_class"
"1","exp_env_factor           ",9,165.934203356675,18.4371337062972,190.234874319892,1.38455375754551e-235,"Raw_anova"
"2","gen_factor               ",9,614.928573866755,68.3253970963061,704.983406668743,0,"Raw_anova"
"3","exp_env_factor:gen_factor",81,582.452389587615,7.1907702418224,74.1945735713294,0,"Raw_anova"
"4","Residuals                ",1400,135.684833188953,0.0969177379921096,NA,NA,"Raw_anova"
"5","exp_env_factor           ",9,187.00047049751,20.7778300552789,6.01406152028901e+28,0,"NoError_anova"
"6","gen_factor               ",9,686.738688616123,76.3042987351247,2.20859803759421e+29,0,"NoError_anova"
"7","exp_env_factor:gen_factor",81,625.260840886367,7.71926964057243,2.23431236017387e+28,0,"NoError_anova"
"8","Residuals                ",1400,4.83682482782328e-25,3.45487487701663e-28,NA,NA,"NoError_anova"
