"","Fixed_effect","Df","Sum Sq","Mean Sq","F value","Pr(>F)","data_class"
"1","exp_env_factor           ",6,125.732185794246,20.955364299041,78.5017471032637,1.35173458730971e-74,"Raw_anova"
"2","gen_factor               ",6,27.7375745088802,4.62292908481337,17.3181436845242,1.04334745246075e-18,"Raw_anova"
"3","exp_env_factor:gen_factor",36,397.408456557036,11.039123793251,41.3541130515716,1.20043835961838e-146,"Raw_anova"
"4","Residuals                ",686,183.121783139837,0.266941374839412,NA,NA,"Raw_anova"
"5","exp_env_factor           ",6,190.843244836832,31.8072074728053,7.76350604771553e+28,0,"NoError_anova"
"6","gen_factor               ",6,37.5562671770516,6.25937786284194,1.52778950917517e+28,0,"NoError_anova"
"7","exp_env_factor:gen_factor",36,505.600487986116,14.0444579996143,3.42797256597e+28,0,"NoError_anova"
"8","Residuals                ",686,2.81055288580152e-25,4.09701586851534e-28,NA,NA,"NoError_anova"
