"","row","aov_coefs"
"(Intercept)",16106,-0.353458021924671
"exp_env_factorE_2",16106,-0.786200864443121
"gen_factorG_2",16106,0.870665860639483
"exp_env_factorE_2:gen_factorG_2",16106,1.24490209530596
