"","Fixed_effect","Df","Sum Sq","Mean Sq","F value","Pr(>F)","data_class"
"1","exp_env_factor           ",1,0.452967933326844,0.452967933326844,1.14512984503908,0.300449244151429,"Raw_anova"
"2","gen_factor               ",1,0.482837979688946,0.482837979688946,1.22064309674042,0.285572434989372,"Raw_anova"
"3","exp_env_factor:gen_factor",1,11.7352288917909,11.7352288917909,29.6673557963717,5.37814665774849e-05,"Raw_anova"
"4","Residuals                ",16,6.32896519519335,0.395560324699584,NA,NA,"Raw_anova"
"5","exp_env_factor           ",1,1.38588415862194,1.38588415862194,1.3325781413159e+31,8.48236578330031e-241,"NoError_anova"
"6","gen_factor               ",1,4.37954533728316,4.37954533728316,4.21109249936781e+31,8.52904152518039e-245,"NoError_anova"
"7","exp_env_factor:gen_factor",1,13.2345705040949,13.2345705040949,1.27255220097166e+32,1.22646067054668e-248,"NoError_anova"
"8","Residuals                ",16,1.66400347195057e-30,1.04000216996911e-31,NA,NA,"NoError_anova"
