"","Fixed_effect","Df","Sum Sq","Mean Sq","F value","Pr(>F)","data_class"
"1","exp_env_factor           ",6,61.7499900999317,10.2916650166553,62.2636595081284,8.50065502620392e-43,"Raw_anova"
"2","gen_factor               ",6,23.7944327248378,3.96573878747297,23.992367528655,3.32697655012667e-21,"Raw_anova"
"3","exp_env_factor:gen_factor",36,126.058407474643,3.50162242985119,21.1845047759955,5.13203807703965e-50,"Raw_anova"
"4","Residuals                ",196,32.3971697005875,0.165291682145855,NA,NA,"Raw_anova"
"5","exp_env_factor           ",6,73.3633835414763,12.227230590246,5.64285984816288e+29,0,"NoError_anova"
"6","gen_factor               ",6,29.5338260498612,4.92230434164353,2.27164060781315e+29,0,"NoError_anova"
"7","exp_env_factor:gen_factor",36,141.102790408663,3.91952195579619,1.80885711650835e+29,0,"NoError_anova"
"8","Residuals                ",196,4.24702590561142e-27,2.16684995184256e-29,NA,NA,"NoError_anova"
