"","Fixed_effect","Df","Sum Sq","Mean Sq","F value","Pr(>F)","data_class"
"1","exp_env_factor           ",9,28.2656505601004,3.14062784001116,4.54345603072108,6.41424670778419e-06,"Raw_anova"
"2","gen_factor               ",9,54.4814122885589,6.05349025428433,8.7574103662794,6.7506182200666e-13,"Raw_anova"
"3","exp_env_factor:gen_factor",81,448.51407354495,5.53721078450556,8.01052369584363,2.10137338698253e-70,"Raw_anova"
"4","Residuals                ",1400,967.738863606391,0.691242045433137,NA,NA,"Raw_anova"
"5","exp_env_factor           ",9,105.155664125712,11.6839626806347,1.10182420673068e+28,0,"NoError_anova"
"6","gen_factor               ",9,143.3435937164,15.9270659684889,1.50195847983694e+28,0,"NoError_anova"
"7","exp_env_factor:gen_factor",81,1250.50074215788,15.4382807673813,1.45586492568987e+28,0,"NoError_anova"
"8","Residuals                ",1400,1.48458780021038e-24,1.06041985729313e-27,NA,NA,"NoError_anova"
