"","Fixed_effect","Df","Sum Sq","Mean Sq","F value","Pr(>F)","data_class"
"1","exp_env_factor           ",4,14.5108370257812,3.62770925644529,19.4636174817357,9.0714122661448e-14,"Raw_anova"
"2","gen_factor               ",4,94.6883448039044,23.6720862009761,127.006989325805,1.55570404885524e-56,"Raw_anova"
"3","exp_env_factor:gen_factor",16,97.8643907068106,6.11652441917566,32.8167676064494,7.25245908280023e-50,"Raw_anova"
"4","Residuals                ",225,41.9364274635038,0.186384122060017,NA,NA,"Raw_anova"
"5","exp_env_factor           ",4,13.7292706763786,3.43231766909464,2.99358556757123e+29,0,"NoError_anova"
"6","gen_factor               ",4,112.670803159834,28.1677007899584,2.45671964794349e+30,0,"NoError_anova"
"7","exp_env_factor:gen_factor",16,122.599926163788,7.66249538523672,6.68304562930399e+29,0,"NoError_anova"
"8","Residuals                ",225,2.57975413802137e-27,1.14655739467617e-29,NA,NA,"NoError_anova"
