"","row","aov_coefs"
"(Intercept)",15678,-0.329015586327097
"exp_env_factorE_2",15678,1.17653465917196
"gen_factorG_2",15678,-0.756502318023873
"exp_env_factorE_2:gen_factorG_2",15678,0.475997663012215
