"","Fixed_effect","Df","Sum Sq","Mean Sq","F value","Pr(>F)","data_class"
"1","exp_env_factor           ",9,11.2630542710414,1.25145047456016,2.21702600161833,0.0187845692868779,"Raw_anova"
"2","gen_factor               ",9,525.880578926874,58.4311754363193,103.514631925784,2.7135946448387e-148,"Raw_anova"
"3","exp_env_factor:gen_factor",81,171.594699548153,2.11845308084139,3.75297757195269,3.80896858323088e-24,"Raw_anova"
"4","Residuals                ",1400,790.261667253933,0.564472619467095,NA,NA,"Raw_anova"
"5","exp_env_factor           ",9,24.8747287715766,2.7638587523974,1.38843081069395e+28,0,"NoError_anova"
"6","gen_factor               ",9,1188.82148200467,132.091275778297,6.63563566536734e+29,0,"NoError_anova"
"7","exp_env_factor:gen_factor",81,285.303789223761,3.52226900276248,1.76941994692951e+28,0,"NoError_anova"
"8","Residuals                ",1400,2.78688878376474e-25,1.99063484554624e-28,NA,NA,"NoError_anova"
