"","Fixed_effect","Df","Sum Sq","Mean Sq","F value","Pr(>F)","data_class"
"1","exp_env_factor           ",1,5.83929216333822,5.83929216333822,6.16064692767492,0.0160878461090996,"Raw_anova"
"2","gen_factor               ",1,0.0382793185766697,0.0382793185766697,0.0403859508629266,0.841455984012871,"Raw_anova"
"3","exp_env_factor:gen_factor",1,0.043528690538453,0.043528690538453,0.0459242124096986,0.831092047740784,"Raw_anova"
"4","Residuals                ",56,53.0788998275467,0.947837496920476,NA,NA,"Raw_anova"
"5","exp_env_factor           ",1,49.3028005028031,49.3028005028031,2.83468996238853e+31,0,"NoError_anova"
"6","gen_factor               ",1,3.0326573659178,3.0326573659178,1.74364200549663e+30,0,"NoError_anova"
"7","exp_env_factor:gen_factor",1,6.66454213127893,6.66454213127893,3.83181289719591e+30,0,"NoError_anova"
"8","Residuals                ",56,9.7398899519529e-29,1.73926606284873e-30,NA,NA,"NoError_anova"
