"","Fixed_effect","Df","Sum Sq","Mean Sq","F value","Pr(>F)","data_class"
"1","exp_env_factor           ",6,1.68029389876159,0.280048983126932,0.430989926724879,0.857673228239818,"Raw_anova"
"2","gen_factor               ",6,82.8609178269478,13.810152971158,21.2535562551962,3.7158131297682e-19,"Raw_anova"
"3","exp_env_factor:gen_factor",36,32.1017497699609,0.891715271387803,1.37233242264869,0.0910227627586653,"Raw_anova"
"4","Residuals                ",196,127.35703850433,0.64978080869556,NA,NA,"Raw_anova"
"5","exp_env_factor           ",6,9.75710683941839,1.6261844732364,3.16927182440838e+29,0,"NoError_anova"
"6","gen_factor               ",6,202.927235206332,33.821205867722,6.59141669276686e+30,0,"NoError_anova"
"7","exp_env_factor:gen_factor",36,31.3156579542497,0.869879387618048,1.695308422374e+29,0,"NoError_anova"
"8","Residuals                ",196,1.00569523352208e-27,5.1310981302147e-30,NA,NA,"NoError_anova"
