"","Fixed_effect","Df","Sum Sq","Mean Sq","F value","Pr(>F)","data_class"
"1","exp_env_factor           ",1,5.22121934126216,5.22121934126216,9.80277739631884,0.00644792662450698,"Raw_anova"
"2","gen_factor               ",1,4.55670509036326,4.55670509036326,8.55515977053476,0.00991436218096821,"Raw_anova"
"3","exp_env_factor:gen_factor",1,0.700051035657426,0.700051035657426,1.31433751774797,0.268467539290645,"Raw_anova"
"4","Residuals                ",16,8.52202453271717,0.532626533294823,NA,NA,"Raw_anova"
"5","exp_env_factor           ",1,3.66960425649405,3.66960425649405,1.60916484628603e+32,1.8760922355195e-249,"NoError_anova"
"6","gen_factor               ",1,15.3202632608564,15.3202632608564,6.71811654665208e+32,2.03272302928265e-254,"NoError_anova"
"7","exp_env_factor:gen_factor",1,0.0101324826495302,0.0101324826495302,4.44321342182136e+29,5.55240431575283e-229,"NoError_anova"
"8","Residuals                ",16,3.648704372297e-31,2.28044023268563e-32,NA,NA,"NoError_anova"
