"","Fixed_effect","Df","Sum Sq","Mean Sq","F value","Pr(>F)","data_class"
"1","exp_env_factor           ",1,0.13010804521881,0.13010804521881,0.141149701456581,0.712075182382839,"Raw_anova"
"2","gen_factor               ",1,1.00878936592244,1.00878936592244,1.09440056218707,0.311046019080907,"Raw_anova"
"3","exp_env_factor:gen_factor",1,3.11272762228952,3.11272762228952,3.37689013667772,0.0847591407381619,"Raw_anova"
"4","Residuals                ",16,14.7483749665692,0.921773435410577,NA,NA,"Raw_anova"
"5","exp_env_factor           ",1,3.22878533269217,3.22878533269217,8.02144111953152e+31,4.92084038043816e-247,"NoError_anova"
"6","gen_factor               ",1,6.87292332721462,6.87292332721462,1.70747646894006e+32,1.16740260782514e-249,"NoError_anova"
"7","exp_env_factor:gen_factor",1,8.89829134009322,8.89829134009322,2.21064929050209e+32,1.47876677411415e-250,"NoError_anova"
"8","Residuals                ",16,6.44030973403092e-31,4.02519358376932e-32,NA,NA,"NoError_anova"
