"","Fixed_effect","Df","Sum Sq","Mean Sq","F value","Pr(>F)","data_class"
"1","exp_env_factor           ",1,0.102321167994644,0.102321167994644,0.105518388579031,0.746515658644624,"Raw_anova"
"2","gen_factor               ",1,1.47307363943379e-07,1.47307363943379e-07,1.51910264256795e-07,0.999690404315576,"Raw_anova"
"3","exp_env_factor:gen_factor",1,4.59448580179668,4.59448580179668,4.73804929768003,0.0337348344560039,"Raw_anova"
"4","Residuals                ",56,54.3031928829013,0.969699872908952,NA,NA,"Raw_anova"
"5","exp_env_factor           ",1,1.20166397271776,1.20166397271776,5.2374055657495e+29,0,"NoError_anova"
"6","gen_factor               ",1,2.15121042529081,2.15121042529081,9.3759667513663e+29,0,"NoError_anova"
"7","exp_env_factor:gen_factor",1,55.6471256019913,55.6471256019913,2.42535826955582e+31,0,"NoError_anova"
"8","Residuals                ",56,1.28485719937872e-28,2.29438785603343e-30,NA,NA,"NoError_anova"
