"","Fixed_effect","Df","Sum Sq","Mean Sq","F value","Pr(>F)","data_class"
"1","exp_env_factor           ",2,5.19803996664003,2.59901998332002,3.75785462818803,0.0329469956260861,"Raw_anova"
"2","gen_factor               ",2,11.9539312286428,5.97696561432138,8.64193736117679,0.000860440095898198,"Raw_anova"
"3","exp_env_factor:gen_factor",4,1.94958842927462,0.487397107318654,0.704714656777359,0.593934354725157,"Raw_anova"
"4","Residuals                ",36,24.8984403754426,0.691623343762294,NA,NA,"Raw_anova"
"5","exp_env_factor           ",2,5.99937967138359,2.9996898356918,3.28102625080608e+30,0,"NoError_anova"
"6","gen_factor               ",2,37.1380751566122,18.5690375783061,2.031059978992e+31,0,"NoError_anova"
"7","exp_env_factor:gen_factor",4,0.862545172004175,0.215636293001044,2.35860497823692e+29,0,"NoError_anova"
"8","Residuals                ",36,3.29131271224588e-29,9.1425353117941e-31,NA,NA,"NoError_anova"
