"","Fixed_effect","Df","Sum Sq","Mean Sq","F value","Pr(>F)","data_class"
"1","exp_env_factor           ",6,36.1666564911383,6.02777608185639,127.775447733046,5.75675535575929e-65,"Raw_anova"
"2","gen_factor               ",6,52.2518355729688,8.70863926216147,184.603785170063,8.14412847933341e-78,"Raw_anova"
"3","exp_env_factor:gen_factor",36,146.335254974118,4.06486819372549,86.1661658256445,2.21741925085654e-101,"Raw_anova"
"4","Residuals                ",196,9.2462529617754,0.0471747600090581,NA,NA,"Raw_anova"
"5","exp_env_factor           ",6,37.59033199173,6.26505533195499,7.03068673040197e+29,0,"NoError_anova"
"6","gen_factor               ",6,56.7824177831136,9.4637362971856,1.06202677676725e+30,0,"NoError_anova"
"7","exp_env_factor:gen_factor",36,149.627250225156,4.15631250625434,4.6642415169233e+29,0,"NoError_anova"
"8","Residuals                ",196,1.74655889552481e-27,8.91101477308575e-30,NA,NA,"NoError_anova"
