"","row","aov_coefs"
"(Intercept)",26635,0.00411367403492756
"exp_env_factorE_2",26635,0.00664512202007181
"gen_factorG_2",26635,0.262405135521411
"exp_env_factorE_2:gen_factorG_2",26635,-0.554555211222676
