"","Fixed_effect","Df","Sum Sq","Mean Sq","F value","Pr(>F)","data_class"
"1","exp_env_factor           ",1,6.51258876662132,6.51258876662132,7.19901146790521,0.00957188368487489,"Raw_anova"
"2","gen_factor               ",1,0.191108426974257,0.191108426974257,0.21125113325937,0.647567949278153,"Raw_anova"
"3","exp_env_factor:gen_factor",1,1.63587914174852,1.63587914174852,1.8082997596767,0.184133736940241,"Raw_anova"
"4","Residuals                ",56,50.6604236646559,0.904650422583141,NA,NA,"Raw_anova"
"5","exp_env_factor           ",1,53.6258495497543,53.6258495497543,1.19576031354243e+32,0,"NoError_anova"
"6","gen_factor               ",1,2.12517352618296,2.12517352618296,4.73875599796861e+30,0,"NoError_anova"
"7","exp_env_factor:gen_factor",1,3.24897692406282,3.24897692406282,7.24463611864078e+30,0,"NoError_anova"
"8","Residuals                ",56,2.51141264748095e-29,4.48466544193027e-31,NA,NA,"NoError_anova"
