"","Fixed_effect","Df","Sum Sq","Mean Sq","F value","Pr(>F)","data_class"
"1","exp_env_factor           ",4,1.99589356006675,0.498973390016688,0.764615019621134,0.549274817037055,"Raw_anova"
"2","gen_factor               ",4,15.5692510590941,3.89231276477353,5.96448800788629,0.000140387804698631,"Raw_anova"
"3","exp_env_factor:gen_factor",16,84.6040845056032,5.2877552816002,8.10283111140911,3.30439190352022e-15,"Raw_anova"
"4","Residuals                ",225,146.830770875236,0.652581203889938,NA,NA,"Raw_anova"
"5","exp_env_factor           ",4,11.8097599530643,2.95243998826607,8.41684428680833e+28,0,"NoError_anova"
"6","gen_factor               ",4,22.0766591738386,5.51916479345966,1.57340880236033e+29,0,"NoError_anova"
"7","exp_env_factor:gen_factor",16,215.113580873097,13.4445988045686,3.83279914533068e+29,0,"NoError_anova"
"8","Residuals                ",225,7.89249479642885e-27,3.50777546507949e-29,NA,NA,"NoError_anova"
