"","Fixed_effect","Df","Sum Sq","Mean Sq","F value","Pr(>F)","data_class"
"1","exp_env_factor           ",9,164.243030321146,18.2492255912384,113.268588000542,1.78728620542547e-141,"Raw_anova"
"2","gen_factor               ",9,577.633640729868,64.181515636652,398.359350403808,9.87215856594722e-307,"Raw_anova"
"3","exp_env_factor:gen_factor",81,112.120170332442,1.38419963373386,8.59139678229282,2.05500743792054e-68,"Raw_anova"
"4","Residuals                ",900,145.003158616544,0.161114620685049,NA,NA,"Raw_anova"
"5","exp_env_factor           ",9,190.393329737861,21.1548144153179,3.48123327804529e+29,0,"NoError_anova"
"6","gen_factor               ",9,681.107091688956,75.6785657432173,1.24536541104923e+30,0,"NoError_anova"
"7","exp_env_factor:gen_factor",81,127.499578573184,1.57406887127388,2.59028551564416e+28,0,"NoError_anova"
"8","Residuals                ",900,5.46913448571786e-26,6.07681609524206e-29,NA,NA,"NoError_anova"
