"","Fixed_effect","Df","Sum Sq","Mean Sq","F value","Pr(>F)","data_class"
"1","exp_env_factor           ",6,68.1700583522325,11.3616763920388,35.8274510026127,4.24600350911523e-29,"Raw_anova"
"2","gen_factor               ",6,13.0624035642684,2.17706726071141,6.86507588503266,1.25095794868851e-06,"Raw_anova"
"3","exp_env_factor:gen_factor",36,100.611607071907,2.79476686310852,8.81290483875319,2.91749727236786e-25,"Raw_anova"
"4","Residuals                ",196,62.1559310115922,0.317122096997919,NA,NA,"Raw_anova"
"5","exp_env_factor           ",6,93.7209979026156,15.6201663171026,1.37374705663085e+30,0,"NoError_anova"
"6","gen_factor               ",6,12.6561580212381,2.10935967020636,1.85511894015435e+29,0,"NoError_anova"
"7","exp_env_factor:gen_factor",36,137.622844076146,3.82285677989295,3.36208856082997e+29,0,"NoError_anova"
"8","Residuals                ",196,2.22861449156488e-27,1.13704820998208e-29,NA,NA,"NoError_anova"
