"","Fixed_effect","Df","Sum Sq","Mean Sq","F value","Pr(>F)","data_class"
"1","exp_env_factor           ",4,31.1214731263865,7.78036828159663,43.4009033652653,5.73573730324453e-27,"Raw_anova"
"2","gen_factor               ",4,72.6202399761036,18.1550599940259,101.273612748523,3.56996283146803e-49,"Raw_anova"
"3","exp_env_factor:gen_factor",16,104.923115792286,6.5576947370179,36.580514607956,1.51873882801864e-53,"Raw_anova"
"4","Residuals                ",225,40.3351711052234,0.179267427134326,NA,NA,"Raw_anova"
"5","exp_env_factor           ",4,35.0669785346293,8.76674463365732,2.97815428755194e+29,0,"NoError_anova"
"6","gen_factor               ",4,94.5521440540821,23.6380360135205,8.03008656516607e+29,0,"NoError_anova"
"7","exp_env_factor:gen_factor",16,119.380877411288,7.4613048382055,2.53468281821774e+29,0,"NoError_anova"
"8","Residuals                ",225,6.62328862818694e-27,2.94368383474975e-29,NA,NA,"NoError_anova"
