"","Fixed_effect","Df","Sum Sq","Mean Sq","F value","Pr(>F)","data_class"
"1","exp_env_factor           ",2,25.8884206119165,12.9442103059583,45.1200865035597,6.80164746104218e-14,"Raw_anova"
"2","gen_factor               ",2,29.6379766066078,14.8189883033039,51.6550657271488,3.45859974701724e-15,"Raw_anova"
"3","exp_env_factor:gen_factor",4,10.2360357457852,2.5590089364463,8.92002693456638,5.09189675719178e-06,"Raw_anova"
"4","Residuals                ",81,23.2375670356904,0.286883543650499,NA,NA,"Raw_anova"
"5","exp_env_factor           ",2,30.3533026980304,15.1766513490152,1.56364238017135e+31,0,"NoError_anova"
"6","gen_factor               ",2,36.1912412442432,18.0956206221216,1.86438224411658e+31,0,"NoError_anova"
"7","exp_env_factor:gen_factor",4,22.4554560577264,5.6138640144316,5.78393447119262e+30,0,"NoError_anova"
"8","Residuals                ",81,7.86182809355374e-29,9.7059606093256e-31,NA,NA,"NoError_anova"
