"","Fixed_effect","Df","Sum Sq","Mean Sq","F value","Pr(>F)","data_class"
"1","exp_env_factor           ",9,95.219024667831,10.579891629759,220.750624888488,3.78492210189009e-149,"Raw_anova"
"2","gen_factor               ",9,118.01576434724,13.1128627052489,273.601350331278,6.96533851887215e-165,"Raw_anova"
"3","exp_env_factor:gen_factor",81,266.594453692435,3.29128955175846,68.673125459621,3.57931847593218e-191,"Raw_anova"
"4","Residuals                ",400,19.170757292494,0.047926893231235,NA,NA,"Raw_anova"
"5","exp_env_factor           ",9,104.327963027607,11.5919958919563,4.68308395892908e+28,0,"NoError_anova"
"6","gen_factor               ",9,128.156265415951,14.2395850462168,5.75269116149505e+28,0,"NoError_anova"
"7","exp_env_factor:gen_factor",81,266.515771556442,3.29031816736349,1.32926515614494e+28,0,"NoError_anova"
"8","Residuals                ",400,9.90116427005693e-26,2.47529106751423e-28,NA,NA,"NoError_anova"
