"","Fixed_effect","Df","Sum Sq","Mean Sq","F value","Pr(>F)","data_class"
"1","exp_env_factor           ",6,14.7877969430447,2.46463282384078,3.92462891904811,0.00099854564204852,"Raw_anova"
"2","gen_factor               ",6,74.5513061816873,12.4252176969479,19.7856525431312,5.10022578899711e-18,"Raw_anova"
"3","exp_env_factor:gen_factor",36,31.5746017281694,0.877072270226928,1.39663123956274,0.0795904344831028,"Raw_anova"
"4","Residuals                ",196,123.086295147099,0.627991301770911,NA,NA,"Raw_anova"
"5","exp_env_factor           ",6,30.4834015506617,5.08056692511028,5.65169639950565e+29,0,"NoError_anova"
"6","gen_factor               ",6,185.050165179884,30.8416941966473,3.43087483375809e+30,0,"NoError_anova"
"7","exp_env_factor:gen_factor",36,28.4664332694544,0.790734257484843,8.79624266714262e+28,0,"NoError_anova"
"8","Residuals                ",196,1.76193313817904e-27,8.98945478662774e-30,NA,NA,"NoError_anova"
