"","Fixed_effect","Df","Sum Sq","Mean Sq","F value","Pr(>F)","data_class"
"1","exp_env_factor           ",1,0.00228047796662423,0.00228047796662423,0.00199158888615601,0.964956674210023,"Raw_anova"
"2","gen_factor               ",1,0.675015852025202,0.675015852025202,0.589505396915788,0.45379329597248,"Raw_anova"
"3","exp_env_factor:gen_factor",1,0.00183046187693943,0.00183046187693943,0.00159858046602454,0.96860193131508,"Raw_anova"
"4","Residuals                ",16,18.3208732081312,1.1450545755082,NA,NA,"Raw_anova"
"5","exp_env_factor           ",1,0.0228580819380856,0.0228580819380856,3.18833974584966e+29,7.89844744211301e-228,"NoError_anova"
"6","gen_factor               ",1,15.978472842848,15.978472842848,2.22874343441514e+32,1.38540854840076e-250,"NoError_anova"
"7","exp_env_factor:gen_factor",1,2.99866907521391,2.99866907521391,4.18266756723135e+31,9.00392123128525e-245,"NoError_anova"
"8","Residuals                ",16,1.14708387487704e-30,7.16927421798149e-32,NA,NA,"NoError_anova"
