"","Fixed_effect","Df","Sum Sq","Mean Sq","F value","Pr(>F)","data_class"
"1","exp_env_factor           ",4,67.7933446798454,16.9483361699613,61.8796881900495,3.35768239148329e-35,"Raw_anova"
"2","gen_factor               ",4,19.2046909753846,4.80117274384614,17.5294535909858,1.54520015506805e-12,"Raw_anova"
"3","exp_env_factor:gen_factor",16,100.376320296122,6.27352001850764,22.9051075401328,1.25886059313978e-38,"Raw_anova"
"4","Residuals                ",225,61.6256440486478,0.273891751327323,NA,NA,"Raw_anova"
"5","exp_env_factor           ",4,86.3751576417082,21.5937894104271,5.85787133819514e+29,0,"NoError_anova"
"6","gen_factor               ",4,21.7244858347065,5.43112145867663,1.47333152705823e+29,0,"NoError_anova"
"7","exp_env_factor:gen_factor",16,140.900356523585,8.80627228272405,2.38892808579498e+29,0,"NoError_anova"
"8","Residuals                ",225,8.29414361777886e-27,3.68628605234616e-29,NA,NA,"NoError_anova"
