"","Fixed_effect","Df","Sum Sq","Mean Sq","F value","Pr(>F)","data_class"
"1","exp_env_factor           ",2,1.07863554379066,0.539317771895329,0.574889890295394,0.564235965840709,"Raw_anova"
"2","gen_factor               ",2,11.860362530494,5.93018126524698,6.3213219268274,0.00242015929596679,"Raw_anova"
"3","exp_env_factor:gen_factor",4,2.85742867467985,0.714357168669961,0.761474469652943,0.552249996453066,"Raw_anova"
"4","Residuals                ",126,118.203573251036,0.938123597230441,NA,NA,"Raw_anova"
"5","exp_env_factor           ",2,27.2478125218658,13.6239062609329,2.6814355130892e+30,0,"NoError_anova"
"6","gen_factor               ",2,106.063838409336,53.0319192046681,1.04376578023326e+31,0,"NoError_anova"
"7","exp_env_factor:gen_factor",4,0.688349068797839,0.17208726719946,3.38699416144915e+28,0,"NoError_anova"
"8","Residuals                ",126,6.40184028479539e-28,5.08082562285349e-30,NA,NA,"NoError_anova"
