"","Fixed_effect","Df","Sum Sq","Mean Sq","F value","Pr(>F)","data_class"
"1","exp_env_factor           ",9,222.507525244255,24.7230583604728,74.5293795240604,1.53563651185922e-112,"Raw_anova"
"2","gen_factor               ",9,50.3552045425401,5.5950227269489,16.8665852817468,1.22611575870512e-26,"Raw_anova"
"3","exp_env_factor:gen_factor",81,761.726028288292,9.40402504059619,28.3490877659749,2.9016789323231e-238,"Raw_anova"
"4","Residuals                ",1400,464.411241924911,0.33172231566065,NA,NA,"Raw_anova"
"5","exp_env_factor           ",9,318.14037906077,35.3489310067523,1.60992073137604e+28,0,"NoError_anova"
"6","gen_factor               ",9,74.1914229067091,8.24349143407879,3.7543901274155e+27,0,"NoError_anova"
"7","exp_env_factor:gen_factor",81,1106.66819803252,13.6625703460805,6.22243859081253e+27,0,"NoError_anova"
"8","Residuals                ",1400,3.07397143505035e-24,2.19569388217882e-27,NA,NA,"NoError_anova"
