"","Fixed_effect","Df","Sum Sq","Mean Sq","F value","Pr(>F)","data_class"
"1","exp_env_factor           ",4,55.13796212082,13.784490530205,24.0716507906447,1.36657534909835e-16,"Raw_anova"
"2","gen_factor               ",4,43.5806649749954,10.8951662437488,19.0260667632844,1.71291819329076e-13,"Raw_anova"
"3","exp_env_factor:gen_factor",16,21.4364342553774,1.33977714096109,2.33963289421796,0.00320036683244612,"Raw_anova"
"4","Residuals                ",225,128.844938648807,0.572644171772476,NA,NA,"Raw_anova"
"5","exp_env_factor           ",4,128.651113951607,32.1627784879019,3.86680555401449e+30,0,"NoError_anova"
"6","gen_factor               ",4,94.756014185579,23.6890035463948,2.84803660593951e+30,0,"NoError_anova"
"7","exp_env_factor:gen_factor",16,25.5928718628132,1.59955449142583,1.92308204769087e+29,0,"NoError_anova"
"8","Residuals                ",225,1.87147376786632e-27,8.31766119051699e-30,NA,NA,"NoError_anova"
