"","Fixed_effect","Df","Sum Sq","Mean Sq","F value","Pr(>F)","data_class"
"1","exp_env_factor           ",1,3.24215842793559,3.24215842793559,4.94416227985891,0.0325432457156639,"Raw_anova"
"2","gen_factor               ",1,7.09748158176278,7.09748158176278,10.8233763088773,0.00224761747909216,"Raw_anova"
"3","exp_env_factor:gen_factor",1,5.05318514469522,5.05318514469522,7.7059057849476,0.00867772117116721,"Raw_anova"
"4","Residuals                ",36,23.6071748456064,0.6557548568224,NA,NA,"Raw_anova"
"5","exp_env_factor           ",1,3.49713588871534,3.49713588871534,1.36186257666345e+31,0,"NoError_anova"
"6","gen_factor               ",1,7.35929543656204,7.35929543656204,2.86587349322181e+31,0,"NoError_anova"
"7","exp_env_factor:gen_factor",1,28.1435686747226,28.1435686747226,1.09597322413291e+32,0,"NoError_anova"
"8","Residuals                ",36,9.24446373305873e-30,2.56790659251631e-31,NA,NA,"NoError_anova"
