"","Fixed_effect","Df","Sum Sq","Mean Sq","F value","Pr(>F)","data_class"
"1","exp_env_factor           ",6,12.4638928911428,2.07731548185713,3.66870422342976,0.00178089228391177,"Raw_anova"
"2","gen_factor               ",6,53.4764941039436,8.91274901732393,15.7406230530729,9.9550603243887e-15,"Raw_anova"
"3","exp_env_factor:gen_factor",36,67.0793296002835,1.86331471111899,3.29076185584948,5.65742317175779e-08,"Raw_anova"
"4","Residuals                ",196,110.98028340463,0.566225935737909,NA,NA,"Raw_anova"
"5","exp_env_factor           ",6,24.123586507635,4.0205977512725,2.11648247055202e+29,0,"NoError_anova"
"6","gen_factor               ",6,107.403082086976,17.9005136811627,9.42300766299407e+29,0,"NoError_anova"
"7","exp_env_factor:gen_factor",36,112.473331405389,3.12425920570524,1.6446409841032e+29,0,"NoError_anova"
"8","Residuals                ",196,3.72333421237301e-27,1.89966031243521e-29,NA,NA,"NoError_anova"
