"","Fixed_effect","Df","Sum Sq","Mean Sq","F value","Pr(>F)","data_class"
"1","exp_env_factor           ",6,41.5796846629561,6.92994744382601,28.2811902469133,2.8401847598554e-30,"Raw_anova"
"2","gen_factor               ",6,101.820095579318,16.9700159298863,69.2548180049824,2.42831434788443e-67,"Raw_anova"
"3","exp_env_factor:gen_factor",36,422.504609036975,11.736239139916,47.8957184870054,1.22272278974701e-161,"Raw_anova"
"4","Residuals                ",686,168.095610720751,0.245037333412174,NA,NA,"Raw_anova"
"5","exp_env_factor           ",6,64.5587853514875,10.7597975585813,2.55058990170435e+28,0,"NoError_anova"
"6","gen_factor               ",6,125.655833300134,20.9426388833556,4.96441340648892e+28,0,"NoError_anova"
"7","exp_env_factor:gen_factor",36,543.785381348376,15.1051494818993,3.58064745386782e+28,0,"NoError_anova"
"8","Residuals                ",686,2.89392705595458e-25,4.21855255970055e-28,NA,NA,"NoError_anova"
