"","Fixed_effect","Df","Sum Sq","Mean Sq","F value","Pr(>F)","data_class"
"1","exp_env_factor           ",6,17.5033052381301,2.91721753968834,49.3204762515437,1.24213116488982e-36,"Raw_anova"
"2","gen_factor               ",6,34.7965884664338,5.79943141107231,98.0491565304403,2.69074231060568e-56,"Raw_anova"
"3","exp_env_factor:gen_factor",36,180.107058514171,5.00297384761585,84.5836998720338,1.20045317444258e-100,"Raw_anova"
"4","Residuals                ",196,11.5930477812655,0.0591482029656402,NA,NA,"Raw_anova"
"5","exp_env_factor           ",6,17.7645151257172,2.96075252095287,3.12335970202578e+29,0,"NoError_anova"
"6","gen_factor               ",6,42.7896452646348,7.1316075441058,7.5232818198376e+29,0,"NoError_anova"
"7","exp_env_factor:gen_factor",36,183.445839609648,5.09571776693467,5.37557915209282e+29,0,"NoError_anova"
"8","Residuals                ",196,1.85795921529749e-27,9.47938375151782e-30,NA,NA,"NoError_anova"
