"","Fixed_effect","Df","Sum Sq","Mean Sq","F value","Pr(>F)","data_class"
"1","exp_env_factor           ",1,14.9236430917771,14.9236430917771,20.0396276494454,3.77319921490125e-05,"Raw_anova"
"2","gen_factor               ",1,1.90281931969124,1.90281931969124,2.55512614555852,0.115564738998782,"Raw_anova"
"3","exp_env_factor:gen_factor",1,0.469967654055158,0.469967654055158,0.631077595237992,0.430314101519011,"Raw_anova"
"4","Residuals                ",56,41.7035699344765,0.744706605972795,NA,NA,"Raw_anova"
"5","exp_env_factor           ",1,51.0374370905803,51.0374370905803,3.01800370128732e+32,0,"NoError_anova"
"6","gen_factor               ",1,7.93732564051193,7.93732564051193,4.69358955444277e+31,0,"NoError_anova"
"7","exp_env_factor:gen_factor",1,0.0252372689077146,0.0252372689077146,1.49235885098791e+29,0,"NoError_anova"
"8","Residuals                ",56,9.47015563915109e-30,1.69109922127698e-31,NA,NA,"NoError_anova"
