"","Fixed_effect","Df","Sum Sq","Mean Sq","F value","Pr(>F)","data_class"
"1","exp_env_factor           ",4,15.2668141268296,3.8167035317074,5.69310913058016,0.000360334821663305,"Raw_anova"
"2","gen_factor               ",4,33.6732144215435,8.41830360538587,12.5569934163523,2.5754662359277e-08,"Raw_anova"
"3","exp_env_factor:gen_factor",16,8.01921315654659,0.501200822284162,0.747606135476755,0.739076249067476,"Raw_anova"
"4","Residuals                ",100,67.0407582950803,0.670407582950803,NA,NA,"Raw_anova"
"5","exp_env_factor           ",4,63.5406024420126,15.8851506105032,9.02493773437334e+30,0,"NoError_anova"
"6","gen_factor               ",4,55.6721126887444,13.9180281721861,7.90734319863367e+30,0,"NoError_anova"
"7","exp_env_factor:gen_factor",16,4.78728486924307,0.299205304327692,1.6998952717302e+29,0,"NoError_anova"
"8","Residuals                ",100,1.76013963509147e-28,1.76013963509147e-30,NA,NA,"NoError_anova"
