"","row","aov_coefs"
"(Intercept)",1698,-1.36826309433415
"exp_env_factorE_2",1698,1.37035131023517
"exp_env_factorE_3",1698,1.71671891161418
"gen_factorG_2",1698,1.65107127457256
"gen_factorG_3",1698,1.1977747745791
"exp_env_factorE_2:gen_factorG_2",1698,-1.99776528837974
"exp_env_factorE_3:gen_factorG_2",1698,-0.855314415882489
"exp_env_factorE_2:gen_factorG_3",1698,-2.22512003259883
"exp_env_factorE_3:gen_factorG_3",1698,-0.415181227134539
