"","Fixed_effect","Df","Sum Sq","Mean Sq","F value","Pr(>F)","data_class"
"1","exp_env_factor           ",6,150.779491289092,25.1299152148487,572.307294418807,3.72157711800095e-263,"Raw_anova"
"2","gen_factor               ",6,219.072846408979,36.5121410681632,831.525474300497,8.06605009902887e-311,"Raw_anova"
"3","exp_env_factor:gen_factor",36,334.025519869875,9.27848666305209,211.307740317989,0,"Raw_anova"
"4","Residuals                ",686,30.122142432053,0.043909828618153,NA,NA,"Raw_anova"
"5","exp_env_factor           ",6,157.534965337863,26.2558275563105,7.08122959775136e+28,0,"NoError_anova"
"6","gen_factor               ",6,235.06592284615,39.1776538076917,1.05662623323714e+29,0,"NoError_anova"
"7","exp_env_factor:gen_factor",36,341.399111815987,9.4833086615552,2.55766023123032e+28,0,"NoError_anova"
"8","Residuals                ",686,2.54355510649571e-25,3.70780627769054e-28,NA,NA,"NoError_anova"
