"","Fixed_effect","Df","Sum Sq","Mean Sq","F value","Pr(>F)","data_class"
"1","exp_env_factor           ",4,61.0136334508384,15.2534083627096,89.8019383668775,1.6899528965868e-45,"Raw_anova"
"2","gen_factor               ",4,69.8550638981639,17.463765974541,102.815056045658,1.2000169227581e-49,"Raw_anova"
"3","exp_env_factor:gen_factor",16,79.9136767954345,4.99460479971465,29.4049160505928,2.81671634085542e-46,"Raw_anova"
"4","Residuals                ",225,38.2176258555631,0.169856114913614,NA,NA,"Raw_anova"
"5","exp_env_factor           ",4,71.5735123438603,17.8933780859651,8.52301916868442e+29,0,"NoError_anova"
"6","gen_factor               ",4,85.0852631447198,21.2713157861799,1.01320070093949e+30,0,"NoError_anova"
"7","exp_env_factor:gen_factor",16,92.34122451142,5.77132653196375,2.74901287081427e+29,0,"NoError_anova"
"8","Residuals                ",225,4.72369003244138e-27,2.09941779219617e-29,NA,NA,"NoError_anova"
