"","Fixed_effect","Df","Sum Sq","Mean Sq","F value","Pr(>F)","data_class"
"1","exp_env_factor           ",4,12.4462350323687,3.11155875809218,38.6605847688536,1.58456198885366e-19,"Raw_anova"
"2","gen_factor               ",4,24.2833538893139,6.07083847232848,75.4291284929415,2.45515294933514e-29,"Raw_anova"
"3","exp_env_factor:gen_factor",16,79.2220104224666,4.95137565140416,61.5199946315387,2.37849949743138e-44,"Raw_anova"
"4","Residuals                ",100,8.04840065585084,0.0804840065585084,NA,NA,"Raw_anova"
"5","exp_env_factor           ",4,9.94363710625962,2.4859092765649,1.90281460023084e+29,0,"NoError_anova"
"6","gen_factor               ",4,24.7928526618861,6.19821316547152,4.74436079296487e+29,0,"NoError_anova"
"7","exp_env_factor:gen_factor",16,89.2635102318544,5.5789693894909,4.27036678636692e+29,0,"NoError_anova"
"8","Residuals                ",100,1.30643798731801e-27,1.30643798731801e-29,NA,NA,"NoError_anova"
