"","Fixed_effect","Df","Sum Sq","Mean Sq","F value","Pr(>F)","data_class"
"1","exp_env_factor           ",4,87.3418886744351,21.8354721686088,88.8478624247254,4.86224837841905e-52,"Raw_anova"
"2","gen_factor               ",4,136.848470502435,34.2121176256086,139.208050853533,4.78577823588348e-71,"Raw_anova"
"3","exp_env_factor:gen_factor",16,63.7927682676657,3.98704801672911,16.2231753422025,2.13004520056214e-33,"Raw_anova"
"4","Residuals                ",350,86.0168725554647,0.245762493015614,NA,NA,"Raw_anova"
"5","exp_env_factor           ",4,113.417481006423,28.3543702516057,8.23043781715309e+29,0,"NoError_anova"
"6","gen_factor               ",4,180.598628576534,45.1496571441335,1.31056144888116e+30,0,"NoError_anova"
"7","exp_env_factor:gen_factor",16,79.9838904170438,4.99899315106524,1.45106034495288e+29,0,"NoError_anova"
"8","Residuals                ",350,1.20577177162791e-26,3.44506220465117e-29,NA,NA,"NoError_anova"
