"","Fixed_effect","Df","Sum Sq","Mean Sq","F value","Pr(>F)","data_class"
"1","exp_env_factor           ",1,3.51121209435544,3.51121209435544,26.3749371898302,9.96483950036675e-05,"Raw_anova"
"2","gen_factor               ",1,12.5092799155646,12.5092799155646,93.9651217861238,4.22802038416493e-08,"Raw_anova"
"3","exp_env_factor:gen_factor",1,0.849478519096112,0.849478519096112,6.38097101034931,0.0224635122665781,"Raw_anova"
"4","Residuals                ",16,2.13002947098388,0.133126841936492,NA,NA,"Raw_anova"
"5","exp_env_factor           ",1,1.22350013707809,1.22350013707809,1.63520615654247e+31,1.64997881817265e-241,"NoError_anova"
"6","gen_factor               ",1,17.2461491325469,17.2461491325469,2.30494532722641e+32,1.05870130806746e-250,"NoError_anova"
"7","exp_env_factor:gen_factor",1,0.530350730375049,0.530350730375049,7.08812981016221e+30,1.32374757482427e-238,"NoError_anova"
"8","Residuals                ",16,1.19715805343111e-30,7.48223783394441e-32,NA,NA,"NoError_anova"
