"","Fixed_effect","Df","Sum Sq","Mean Sq","F value","Pr(>F)","data_class"
"1","exp_env_factor           ",6,23.4538944310133,3.90898240516889,25.5793670081161,2.38354556936529e-22,"Raw_anova"
"2","gen_factor               ",6,23.2268363466868,3.87113939111446,25.3317321392788,3.58029177222856e-22,"Raw_anova"
"3","exp_env_factor:gen_factor",36,167.366981850607,4.64908282918352,30.4223922270835,3.17879248274907e-62,"Raw_anova"
"4","Residuals                ",196,29.9522873716932,0.15281779271272,NA,NA,"Raw_anova"
"5","exp_env_factor           ",6,21.3781369155891,3.56302281926484,8.18982621064617e+28,0,"NoError_anova"
"6","gen_factor               ",6,28.7077858508777,4.78463097514628,1.0997767389154e+29,0,"NoError_anova"
"7","exp_env_factor:gen_factor",36,193.914077233533,5.38650214537592,1.23812051428297e+29,0,"NoError_anova"
"8","Residuals                ",196,8.52707315898966e-27,4.35054753009677e-29,NA,NA,"NoError_anova"
