"","Fixed_effect","Df","Sum Sq","Mean Sq","F value","Pr(>F)","data_class"
"1","exp_env_factor           ",6,111.929699125045,18.6549498541741,129.380474054315,3.01274742458315e-109,"Raw_anova"
"2","gen_factor               ",6,65.4215294087457,10.903588234791,75.6212922434984,2.25704194138766e-72,"Raw_anova"
"3","exp_env_factor:gen_factor",36,457.736662096514,12.7149072804587,88.183605121529,8.62744724315739e-231,"Raw_anova"
"4","Residuals                ",686,98.9121093696952,0.144186748352325,NA,NA,"Raw_anova"
"5","exp_env_factor           ",6,130.886474475961,21.8144124126602,4.14567781474084e+28,0,"NoError_anova"
"6","gen_factor               ",6,80.3712025964049,13.3952004327341,2.54566495798733e+28,0,"NoError_anova"
"7","exp_env_factor:gen_factor",36,522.742322927633,14.5206200813231,2.75954315837933e+28,0,"NoError_anova"
"8","Residuals                ",686,3.60970813068849e-25,5.26196520508526e-28,NA,NA,"NoError_anova"
