"","Fixed_effect","Df","Sum Sq","Mean Sq","F value","Pr(>F)","data_class"
"1","exp_env_factor           ",1,4.19342335594196,4.19342335594196,5.19851663744243,0.0286322434195359,"Raw_anova"
"2","gen_factor               ",1,5.6166303130842,5.6166303130842,6.96284244412356,0.0122182832170624,"Raw_anova"
"3","exp_env_factor:gen_factor",1,0.150269949716442,0.150269949716442,0.186287137596459,0.668598874137463,"Raw_anova"
"4","Residuals                ",36,29.0396763812574,0.80665767725715,NA,NA,"Raw_anova"
"5","exp_env_factor           ",1,16.238061261684,16.238061261684,3.50881120086766e+31,0,"NoError_anova"
"6","gen_factor               ",1,21.9382690232971,21.9382690232971,4.74054401175537e+31,0,"NoError_anova"
"7","exp_env_factor:gen_factor",1,0.823669715018978,0.823669715018978,1.77983164079672e+30,0,"NoError_anova"
"8","Residuals                ",36,1.66600643909273e-29,4.62779566414648e-31,NA,NA,"NoError_anova"
