"","Fixed_effect","Df","Sum Sq","Mean Sq","F value","Pr(>F)","data_class"
"1","exp_env_factor           ",6,47.6599182481096,7.94331970801826,31.3035839157139,2.36993533632902e-31,"Raw_anova"
"2","gen_factor               ",6,113.765288234624,18.9608813724373,74.7223532446824,4.27062138626026e-64,"Raw_anova"
"3","exp_env_factor:gen_factor",36,215.67054636563,5.99084851015639,23.6091503247321,4.53974065559457e-81,"Raw_anova"
"4","Residuals                ",441,111.904247151637,0.253751127327975,NA,NA,"Raw_anova"
"5","exp_env_factor           ",6,66.0456511218904,11.0076085203151,2.49888462577854e+29,0,"NoError_anova"
"6","gen_factor               ",6,161.626953736993,26.9378256228322,6.11527183007703e+29,0,"NoError_anova"
"7","exp_env_factor:gen_factor",36,261.327395141117,7.25909430947546,1.64791826794595e+29,0,"NoError_anova"
"8","Residuals                ",441,1.94260883731138e-26,4.40500870138636e-29,NA,NA,"NoError_anova"
