"","Fixed_effect","Df","Sum Sq","Mean Sq","F value","Pr(>F)","data_class"
"1","exp_env_factor           ",1,7.13662666381842,7.13662666381842,10.1950741726718,0.00566068107817733,"Raw_anova"
"2","gen_factor               ",1,0.000470636796142241,0.000470636796142241,0.000672331238704801,0.979634337168048,"Raw_anova"
"3","exp_env_factor:gen_factor",1,0.662785398897899,0.662785398897899,0.946826367783199,0.345010595104437,"Raw_anova"
"4","Residuals                ",16,11.2001173004875,0.700007331280471,NA,NA,"Raw_anova"
"5","exp_env_factor           ",1,18.0637935155843,18.0637935155843,5.78074442676055e+32,6.7637621071237e-254,"NoError_anova"
"6","gen_factor               ",1,0.328117943159169,0.328117943159169,1.05003745176842e+31,5.70716150449948e-240,"NoError_anova"
"7","exp_env_factor:gen_factor",1,0.608088541256568,0.608088541256568,1.94599459012481e+31,4.10133693180572e-242,"NoError_anova"
"8","Residuals                ",16,4.99971413562927e-31,3.12482133476829e-32,NA,NA,"NoError_anova"
