"","Fixed_effect","Df","Sum Sq","Mean Sq","F value","Pr(>F)","data_class"
"1","exp_env_factor           ",9,128.063219080373,14.2292465644859,54.7232053410245,1.66018360980612e-85,"Raw_anova"
"2","gen_factor               ",9,434.289153488265,48.254350387585,185.577831748884,1.76364386907521e-231,"Raw_anova"
"3","exp_env_factor:gen_factor",81,572.61659039439,7.06934062215296,27.187453442353,1.0638875577531e-230,"Raw_anova"
"4","Residuals                ",1400,364.031037036971,0.260022169312122,NA,NA,"Raw_anova"
"5","exp_env_factor           ",9,200.149710965641,22.2388567739601,5.92657682098747e+28,0,"NoError_anova"
"6","gen_factor               ",9,546.113305866358,60.6792562073731,1.61708075648234e+29,0,"NoError_anova"
"7","exp_env_factor:gen_factor",81,752.736983168002,9.2930491749136,2.47656479809831e+28,0,"NoError_anova"
"8","Residuals                ",1400,5.25335289222769e-25,3.75239492301978e-28,NA,NA,"NoError_anova"
