"","Fixed_effect","Df","Sum Sq","Mean Sq","F value","Pr(>F)","data_class"
"1","exp_env_factor           ",4,30.6461470078521,7.66153675196303,27.8754700557239,1.48387491953211e-15,"Raw_anova"
"2","gen_factor               ",4,26.0683671021514,6.51709177553785,23.7115610772034,8.3020065428988e-14,"Raw_anova"
"3","exp_env_factor:gen_factor",16,39.8006157276373,2.48753848297733,9.05057389131871,2.67392831851507e-13,"Raw_anova"
"4","Residuals                ",100,27.4848701623592,0.274848701623592,NA,NA,"Raw_anova"
"5","exp_env_factor           ",4,40.6657781389287,10.1664445347322,1.41428494977602e+30,0,"NoError_anova"
"6","gen_factor               ",4,34.7330212777642,8.68325531944104,1.20795399723012e+30,0,"NoError_anova"
"7","exp_env_factor:gen_factor",16,48.6012005833071,3.03757503645669,4.22566280984408e+29,0,"NoError_anova"
"8","Residuals                ",100,7.18839901134652e-28,7.18839901134652e-30,NA,NA,"NoError_anova"
