"","Fixed_effect","Df","Sum Sq","Mean Sq","F value","Pr(>F)","data_class"
"1","exp_env_factor           ",2,1.5703284600341,0.785164230017052,0.974372452787511,0.380254573613118,"Raw_anova"
"2","gen_factor               ",2,11.0723752475487,5.53618762377436,6.87029351038029,0.00147238998372464,"Raw_anova"
"3","exp_env_factor:gen_factor",4,19.8245685360804,4.95614213402009,6.15046914119332,0.000148861220258581,"Raw_anova"
"4","Residuals                ",126,101.532727756337,0.805815299653467,NA,NA,"Raw_anova"
"5","exp_env_factor           ",2,3.91134758672731,1.95567379336365,1.56939683770757e+29,0,"NoError_anova"
"6","gen_factor               ",2,76.9946691141945,38.4973345570973,3.08934932395672e+30,0,"NoError_anova"
"7","exp_env_factor:gen_factor",4,53.0939832990781,13.2734958247695,1.06517674079423e+30,0,"NoError_anova"
"8","Residuals                ",126,1.57012485334022e-27,1.2461308359843e-29,NA,NA,"NoError_anova"
