"","Fixed_effect","Df","Sum Sq","Mean Sq","F value","Pr(>F)","data_class"
"1","exp_env_factor           ",1,0.0608001326835521,0.0608001326835521,0.0692567439045587,0.795780957637151,"Raw_anova"
"2","gen_factor               ",1,4.14565906766564,4.14565906766564,4.72227338481783,0.0451380334600993,"Raw_anova"
"3","exp_env_factor:gen_factor",1,0.747224613064963,0.747224613064963,0.851155110722692,0.369929516836357,"Raw_anova"
"4","Residuals                ",16,14.0463161865858,0.877894761661616,NA,NA,"Raw_anova"
"5","exp_env_factor           ",1,1.8297770851209,1.8297770851209,7.19208615510389e+30,1.1782011102176e-238,"NoError_anova"
"6","gen_factor               ",1,15.5752224513835,15.5752224513835,6.12196658632093e+31,4.27494801994347e-246,"NoError_anova"
"7","exp_env_factor:gen_factor",1,1.59500046349561,1.59500046349561,6.26927774108241e+30,3.53442194260959e-238,"NoError_anova"
"8","Residuals                ",16,4.07064553045686e-30,2.54415345653554e-31,NA,NA,"NoError_anova"
