"","Fixed_effect","Df","Sum Sq","Mean Sq","F value","Pr(>F)","data_class"
"1","exp_env_factor           ",1,0.612122811004424,0.612122811004424,0.615600149381742,0.437819780395349,"Raw_anova"
"2","gen_factor               ",1,2.19562042278154,2.19562042278154,2.20809327140097,0.145993982490834,"Raw_anova"
"3","exp_env_factor:gen_factor",1,0.395609838348849,0.395609838348849,0.397857212974665,0.532182189986139,"Raw_anova"
"4","Residuals                ",36,35.7966469278652,0.994351303551811,NA,NA,"Raw_anova"
"5","exp_env_factor           ",1,9.37390147594734,9.37390147594734,6.80791857316901e+30,0,"NoError_anova"
"6","gen_factor               ",1,16.3759989383498,16.3759989383498,1.18932834543496e+31,0,"NoError_anova"
"7","exp_env_factor:gen_factor",1,13.2500995857028,13.2500995857028,9.62305815751377e+30,0,"NoError_anova"
"8","Residuals                ",36,4.95688145366609e-29,1.37691151490725e-30,NA,NA,"NoError_anova"
