"","Fixed_effect","Df","Sum Sq","Mean Sq","F value","Pr(>F)","data_class"
"1","exp_env_factor           ",1,9.93520250387909e-05,9.93520250387909e-05,9.18396710100248e-05,0.992406660065854,"Raw_anova"
"2","gen_factor               ",1,0.0518458898485677,0.0518458898485677,0.0479256408216679,0.82794937894707,"Raw_anova"
"3","exp_env_factor:gen_factor",1,0.0033061319465259,0.0033061319465259,0.00305614374911957,0.956219158818929,"Raw_anova"
"4","Residuals                ",36,38.9447486261799,1.08179857294944,NA,NA,"Raw_anova"
"5","exp_env_factor           ",1,2.30582002270077,2.30582002270077,2.42249367225592e+30,0,"NoError_anova"
"6","gen_factor               ",1,7.04608362001973,7.04608362001973,7.40261287335475e+30,0,"NoError_anova"
"7","exp_env_factor:gen_factor",1,29.6480963572795,29.6480963572795,3.11482791860828e+31,0,"NoError_anova"
"8","Residuals                ",36,3.42661455705377e-29,9.5183737695938e-31,NA,NA,"NoError_anova"
