"","Fixed_effect","Df","Sum Sq","Mean Sq","F value","Pr(>F)","data_class"
"1","exp_env_factor           ",1,0.662989878988103,0.662989878988103,0.808817751511268,0.381806032162063,"Raw_anova"
"2","gen_factor               ",1,3.47109651570148,3.47109651570148,4.23458120264706,0.0562835249030744,"Raw_anova"
"3","exp_env_factor:gen_factor",1,1.75067467294399,1.75067467294399,2.13574414553573,0.163261947230342,"Raw_anova"
"4","Residuals                ",16,13.1152389323664,0.819702433272901,NA,NA,"Raw_anova"
"5","exp_env_factor           ",1,3.76537285681305,3.76537285681305,3.93973474169123e+31,1.45319073357094e-244,"NoError_anova"
"6","gen_factor               ",1,13.7224654459838,13.7224654459838,1.43579071489239e+32,4.67013412722135e-249,"NoError_anova"
"7","exp_env_factor:gen_factor",1,1.5121616972031,1.5121616972031,1.58218487254093e+31,2.14783371191923e-241,"NoError_anova"
"8","Residuals                ",16,1.52918837584347e-30,9.55742734902166e-32,NA,NA,"NoError_anova"
