"","Fixed_effect","Df","Sum Sq","Mean Sq","F value","Pr(>F)","data_class"
"1","exp_env_factor           ",2,47.8205146590029,23.9102573295014,44.9332647328206,1.86067213810466e-15,"Raw_anova"
"2","gen_factor               ",2,1.25828451906139,0.629142259530696,1.18231331902973,0.309946359238486,"Raw_anova"
"3","exp_env_factor:gen_factor",4,17.8730474898538,4.46826187246345,8.39696498637202,4.88038635794929e-06,"Raw_anova"
"4","Residuals                ",126,67.0481533320819,0.532128201048269,NA,NA,"Raw_anova"
"5","exp_env_factor           ",2,98.2703403516791,49.1351701758395,1.25044276502229e+31,0,"NoError_anova"
"6","gen_factor               ",2,0.436633067001049,0.218316533500524,5.55594554416971e+28,0,"NoError_anova"
"7","exp_env_factor:gen_factor",4,35.2930265813198,8.82325664532994,2.24543385045865e+30,0,"NoError_anova"
"8","Residuals                ",126,4.95107142472486e-28,3.92942176565465e-30,NA,NA,"NoError_anova"
