"","Fixed_effect","Df","Sum Sq","Mean Sq","F value","Pr(>F)","data_class"
"1","exp_env_factor           ",2,24.5252690509603,12.2626345254802,37.2125988667773,1.99686238536545e-13,"Raw_anova"
"2","gen_factor               ",2,14.3129712091285,7.15648560456423,21.7173094040399,7.87424452830008e-09,"Raw_anova"
"3","exp_env_factor:gen_factor",4,53.6410920826483,13.4102730206621,40.695260840967,7.41231044454226e-22,"Raw_anova"
"4","Residuals                ",126,41.520667657263,0.329529108390976,NA,NA,"Raw_anova"
"5","exp_env_factor           ",2,37.4610486567639,18.7305243283819,1.1042555901834e+31,0,"NoError_anova"
"6","gen_factor               ",2,25.9840446092607,12.9920223046303,7.6594296060023e+30,0,"NoError_anova"
"7","exp_env_factor:gen_factor",4,70.5549067339755,17.6387266834939,1.03988880409777e+31,0,"NoError_anova"
"8","Residuals                ",126,2.13722808954415e-28,1.69621276947948e-30,NA,NA,"NoError_anova"
