"","Fixed_effect","Df","Sum Sq","Mean Sq","F value","Pr(>F)","data_class"
"1","exp_env_factor           ",1,1.38762132670592,1.38762132670592,1.67121111365665,0.201404769860849,"Raw_anova"
"2","gen_factor               ",1,11.1096065178383,11.1096065178383,13.3800897432435,0.000563401183234708,"Raw_anova"
"3","exp_env_factor:gen_factor",1,0.00547827047964322,0.00547827047964322,0.0065978709990937,0.935550819908543,"Raw_anova"
"4","Residuals                ",56,46.4972938849761,0.830308819374573,NA,NA,"Raw_anova"
"5","exp_env_factor           ",1,21.675485634748,21.675485634748,1.21438777900095e+32,0,"NoError_anova"
"6","gen_factor               ",1,36.7684011141204,36.7684011141204,2.05998138721343e+32,0,"NoError_anova"
"7","exp_env_factor:gen_factor",1,0.556113251131538,0.556113251131538,3.11567245733122e+30,0,"NoError_anova"
"8","Residuals                ",56,9.99538381837532e-30,1.78488996756702e-31,NA,NA,"NoError_anova"
