"","Fixed_effect","Df","Sum Sq","Mean Sq","F value","Pr(>F)","data_class"
"1","exp_env_factor           ",4,19.260465750222,4.8151164375555,6.69882546244309,3.32664400140202e-05,"Raw_anova"
"2","gen_factor               ",4,76.3387923934626,19.0846980983657,26.5507725975728,3.01833365300441e-19,"Raw_anova"
"3","exp_env_factor:gen_factor",16,26.8207055360687,1.67629409600429,2.33207269616045,0.0027531830432405,"Raw_anova"
"4","Residuals                ",350,251.580036320247,0.718800103772133,NA,NA,"Raw_anova"
"5","exp_env_factor           ",4,56.0516760676066,14.0129190169017,7.75330068445629e+29,0,"NoError_anova"
"6","gen_factor               ",4,258.11698574756,64.52924643689,3.57038137423855e+30,0,"NoError_anova"
"7","exp_env_factor:gen_factor",16,59.8313381848336,3.7394586365521,2.06902981251125e+29,0,"NoError_anova"
"8","Residuals                ",350,6.3257209484318e-27,1.80734884240909e-29,NA,NA,"NoError_anova"
