"","Fixed_effect","Df","Sum Sq","Mean Sq","F value","Pr(>F)","data_class"
"1","exp_env_factor           ",1,0.520090291514691,0.520090291514691,0.45810921992063,0.508177015730512,"Raw_anova"
"2","gen_factor               ",1,0.283684568690016,0.283684568690016,0.249876835977109,0.623966370992156,"Raw_anova"
"3","exp_env_factor:gen_factor",1,0.0314637632903761,0.0314637632903761,0.0277141109762753,0.869868338762408,"Raw_anova"
"4","Residuals                ",16,18.1647613765049,1.13529758603156,NA,NA,"Raw_anova"
"5","exp_env_factor           ",1,3.5823744264982,3.5823744264982,5.20664842009856e+31,1.56168146094638e-245,"NoError_anova"
"6","gen_factor               ",1,12.6230542889567,12.6230542889567,1.83464367052945e+32,6.57119964610136e-250,"NoError_anova"
"7","exp_env_factor:gen_factor",1,2.79457128454506,2.79457128454506,4.06164974155212e+31,1.13877709923893e-244,"NoError_anova"
"8","Residuals                ",16,1.10086155621174e-30,6.8803847263234e-32,NA,NA,"NoError_anova"
