"","Fixed_effect","Df","Sum Sq","Mean Sq","F value","Pr(>F)","data_class"
"1","exp_env_factor           ",9,58.9691723316655,6.55213025907394,48.7126011376719,5.58104564176064e-59,"Raw_anova"
"2","gen_factor               ",9,103.23370417075,11.4704115745278,85.2781556259658,2.14606032370488e-87,"Raw_anova"
"3","exp_env_factor:gen_factor",81,282.994779906395,3.49376271489377,25.9747994729799,1.34948610198495e-117,"Raw_anova"
"4","Residuals                ",400,53.8023435911893,0.134505858977973,NA,NA,"Raw_anova"
"5","exp_env_factor           ",9,57.5486463836968,6.39429404263297,8.35746033356344e+28,0,"NoError_anova"
"6","gen_factor               ",9,125.580543506922,13.9533937229914,1.82373431345167e+29,0,"NoError_anova"
"7","exp_env_factor:gen_factor",81,315.870810109381,3.89963963098001,5.09690097355727e+28,0,"NoError_anova"
"8","Residuals                ",400,3.06040054630165e-26,7.65100136575411e-29,NA,NA,"NoError_anova"
