"","Fixed_effect","Df","Sum Sq","Mean Sq","F value","Pr(>F)","data_class"
"1","exp_env_factor           ",9,198.215749051279,22.0239721168088,735.619914385795,0,"Raw_anova"
"2","gen_factor               ",9,85.8049419296453,9.53388243662725,318.440004582251,0,"Raw_anova"
"3","exp_env_factor:gen_factor",81,1173.06423798776,14.4822745430587,483.720625097671,0,"Raw_anova"
"4","Residuals                ",1400,41.9150710313176,0.0299393364509411,NA,NA,"Raw_anova"
"5","exp_env_factor           ",9,204.460449297531,22.7178276997257,3.30256021687483e+28,0,"NoError_anova"
"6","gen_factor               ",9,82.8481188328044,9.20534653697826,1.33820942994202e+28,0,"NoError_anova"
"7","exp_env_factor:gen_factor",81,1211.69143186966,14.9591534798724,2.17465797406975e+28,0,"NoError_anova"
"8","Residuals                ",1400,9.63039481221407e-25,6.87885343729577e-28,NA,NA,"NoError_anova"
