"","Fixed_effect","Df","Sum Sq","Mean Sq","F value","Pr(>F)","data_class"
"1","exp_env_factor           ",6,38.276469226182,6.37941153769701,62.6727230845182,5.60235634563994e-43,"Raw_anova"
"2","gen_factor               ",6,32.6333455457628,5.4388909242938,53.4328445140914,1.09091028995311e-38,"Raw_anova"
"3","exp_env_factor:gen_factor",36,153.139485787368,4.25387460520467,41.7909870828777,1.23469823527734e-73,"Raw_anova"
"4","Residuals                ",196,19.9506994406867,0.101789282860647,NA,NA,"Raw_anova"
"5","exp_env_factor           ",6,43.1164583090284,7.18607638483806,8.63910636113559e+29,0,"NoError_anova"
"6","gen_factor               ",6,36.0452684132501,6.00754473554168,7.2222747380098e+29,0,"NoError_anova"
"7","exp_env_factor:gen_factor",36,164.838273277721,4.57884092438115,5.50468595629053e+29,0,"NoError_anova"
"8","Residuals                ",196,1.63034336255483e-27,8.31807838038178e-30,NA,NA,"NoError_anova"
