"","Fixed_effect","Df","Sum Sq","Mean Sq","F value","Pr(>F)","data_class"
"1","exp_env_factor           ",2,3.52871549995617,1.76435774997809,5.81976773693435,0.00645698367212292,"Raw_anova"
"2","gen_factor               ",2,3.18075554163128,1.59037777081564,5.24589145270872,0.0100155174611496,"Raw_anova"
"3","exp_env_factor:gen_factor",4,26.376540313108,6.59413507827701,21.7508805014291,3.40924708656159e-09,"Raw_anova"
"4","Residuals                ",36,10.9139886453045,0.303166351258459,NA,NA,"Raw_anova"
"5","exp_env_factor           ",2,8.35321405989155,4.17660702994578,2.31021530233089e+31,0,"NoError_anova"
"6","gen_factor               ",2,1.81959207627824,0.90979603813912,5.03237368093091e+30,0,"NoError_anova"
"7","exp_env_factor:gen_factor",4,33.8271938638302,8.45679846595755,4.67772646186376e+31,0,"NoError_anova"
"8","Residuals                ",36,6.508391357565e-30,1.8078864882125e-31,NA,NA,"NoError_anova"
