"","Fixed_effect","Df","Sum Sq","Mean Sq","F value","Pr(>F)","data_class"
"1","exp_env_factor           ",1,2.92265291464247,2.92265291464247,4.73579032550256,0.0337755808577542,"Raw_anova"
"2","gen_factor               ",1,20.0100723385261,20.0100723385261,32.4237977484886,4.75306206949114e-07,"Raw_anova"
"3","exp_env_factor:gen_factor",1,1.50734874279963,1.50734874279963,2.44246847018514,0.123724294025945,"Raw_anova"
"4","Residuals                ",56,34.5599260040318,0.617141535786282,NA,NA,"Raw_anova"
"5","exp_env_factor           ",1,15.6388860490834,15.6388860490834,5.47313246666486e+31,0,"NoError_anova"
"6","gen_factor               ",1,40.3047372095901,40.3047372095901,1.41054270163399e+32,0,"NoError_anova"
"7","exp_env_factor:gen_factor",1,3.05637674132647,3.05637674132647,1.06963851010946e+31,0,"NoError_anova"
"8","Residuals                ",56,1.60013963499469e-29,2.85739220534767e-31,NA,NA,"NoError_anova"
