"","row","aov_coefs"
"(Intercept)",16200,0.504986834799202
"exp_env_factorE_2",16200,-1.35045071418052
"gen_factorG_2",16200,0.154194209966627
"exp_env_factorE_2:gen_factorG_2",16200,0.372565669230985
