"","row","aov_coefs"
"(Intercept)",23843,0.663788477024354
"exp_env_factorE_2",23843,-1.11696069894798
"gen_factorG_2",23843,-1.00946906346929
"exp_env_factorE_2:gen_factorG_2",23843,1.59770561673712
