"","Fixed_effect","Df","Sum Sq","Mean Sq","F value","Pr(>F)","data_class"
"1","exp_env_factor           ",1,0.434914564367996,0.434914564367996,0.37731308579329,0.547680511539031,"Raw_anova"
"2","gen_factor               ",1,0.013341371497578,0.013341371497578,0.0115743975044406,0.915662915754272,"Raw_anova"
"3","exp_env_factor:gen_factor",1,0.10914747287753,0.10914747287753,0.0946916318100446,0.762264870817482,"Raw_anova"
"4","Residuals                ",16,18.4425965912569,1.15266228695356,NA,NA,"Raw_anova"
"5","exp_env_factor           ",1,0.318241674086203,0.318241674086203,6.33105457705997e+30,3.2677589922944e-238,"NoError_anova"
"6","gen_factor               ",1,10.897233745463,10.897233745463,2.16788017407231e+32,1.72892553457493e-250,"NoError_anova"
"7","exp_env_factor:gen_factor",1,7.78452458045077,7.78452458045077,1.54864224230888e+32,2.5494685963869e-249,"NoError_anova"
"8","Residuals                ",16,8.0426834477611e-31,5.02667715485069e-32,NA,NA,"NoError_anova"
