"","Fixed_effect","Df","Sum Sq","Mean Sq","F value","Pr(>F)","data_class"
"1","exp_env_factor           ",4,10.105043253094,2.52626081327349,5.64751842015815,0.000385847988780806,"Raw_anova"
"2","gen_factor               ",4,27.1740201928022,6.79350504820055,15.1870482634116,9.8050272642727e-10,"Raw_anova"
"3","exp_env_factor:gen_factor",16,41.9887086032167,2.62429428770104,5.86667467263721,8.10742364781361e-09,"Raw_anova"
"4","Residuals                ",100,44.7322279508872,0.447322279508872,NA,NA,"Raw_anova"
"5","exp_env_factor           ",4,20.4300354236197,5.10750885590492,9.81585423626354e+29,0,"NoError_anova"
"6","gen_factor               ",4,49.5218849652225,12.3804712413056,2.37933803952999e+30,0,"NoError_anova"
"7","exp_env_factor:gen_factor",16,54.0480796111578,3.37800497569736,6.49201115187172e+29,0,"NoError_anova"
"8","Residuals                ",100,5.20332589805156e-28,5.20332589805156e-30,NA,NA,"NoError_anova"
