"","Fixed_effect","Df","Sum Sq","Mean Sq","F value","Pr(>F)","data_class"
"1","exp_env_factor           ",4,114.727980519162,28.6819951297906,53.9622258409755,7.70479507684627e-32,"Raw_anova"
"2","gen_factor               ",4,2.11774592278032,0.529436480695079,0.996080321833864,0.410498038849422,"Raw_anova"
"3","exp_env_factor:gen_factor",16,12.562303367262,0.785143960453878,1.47716766284799,0.109450995927351,"Raw_anova"
"4","Residuals                ",225,119.591970190795,0.531519867514644,NA,NA,"Raw_anova"
"5","exp_env_factor           ",4,234.114997521895,58.5287493804738,6.94194251705514e+30,0,"NoError_anova"
"6","gen_factor               ",4,1.44601408473447,0.361503521183618,4.28769910570979e+28,0,"NoError_anova"
"7","exp_env_factor:gen_factor",16,13.4389883933696,0.839936774585603,9.96227130914778e+28,0,"NoError_anova"
"8","Residuals                ",225,1.89701493180803e-27,8.43117747470235e-30,NA,NA,"NoError_anova"
