"","Fixed_effect","Df","Sum Sq","Mean Sq","F value","Pr(>F)","data_class"
"1","exp_env_factor           ",9,7.33120197266819,0.814577996963132,1.56637150974907,0.120141890240727,"Raw_anova"
"2","gen_factor               ",9,693.598913449464,77.0665459388294,148.193104114515,2.33486059027688e-196,"Raw_anova"
"3","exp_env_factor:gen_factor",81,70.0119566530443,0.864345143864745,1.66206994663149,0.000290924882952651,"Raw_anova"
"4","Residuals                ",1400,728.057927924824,0.52004137708916,NA,NA,"Raw_anova"
"5","exp_env_factor           ",9,10.7288678581337,1.19209642868152,5.84116948645455e+27,0,"NoError_anova"
"6","gen_factor               ",9,1401.9770955706,155.775232841178,7.63285179726289e+29,0,"NoError_anova"
"7","exp_env_factor:gen_factor",81,86.2940365712651,1.06535847618846,5.22016447120005e+27,0,"NoError_anova"
"8","Residuals                ",1400,2.85719324533268e-25,2.04085231809477e-28,NA,NA,"NoError_anova"
