"","Fixed_effect","Df","Sum Sq","Mean Sq","F value","Pr(>F)","data_class"
"1","exp_env_factor           ",4,35.1397708510474,8.78494271276184,25.1683984848409,2.44962346357576e-18,"Raw_anova"
"2","gen_factor               ",4,32.4775902662439,8.11939756656096,23.26164667132,4.57310848626854e-17,"Raw_anova"
"3","exp_env_factor:gen_factor",16,184.216345651196,11.5135216031997,32.9856333897542,4.49395543623262e-60,"Raw_anova"
"4","Residuals                ",350,122.166293231513,0.349046552090038,NA,NA,"Raw_anova"
"5","exp_env_factor           ",4,43.6404776980946,10.9101194245237,1.95482535500536e+29,0,"NoError_anova"
"6","gen_factor               ",4,55.0293194744746,13.7573298686187,2.46497551474075e+29,0,"NoError_anova"
"7","exp_env_factor:gen_factor",16,275.330202827431,17.2081376767144,3.08327549259004e+29,0,"NoError_anova"
"8","Residuals                ",350,1.95339281271642e-26,5.58112232204691e-29,NA,NA,"NoError_anova"
