"","Fixed_effect","Df","Sum Sq","Mean Sq","F value","Pr(>F)","data_class"
"1","exp_env_factor           ",2,4.53596937604055,2.26798468802027,3.69876289250724,0.0274811276212658,"Raw_anova"
"2","gen_factor               ",2,45.2740701314772,22.6370350657386,36.9178088987127,2.40409597580399e-13,"Raw_anova"
"3","exp_env_factor:gen_factor",4,6.93005522268379,1.73251380567095,2.82548546690846,0.0276127964879307,"Raw_anova"
"4","Residuals                ",126,77.2599052697984,0.613173851347606,NA,NA,"Raw_anova"
"5","exp_env_factor           ",2,22.5273356402071,11.2636678201036,3.32137983116067e+30,0,"NoError_anova"
"6","gen_factor               ",2,111.395081742287,55.6975408711436,1.64238409592021e+31,0,"NoError_anova"
"7","exp_env_factor:gen_factor",4,0.0775826175054949,0.0193956543763737,5.71930354185983e+27,0,"NoError_anova"
"8","Residuals                ",126,4.27298959311466e-28,3.39126158183703e-30,NA,NA,"NoError_anova"
