"","Fixed_effect","Df","Sum Sq","Mean Sq","F value","Pr(>F)","data_class"
"1","exp_env_factor           ",6,28.0235827036241,4.67059711727069,8.03890353934892,2.98917787847492e-08,"Raw_anova"
"2","gen_factor               ",6,133.55302772228,22.2588379537133,38.3113008283753,1.96852097079931e-37,"Raw_anova"
"3","exp_env_factor:gen_factor",36,71.2027098962815,1.97785305267449,3.40422637753611,9.34361328306082e-10,"Raw_anova"
"4","Residuals                ",441,256.220679677815,0.580999273645839,NA,NA,"Raw_anova"
"5","exp_env_factor           ",6,73.0990167281125,12.1831694546854,2.66130352640309e+29,0,"NoError_anova"
"6","gen_factor               ",6,335.229634023799,55.8716056706331,1.22046485317394e+30,0,"NoError_anova"
"7","exp_env_factor:gen_factor",36,80.6713492480899,2.24087081244694,4.89498025744467e+28,0,"NoError_anova"
"8","Residuals                ",441,2.01885191832211e-26,4.57789550639934e-29,NA,NA,"NoError_anova"
