"","Fixed_effect","Df","Sum Sq","Mean Sq","F value","Pr(>F)","data_class"
"1","exp_env_factor           ",9,127.279535622434,14.1421706247149,659.430744598296,0,"Raw_anova"
"2","gen_factor               ",9,224.053985870477,24.8948873189419,1160.81572744788,0,"Raw_anova"
"3","exp_env_factor:gen_factor",81,1117.64203843239,13.7980498571901,643.384847544552,0,"Raw_anova"
"4","Residuals                ",1400,30.0244400746918,0.0214460286247798,NA,NA,"Raw_anova"
"5","exp_env_factor           ",9,131.21593401045,14.5795482233833,5.80595018343068e+27,0,"NoError_anova"
"6","gen_factor               ",9,231.56262695767,25.7291807730745,1.02460199410958e+28,0,"NoError_anova"
"7","exp_env_factor:gen_factor",81,1136.22143903188,14.0274251732331,5.58608061853191e+27,0,"NoError_anova"
"8","Residuals                ",1400,3.51559466889461e-24,2.51113904921044e-27,NA,NA,"NoError_anova"
