"","Fixed_effect","Df","Sum Sq","Mean Sq","F value","Pr(>F)","data_class"
"1","exp_env_factor           ",2,4.03483505611804,2.01741752805902,2.85001528139572,0.0709561911211524,"Raw_anova"
"2","gen_factor               ",2,3.86625134938479,1.9331256746924,2.73093578156448,0.0786619626617164,"Raw_anova"
"3","exp_env_factor:gen_factor",4,10.6158814563124,2.65397036407811,3.74927648282666,0.0119264326857102,"Raw_anova"
"4","Residuals                ",36,25.4830321381847,0.707862003838464,NA,NA,"Raw_anova"
"5","exp_env_factor           ",2,7.30086688755759,3.65043344377879,8.64342246026644e+29,0,"NoError_anova"
"6","gen_factor               ",2,8.00784734445386,4.00392367222693,9.48040947211304e+29,0,"NoError_anova"
"7","exp_env_factor:gen_factor",4,28.6912857679885,7.17282144199713,1.69836615048817e+30,0,"NoError_anova"
"8","Residuals                ",36,1.52041167234565e-28,4.2233657565157e-30,NA,NA,"NoError_anova"
