"","Fixed_effect","Df","Sum Sq","Mean Sq","F value","Pr(>F)","data_class"
"1","exp_env_factor           ",1,16.8429369037654,16.8429369037654,23.875296498175,8.9896540017156e-06,"Raw_anova"
"2","gen_factor               ",1,2.55304037159208,2.55304037159208,3.61900042681659,0.0622703297586519,"Raw_anova"
"3","exp_env_factor:gen_factor",1,0.0985670883970613,0.0985670883970613,0.139721384333843,0.709969636549705,"Raw_anova"
"4","Residuals                ",56,39.5054556362455,0.705454564932955,NA,NA,"Raw_anova"
"5","exp_env_factor           ",1,36.8651697232139,36.8651697232139,3.3100403522786e+32,0,"NoError_anova"
"6","gen_factor               ",1,14.4134340033635,14.4134340033635,1.29414969534225e+32,0,"NoError_anova"
"7","exp_env_factor:gen_factor",1,7.72139627342266,7.72139627342266,6.93286737396159e+31,0,"NoError_anova"
"8","Residuals                ",56,6.23693153190363e-30,1.11373777355422e-31,NA,NA,"NoError_anova"
