"","Fixed_effect","Df","Sum Sq","Mean Sq","F value","Pr(>F)","data_class"
"1","exp_env_factor           ",2,14.4778281524667,7.23891407623334,9.38599412226967,0.000215672054857251,"Raw_anova"
"2","gen_factor               ",2,7.64868819028881,3.8243440951444,4.95865413244961,0.00929944876855139,"Raw_anova"
"3","exp_env_factor:gen_factor",4,4.40252612876138,1.10063153219034,1.42708160134684,0.232490038678157,"Raw_anova"
"4","Residuals                ",81,62.4709575284831,0.771246389240532,NA,NA,"Raw_anova"
"5","exp_env_factor           ",2,34.3261445977418,17.1630722988709,4.76839120072555e+30,0,"NoError_anova"
"6","gen_factor               ",2,32.0304734072836,16.0152367036418,4.44948972103359e+30,0,"NoError_anova"
"7","exp_env_factor:gen_factor",4,22.6433819949745,5.66084549874362,1.57274440116713e+30,0,"NoError_anova"
"8","Residuals                ",81,2.91546728799645e-28,3.59934233085981e-30,NA,NA,"NoError_anova"
