"","Fixed_effect","Df","Sum Sq","Mean Sq","F value","Pr(>F)","data_class"
"1","exp_env_factor           ",1,1.6245499123956,1.6245499123956,1.77006334759542,0.191740997389828,"Raw_anova"
"2","gen_factor               ",1,0.0191111389161078,0.0191111389161078,0.0208229530333872,0.886067121882419,"Raw_anova"
"3","exp_env_factor:gen_factor",1,4.31582832194139,4.31582832194139,4.70240370510847,0.03680675331657,"Raw_anova"
"4","Residuals                ",36,33.0405106267469,0.91779196185408,NA,NA,"Raw_anova"
"5","exp_env_factor           ",1,7.04630277817904,7.04630277817904,1.40381336125008e+31,0,"NoError_anova"
"6","gen_factor               ",1,0.333453539781419,0.333453539781419,6.64329293301049e+29,0,"NoError_anova"
"7","exp_env_factor:gen_factor",1,31.6202436820396,31.6202436820396,6.29960448255132e+31,0,"NoError_anova"
"8","Residuals                ",36,1.80698451102188e-29,5.01940141950522e-31,NA,NA,"NoError_anova"
