"","Fixed_effect","Df","Sum Sq","Mean Sq","F value","Pr(>F)","data_class"
"1","exp_env_factor           ",9,76.1905310481902,8.46561456091002,51.4503451961133,2.96511521023653e-75,"Raw_anova"
"2","gen_factor               ",9,257.571617872977,28.619068652553,173.934325827236,3.97006587538736e-190,"Raw_anova"
"3","exp_env_factor:gen_factor",81,517.152292550946,6.38459620433267,38.8028153522973,3.35072981186794e-240,"Raw_anova"
"4","Residuals                ",900,148.085558527887,0.16453950947543,NA,NA,"Raw_anova"
"5","exp_env_factor           ",9,80.774829611352,8.974981067928,2.44739052217283e+28,0,"NoError_anova"
"6","gen_factor               ",9,306.138265174071,34.015362797119,9.27566040394538e+28,0,"NoError_anova"
"7","exp_env_factor:gen_factor",81,612.086905214578,7.55662845943923,2.06061948557209e+28,0,"NoError_anova"
"8","Residuals                ",900,3.30044710394805e-25,3.66716344883116e-28,NA,NA,"NoError_anova"
