"","Fixed_effect","Df","Sum Sq","Mean Sq","F value","Pr(>F)","data_class"
"1","exp_env_factor           ",4,35.2671973652764,8.81679934131909,29.2079228363157,4.36614827289197e-16,"Raw_anova"
"2","gen_factor               ",4,8.86325717728214,2.21581429432053,7.34045660139032,3.1718676853008e-05,"Raw_anova"
"3","exp_env_factor:gen_factor",16,49.6832176219109,3.10520110136943,10.2867798901809,7.72243501999584e-15,"Raw_anova"
"4","Residuals                ",100,30.1863278355306,0.301863278355306,NA,NA,"Raw_anova"
"5","exp_env_factor           ",4,43.4686812307095,10.8671703076774,6.09000979359517e+30,0,"NoError_anova"
"6","gen_factor               ",4,8.21908461794594,2.05477115448649,1.15150274635698e+30,0,"NoError_anova"
"7","exp_env_factor:gen_factor",16,72.3122341513445,4.51951463445903,2.53275577789623e+30,0,"NoError_anova"
"8","Residuals                ",100,1.78442575233726e-28,1.78442575233726e-30,NA,NA,"NoError_anova"
