"","Fixed_effect","Df","Sum Sq","Mean Sq","F value","Pr(>F)","data_class"
"1","exp_env_factor           ",1,0.00072804773524668,0.00072804773524668,0.000776525892784629,0.978113472468923,"Raw_anova"
"2","gen_factor               ",1,2.31796918790224,2.31796918790224,2.47231466556679,0.135430781195195,"Raw_anova"
"3","exp_env_factor:gen_factor",1,1.68017547139576,1.68017547139576,1.79205249161082,0.199388005801796,"Raw_anova"
"4","Residuals                ",16,15.0011272929668,0.937570455810422,NA,NA,"Raw_anova"
"5","exp_env_factor           ",1,2.36821324311126,2.36821324311126,1.75038664520245e+32,9.57164423795595e-250,"NoError_anova"
"6","gen_factor               ",1,15.3511120825621,15.3511120825621,1.13462677638866e+33,3.07067780847758e-256,"NoError_anova"
"7","exp_env_factor:gen_factor",1,1.28067467432661,1.28067467432661,9.46568411147501e+31,1.30870698573861e-247,"NoError_anova"
"8","Residuals                ",16,2.16474525749125e-31,1.35296578593203e-32,NA,NA,"NoError_anova"
