"","Fixed_effect","Df","Sum Sq","Mean Sq","F value","Pr(>F)","data_class"
"1","exp_env_factor           ",2,2.20767022448733,1.10383511224367,2.10669828900346,0.136386501983261,"Raw_anova"
"2","gen_factor               ",2,5.66625166314406,2.83312583157203,5.4070950232527,0.00884402098344145,"Raw_anova"
"3","exp_env_factor:gen_factor",4,17.2633561705526,4.31583904263814,8.23689210996312,7.98813432028428e-05,"Raw_anova"
"4","Residuals                ",36,18.8627219418161,0.52396449838378,NA,NA,"Raw_anova"
"5","exp_env_factor           ",2,3.85522330646241,1.92761165323121,2.49321379774685e+30,0,"NoError_anova"
"6","gen_factor               ",2,11.7446030070256,5.87230150351278,7.59535931863946e+30,0,"NoError_anova"
"7","exp_env_factor:gen_factor",4,28.400173686512,7.10004342162801,9.18334675645451e+30,0,"NoError_anova"
"8","Residuals                ",36,2.78331603888265e-29,7.7314334413407e-31,NA,NA,"NoError_anova"
