"","Fixed_effect","Df","Sum Sq","Mean Sq","F value","Pr(>F)","data_class"
"1","exp_env_factor           ",4,3.78975586756189,0.947438966890473,3.61193173923401,0.0085836817032622,"Raw_anova"
"2","gen_factor               ",4,31.9335793287875,7.98339483219688,30.4351817783976,1.45153111558089e-16,"Raw_anova"
"3","exp_env_factor:gen_factor",16,62.0458543871892,3.87786589919932,14.7836297759437,1.05754862016417e-19,"Raw_anova"
"4","Residuals                ",100,26.2308104164614,0.262308104164614,NA,NA,"Raw_anova"
"5","exp_env_factor           ",4,4.72489501631999,1.18122375408,4.51086916526139e+29,0,"NoError_anova"
"6","gen_factor               ",4,37.124646761229,9.28116169030725,3.54429937105523e+30,0,"NoError_anova"
"7","exp_env_factor:gen_factor",16,82.150458222451,5.13440363890319,1.9607312312114e+30,0,"NoError_anova"
"8","Residuals                ",100,2.61861674724842e-28,2.61861674724842e-30,NA,NA,"NoError_anova"
