"","Fixed_effect","Df","Sum Sq","Mean Sq","F value","Pr(>F)","data_class"
"1","exp_env_factor           ",1,0.0388737291809603,0.0388737291809603,0.062505799659846,0.805760091091032,"Raw_anova"
"2","gen_factor               ",1,8.26668906016739,8.26668906016739,13.2921646863286,0.00217776089128634,"Raw_anova"
"3","exp_env_factor:gen_factor",1,0.743685915889363,0.743685915889363,1.1957865594021,0.290356266925603,"Raw_anova"
"4","Residuals                ",16,9.95075129476229,0.621921955922643,NA,NA,"Raw_anova"
"5","exp_env_factor           ",1,6.3232134653452,6.3232134653452,2.07692213980281e+31,2.43610919138295e-242,"NoError_anova"
"6","gen_factor               ",1,12.673485754796,12.673485754796,4.16273201859623e+31,9.35472121757306e-245,"NoError_anova"
"7","exp_env_factor:gen_factor",1,0.00330077985879732,0.00330077985879732,1.08417386269231e+28,4.41842017110582e-216,"NoError_anova"
"8","Residuals                ",16,4.87121849715218e-30,3.04451156072011e-31,NA,NA,"NoError_anova"
