"","Fixed_effect","Df","Sum Sq","Mean Sq","F value","Pr(>F)","data_class"
"1","exp_env_factor           ",2,5.04620963209338,2.52310481604669,3.06749311948763,0.0519809608857889,"Raw_anova"
"2","gen_factor               ",2,13.7804899714338,6.8902449857169,8.37689300533586,0.000493438469907042,"Raw_anova"
"3","exp_env_factor:gen_factor",4,3.54837830572054,0.887094576430135,1.0784952302528,0.372673453548213,"Raw_anova"
"4","Residuals                ",81,66.6249220907522,0.822529902354966,NA,NA,"Raw_anova"
"5","exp_env_factor           ",2,54.1735280977239,27.086764048862,3.29636619043585e+31,0,"NoError_anova"
"6","gen_factor               ",2,33.6131476535487,16.8065738267744,2.04530233436913e+31,0,"NoError_anova"
"7","exp_env_factor:gen_factor",4,1.21332424872728,0.303331062181821,3.6914348870963e+29,0,"NoError_anova"
"8","Residuals                ",81,6.65589852948868e-29,8.21715867838108e-31,NA,NA,"NoError_anova"
