"","Fixed_effect","Df","Sum Sq","Mean Sq","F value","Pr(>F)","data_class"
"1","exp_env_factor           ",9,151.524309062193,16.8360343402437,523.901639951857,0,"Raw_anova"
"2","gen_factor               ",9,169.023809830548,18.7804233145054,584.406896221443,0,"Raw_anova"
"3","exp_env_factor:gen_factor",81,649.529599230813,8.01888394112115,249.530641387143,0,"Raw_anova"
"4","Residuals                ",900,28.9222818764449,0.0321358687516054,NA,NA,"Raw_anova"
"5","exp_env_factor           ",9,152.419277561321,16.9354752845913,8.6847357061117e+28,0,"NoError_anova"
"6","gen_factor               ",9,181.50458395785,20.1671759953167,1.0341994571438e+29,0,"NoError_anova"
"7","exp_env_factor:gen_factor",81,665.076138480828,8.21081652445467,4.21061530591607e+28,0,"NoError_anova"
"8","Residuals                ",900,1.75502493937794e-25,1.95002771041994e-28,NA,NA,"NoError_anova"
