"","Fixed_effect","Df","Sum Sq","Mean Sq","F value","Pr(>F)","data_class"
"1","exp_env_factor           ",1,1.02275021269793,1.02275021269793,1.02322833586936,0.318505254168694,"Raw_anova"
"2","gen_factor               ",1,0.138242991920928,0.138242991920928,0.138307618822889,0.712149474360672,"Raw_anova"
"3","exp_env_factor:gen_factor",1,1.85582848958989,1.85582848958989,1.85669606663076,0.181470568606117,"Raw_anova"
"4","Residuals                ",36,35.9831783057912,0.999532730716424,NA,NA,"Raw_anova"
"5","exp_env_factor           ",1,15.1095364860201,15.1095364860201,8.85476284766135e+31,0,"NoError_anova"
"6","gen_factor               ",1,19.0179121336882,19.0179121336882,1.11452195742258e+32,0,"NoError_anova"
"7","exp_env_factor:gen_factor",1,4.87255138029166,4.87255138029166,2.85550036398848e+31,0,"NoError_anova"
"8","Residuals                ",36,6.14294615061753e-30,1.70637393072709e-31,NA,NA,"NoError_anova"
