"","Fixed_effect","Df","Sum Sq","Mean Sq","F value","Pr(>F)","data_class"
"1","exp_env_factor           ",1,9.22702229717226,9.22702229717226,22.4631221572738,0.000222129206127349,"Raw_anova"
"2","gen_factor               ",1,0.379841004420143,0.379841004420143,0.924720306056497,0.350547238334873,"Raw_anova"
"3","exp_env_factor:gen_factor",1,2.82092666806901,2.82092666806901,6.86752652163473,0.0185476796607587,"Raw_anova"
"4","Residuals                ",16,6.57221003033859,0.410763126896162,NA,NA,"Raw_anova"
"5","exp_env_factor           ",1,15.418266766233,15.418266766233,8.67818082323721e+32,2.62197723634202e-255,"NoError_anova"
"6","gen_factor               ",1,0.765582980369865,0.765582980369865,4.30908845953624e+31,7.09537250034062e-245,"NoError_anova"
"7","exp_env_factor:gen_factor",1,2.81615025339718,2.81615025339718,1.58507188226301e+32,2.11673641465678e-249,"NoError_anova"
"8","Residuals                ",16,2.84267259791556e-31,1.77667037369723e-32,NA,NA,"NoError_anova"
