"","Fixed_effect","Df","Sum Sq","Mean Sq","F value","Pr(>F)","data_class"
"1","exp_env_factor           ",2,19.2442045715289,9.62210228576446,47.3537435960965,2.39683100629874e-14,"Raw_anova"
"2","gen_factor               ",2,0.976066685751321,0.48803334287566,2.40178342513263,0.0969788256213044,"Raw_anova"
"3","exp_env_factor:gen_factor",4,52.3208339234479,13.080208480862,64.3722982972857,2.23676548347972e-24,"Raw_anova"
"4","Residuals                ",81,16.4588948192719,0.20319623233669,NA,NA,"Raw_anova"
"5","exp_env_factor           ",2,18.4540381768889,9.22701908844447,3.93351077811167e+30,0,"NoError_anova"
"6","gen_factor               ",2,2.58931484771023,1.29465742385511,5.51917025626843e+29,0,"NoError_anova"
"7","exp_env_factor:gen_factor",4,67.9566469754009,16.9891617438502,7.24253956667422e+30,0,"NoError_anova"
"8","Residuals                ",81,1.90005465428722e-28,2.34574648677434e-30,NA,NA,"NoError_anova"
