"","Fixed_effect","Df","Sum Sq","Mean Sq","F value","Pr(>F)","data_class"
"1","exp_env_factor           ",2,0.518619668173187,0.259309834086594,0.433580051386264,0.64967983482732,"Raw_anova"
"2","gen_factor               ",2,11.6039966269237,5.80199831346184,9.70125462366279,0.000167104563384487,"Raw_anova"
"3","exp_env_factor:gen_factor",4,28.4339728656388,7.10849321640971,11.8857846826611,1.20426720037068e-07,"Raw_anova"
"4","Residuals                ",81,48.4434108392643,0.598066800484744,NA,NA,"Raw_anova"
"5","exp_env_factor           ",2,4.61273074224401,2.306365371122,7.81160168069263e+29,0,"NoError_anova"
"6","gen_factor               ",2,14.8542779888002,7.42713899440012,2.51555335411445e+30,0,"NoError_anova"
"7","exp_env_factor:gen_factor",4,69.5329912689558,17.383247817239,5.88766244781851e+30,0,"NoError_anova"
"8","Residuals                ",81,2.39151460477844e-28,2.95248716639314e-30,NA,NA,"NoError_anova"
