"","Fixed_effect","Df","Sum Sq","Mean Sq","F value","Pr(>F)","data_class"
"1","exp_env_factor           ",2,5.38059029800433,2.69029514900217,3.25264099404202,0.043777946230813,"Raw_anova"
"2","gen_factor               ",2,16.4387033302147,8.21935166510736,9.93742273233166,0.000138177244194902,"Raw_anova"
"3","exp_env_factor:gen_factor",4,0.184715277671137,0.0461788194177841,0.0558314656109233,0.994089069680321,"Raw_anova"
"4","Residuals                ",81,66.9959910941098,0.82711100116185,NA,NA,"Raw_anova"
"5","exp_env_factor           ",2,19.1074849545638,9.55374247728192,6.03182719214344e+30,0,"NoError_anova"
"6","gen_factor               ",2,69.7753276792403,34.8876638396202,2.20265890480701e+31,0,"NoError_anova"
"7","exp_env_factor:gen_factor",4,0.117187366195854,0.0292968415489635,1.84967813314172e+28,0,"NoError_anova"
"8","Residuals                ",81,1.28294978620706e-28,1.58388862494699e-30,NA,NA,"NoError_anova"
