"","Fixed_effect","Df","Sum Sq","Mean Sq","F value","Pr(>F)","data_class"
"1","exp_env_factor           ",4,28.099420196796,7.02485504919901,22.4091560695895,1.36823949786816e-15,"Raw_anova"
"2","gen_factor               ",4,30.649926761882,7.6624816904705,24.443173115964,8.2163519864774e-17,"Raw_anova"
"3","exp_env_factor:gen_factor",16,119.717323666427,7.4823327291517,23.868501302568,7.75134673190275e-40,"Raw_anova"
"4","Residuals                ",225,70.5333293748947,0.313481463888421,NA,NA,"Raw_anova"
"5","exp_env_factor           ",4,44.1826408051218,11.0456602012804,6.45536729658647e+29,0,"NoError_anova"
"6","gen_factor               ",4,50.5992022024166,12.6498005506042,7.39286808526352e+29,0,"NoError_anova"
"7","exp_env_factor:gen_factor",16,154.218156992462,9.63863481202885,5.63306554931846e+29,0,"NoError_anova"
"8","Residuals                ",225,3.84993359959903e-27,1.71108159982179e-29,NA,NA,"NoError_anova"
