"","Fixed_effect","Df","Sum Sq","Mean Sq","F value","Pr(>F)","data_class"
"1","exp_env_factor           ",4,41.9873635713265,10.4968408928316,52.4732106389613,1.30932742353514e-34,"Raw_anova"
"2","gen_factor               ",4,85.5100303517347,21.3775075879337,106.865148290824,2.14257698920096e-59,"Raw_anova"
"3","exp_env_factor:gen_factor",16,176.487940159713,11.0304962599821,55.1409285528549,2.49924994804702e-85,"Raw_anova"
"4","Residuals                ",350,70.0146659172253,0.200041902620644,NA,NA,"Raw_anova"
"5","exp_env_factor           ",4,58.89599567902,14.723998919755,4.0099756943773e+29,0,"NoError_anova"
"6","gen_factor               ",4,104.154648025554,26.0386620063886,7.09144318257401e+29,0,"NoError_anova"
"7","exp_env_factor:gen_factor",16,210.949356295425,13.1843347684641,3.59065918547039e+29,0,"NoError_anova"
"8","Residuals                ",350,1.28514485240902e-26,3.67184243545433e-29,NA,NA,"NoError_anova"
