"","Fixed_effect","Df","Sum Sq","Mean Sq","F value","Pr(>F)","data_class"
"1","exp_env_factor           ",4,14.8342677089473,3.70856692723682,4.78594213796169,0.000903553839025144,"Raw_anova"
"2","gen_factor               ",4,50.2197141880338,12.5549285470084,16.202258918648,3.47453874313997e-12,"Raw_anova"
"3","exp_env_factor:gen_factor",16,37.7353792954008,2.35846120596255,3.04361741012833,8.16625347357769e-05,"Raw_anova"
"4","Residuals                ",350,271.210638807618,0.774887539450337,NA,NA,"Raw_anova"
"5","exp_env_factor           ",4,22.8903730988957,5.72259327472393,1.99964613475277e+29,0,"NoError_anova"
"6","gen_factor               ",4,201.082098608637,50.2705246521593,1.75660326510857e+30,0,"NoError_anova"
"7","exp_env_factor:gen_factor",16,150.027528292466,9.37672051827914,3.27650805166447e+29,0,"NoError_anova"
"8","Residuals                ",350,1.00163104428525e-26,2.86180298367213e-29,NA,NA,"NoError_anova"
