"","row","aov_coefs"
"(Intercept)",21446,0.363273148655948
"exp_env_factorE_2",21446,0.335588033657835
"gen_factorG_2",21446,-1.07774153327131
"exp_env_factorE_2:gen_factorG_2",21446,0.0312144046031589
