"","Fixed_effect","Df","Sum Sq","Mean Sq","F value","Pr(>F)","data_class"
"1","exp_env_factor           ",6,118.483858543812,19.7473097573019,47.4588768888755,7.58300293575553e-45,"Raw_anova"
"2","gen_factor               ",6,98.491257496238,16.4152095827063,39.45081230129,2.18558095626841e-38,"Raw_anova"
"3","exp_env_factor:gen_factor",36,88.5278403328719,2.45910667591311,5.90999191399314,4.63306034378233e-21,"Raw_anova"
"4","Residuals                ",441,183.497043627079,0.416093069449158,NA,NA,"Raw_anova"
"5","exp_env_factor           ",6,200.760885221677,33.4601475369461,1.55319641978499e+29,0,"NoError_anova"
"6","gen_factor               ",6,166.920154142948,27.8200256904913,1.29138594661263e+29,0,"NoError_anova"
"7","exp_env_factor:gen_factor",36,121.318960635375,3.36997112876041,1.56431679991546e+28,0,"NoError_anova"
"8","Residuals                ",441,9.50035995179278e-26,2.15427663305959e-28,NA,NA,"NoError_anova"
