"","Fixed_effect","Df","Sum Sq","Mean Sq","F value","Pr(>F)","data_class"
"1","exp_env_factor           ",6,88.3597109360768,14.7266184893461,40.8046316499013,4.93796625889766e-32,"Raw_anova"
"2","gen_factor               ",6,9.00986556577259,1.5016442609621,4.16076786277006,0.000584329079439754,"Raw_anova"
"3","exp_env_factor:gen_factor",36,75.8929334828763,2.10813704119101,5.84124288244064,1.34501980899047e-16,"Raw_anova"
"4","Residuals                ",196,70.7374900152744,0.36090556130242,NA,NA,"Raw_anova"
"5","exp_env_factor           ",6,121.290682261978,20.2151137103297,2.70651353962824e+30,0,"NoError_anova"
"6","gen_factor               ",6,8.6619432301888,1.44365720503147,1.93284976181112e+29,0,"NoError_anova"
"7","exp_env_factor:gen_factor",36,114.047374507833,3.16798262521759,4.24147397403812e+29,0,"NoError_anova"
"8","Residuals                ",196,1.46393588253353e-27,7.46906062517106e-30,NA,NA,"NoError_anova"
