"","Fixed_effect","Df","Sum Sq","Mean Sq","F value","Pr(>F)","data_class"
"1","exp_env_factor           ",1,0.066061154686074,0.066061154686074,0.069254053716331,0.7939263716214,"Raw_anova"
"2","gen_factor               ",1,0.0398418616909563,0.0398418616909563,0.0417675174286012,0.839214608958722,"Raw_anova"
"3","exp_env_factor:gen_factor",1,4.55384625346457,4.55384625346457,4.77394490835065,0.0354847129632361,"Raw_anova"
"4","Residuals                ",36,34.3402507301584,0.953895853615511,NA,NA,"Raw_anova"
"5","exp_env_factor           ",1,10.4676527387573,10.4676527387573,2.95672415307753e+31,0,"NoError_anova"
"6","gen_factor               ",1,4.45990722252763,4.45990722252763,1.25975858527553e+31,0,"NoError_anova"
"7","exp_env_factor:gen_factor",1,24.0724400387151,24.0724400387151,6.79957261310804e+31,0,"NoError_anova"
"8","Residuals                ",36,1.2745033999977e-29,3.54028722221582e-31,NA,NA,"NoError_anova"
