"","Fixed_effect","Df","Sum Sq","Mean Sq","F value","Pr(>F)","data_class"
"1","exp_env_factor           ",2,0.880033730932982,0.440016865466491,0.49850747645514,0.609287887622054,"Raw_anova"
"2","gen_factor               ",2,1.26657976239302,0.633289881196508,0.717471909185009,0.491059073170021,"Raw_anova"
"3","exp_env_factor:gen_factor",4,15.3572349218881,3.83930873047202,4.34966078977613,0.00308556272010442,"Raw_anova"
"4","Residuals                ",81,71.4961515847859,0.882668538083777,NA,NA,"Raw_anova"
"5","exp_env_factor           ",2,13.6872464748311,6.84362323741557,2.60800869840722e+30,0,"NoError_anova"
"6","gen_factor               ",2,19.8478364602448,9.92391823012238,3.78186585797718e+30,0,"NoError_anova"
"7","exp_env_factor:gen_factor",4,55.464917064924,13.866229266231,5.28422522483806e+30,0,"NoError_anova"
"8","Residuals                ",81,2.12550472921815e-28,2.62407991261499e-30,NA,NA,"NoError_anova"
