"","Fixed_effect","Df","Sum Sq","Mean Sq","F value","Pr(>F)","data_class"
"1","exp_env_factor           ",1,2.52770629131239e-05,2.52770629131239e-05,2.43432870974016e-05,0.996080874536092,"Raw_anova"
"2","gen_factor               ",1,0.0796212005182474,0.0796212005182474,0.0766798638717291,0.782867797409156,"Raw_anova"
"3","exp_env_factor:gen_factor",1,0.772268694300722,0.772268694300722,0.743739832681951,0.392143713883392,"Raw_anova"
"4","Residuals                ",56,58.1480848281181,1.03835865764497,NA,NA,"Raw_anova"
"5","exp_env_factor           ",1,5.96347393632904,5.96347393632904,4.99444418864669e+30,0,"NoError_anova"
"6","gen_factor               ",1,37.8380399953503,37.8380399953503,3.16895790913592e+31,0,"NoError_anova"
"7","exp_env_factor:gen_factor",1,15.1984860683207,15.1984860683207,1.27288206891836e+31,0,"NoError_anova"
"8","Residuals                ",56,6.68652061812139e-29,1.19402153895025e-30,NA,NA,"NoError_anova"
