"","Fixed_effect","Df","Sum Sq","Mean Sq","F value","Pr(>F)","data_class"
"1","exp_env_factor           ",1,4.38414674553818,4.38414674553818,6.16281567308211,0.0178450515837678,"Raw_anova"
"2","gen_factor               ",1,8.89199774872821,8.89199774872821,12.4995230021996,0.00114009665166107,"Raw_anova"
"3","exp_env_factor:gen_factor",1,0.11392471894411,0.11392471894411,0.160144512538221,0.691388346127549,"Raw_anova"
"4","Residuals                ",36,25.6099307867895,0.711386966299708,NA,NA,"Raw_anova"
"5","exp_env_factor           ",1,11.2891635152094,11.2891635152094,2.22249219536931e+31,0,"NoError_anova"
"6","gen_factor               ",1,27.567856431713,27.567856431713,5.4272706458719e+31,0,"NoError_anova"
"7","exp_env_factor:gen_factor",1,0.14298005307755,0.14298005307755,2.81484143293899e+29,0,"NoError_anova"
"8","Residuals                ",36,1.82862233394707e-29,5.07950648318631e-31,NA,NA,"NoError_anova"
