"","Fixed_effect","Df","Sum Sq","Mean Sq","F value","Pr(>F)","data_class"
"1","exp_env_factor           ",2,7.71321022485578,3.85660511242789,4.9784371627513,0.00829985560900165,"Raw_anova"
"2","gen_factor               ",2,8.62553323946593,4.31276661973296,5.56728962080205,0.00482041807555434,"Raw_anova"
"3","exp_env_factor:gen_factor",4,20.0538692612818,5.01346731532046,6.47181426908329,9.05894174277341e-05,"Raw_anova"
"4","Residuals                ",126,97.6073872743965,0.774661803765051,NA,NA,"Raw_anova"
"5","exp_env_factor           ",2,43.1810694719491,21.5905347359745,5.97590876191619e+30,0,"NoError_anova"
"6","gen_factor               ",2,27.5309924573337,13.7654962286668,3.81006540740971e+30,0,"NoError_anova"
"7","exp_env_factor:gen_factor",4,63.2879380707168,15.8219845176792,4.37926790912498e+30,0,"NoError_anova"
"8","Residuals                ",126,4.55229068099174e-28,3.6129291118982e-30,NA,NA,"NoError_anova"
