"","Fixed_effect","Df","Sum Sq","Mean Sq","F value","Pr(>F)","data_class"
"1","exp_env_factor           ",6,91.470595396049,15.2450992326748,372.546148693164,3.66574024928529e-169,"Raw_anova"
"2","gen_factor               ",6,177.678847941785,29.6131413236309,723.659556585871,1.08063552802551e-224,"Raw_anova"
"3","exp_env_factor:gen_factor",36,201.804231971403,5.60567311031676,136.986443722539,3.51385649059383e-215,"Raw_anova"
"4","Residuals                ",441,18.0463246907616,0.0409213711808654,NA,NA,"Raw_anova"
"5","exp_env_factor           ",6,98.5983290901927,16.4330548483655,8.4453204146687e+28,0,"NoError_anova"
"6","gen_factor               ",6,187.620836639008,31.2701394398347,1.60704354374525e+29,0,"NoError_anova"
"7","exp_env_factor:gen_factor",36,202.780834270799,5.63280095196663,2.89482444441186e+28,0,"NoError_anova"
"8","Residuals                ",441,8.58105652870419e-26,1.9458178069624e-28,NA,NA,"NoError_anova"
