"","Fixed_effect","Df","Sum Sq","Mean Sq","F value","Pr(>F)","data_class"
"1","exp_env_factor           ",2,1.30722040815131,0.653610204075654,0.790268890391719,0.45718938754429,"Raw_anova"
"2","gen_factor               ",2,0.88377685274543,0.441888426372715,0.534279719332669,0.588142345549578,"Raw_anova"
"3","exp_env_factor:gen_factor",4,19.8160751750617,4.95401879376542,5.98981917772442,0.00028366942498285,"Raw_anova"
"4","Residuals                ",81,66.9929275640416,0.827073179802982,NA,NA,"Raw_anova"
"5","exp_env_factor           ",2,8.7943535141992,4.3971767570996,1.4314919301433e+30,0,"NoError_anova"
"6","gen_factor               ",2,2.70925190561662,1.35462595280831,4.40995717690194e+29,0,"NoError_anova"
"7","exp_env_factor:gen_factor",4,77.4963945801842,19.3740986450461,6.30719832206089e+30,0,"NoError_anova"
"8","Residuals                ",81,2.48811264545105e-28,3.07174400672969e-30,NA,NA,"NoError_anova"
