"","Fixed_effect","Df","Sum Sq","Mean Sq","F value","Pr(>F)","data_class"
"1","exp_env_factor           ",4,13.4257294047765,3.35643235119412,18.5593584762258,3.38680272343702e-13,"Raw_anova"
"2","gen_factor               ",4,98.8911781487429,24.7227945371857,136.704440411697,4.80858303749926e-59,"Raw_anova"
"3","exp_env_factor:gen_factor",16,95.9921774029425,5.99951108768391,33.1742354106446,3.1554246825652e-50,"Raw_anova"
"4","Residuals                ",225,40.6909150435383,0.180848511304614,NA,NA,"Raw_anova"
"5","exp_env_factor           ",4,14.4506189017968,3.61265472544919,3.84145078464798e+29,0,"NoError_anova"
"6","gen_factor               ",4,117.396785342116,29.349196335529,3.12079348457213e+30,0,"NoError_anova"
"7","exp_env_factor:gen_factor",16,117.152595756088,7.32203723475548,7.7857553013666e+29,0,"NoError_anova"
"8","Residuals                ",225,2.11599043901471e-27,9.40440195117649e-30,NA,NA,"NoError_anova"
