"","Fixed_effect","Df","Sum Sq","Mean Sq","F value","Pr(>F)","data_class"
"1","exp_env_factor           ",9,104.030891619185,11.5589879576872,329.499928388919,9.83853353432882e-278,"Raw_anova"
"2","gen_factor               ",9,168.081671728457,18.6757413031619,532.369740718467,0,"Raw_anova"
"3","exp_env_factor:gen_factor",81,695.315080285594,8.5841367936493,244.698970977566,0,"Raw_anova"
"4","Residuals                ",900,31.5723563667649,0.0350803959630721,NA,NA,"Raw_anova"
"5","exp_env_factor           ",9,108.049652337643,12.0055169264048,4.11760116604555e+28,0,"NoError_anova"
"6","gen_factor               ",9,176.077724390168,19.5641915989076,6.7100432771223e+28,0,"NoError_anova"
"7","exp_env_factor:gen_factor",81,714.872623272188,8.82558794163195,3.02696263911594e+28,0,"NoError_anova"
"8","Residuals                ",900,2.62409223187129e-25,2.91565803541254e-28,NA,NA,"NoError_anova"
