"","Fixed_effect","Df","Sum Sq","Mean Sq","F value","Pr(>F)","data_class"
"1","exp_env_factor           ",2,1.72868896750116,0.86434448375058,1.0674022085864,0.348687716814939,"Raw_anova"
"2","gen_factor               ",2,11.0863810305933,5.54319051529666,6.84543478888012,0.00179128635837148,"Raw_anova"
"3","exp_env_factor:gen_factor",4,10.594000340521,2.64850008513026,3.27070386108357,0.0154207758994969,"Raw_anova"
"4","Residuals                ",81,65.5909296613845,0.809764563720796,NA,NA,"Raw_anova"
"5","exp_env_factor           ",2,13.6540425411765,6.82702127058825,1.47629637307863e+30,0,"NoError_anova"
"6","gen_factor               ",2,4.4412764797277,2.22063823986385,4.80197739174209e+29,0,"NoError_anova"
"7","exp_env_factor:gen_factor",4,70.9046809790956,17.7261702447739,3.83316234177767e+30,0,"NoError_anova"
"8","Residuals                ",81,3.74578392930994e-28,4.62442460408635e-30,NA,NA,"NoError_anova"
