"","Fixed_effect","Df","Sum Sq","Mean Sq","F value","Pr(>F)","data_class"
"1","exp_env_factor           ",4,6.34142818346738,1.58535704586684,4.38033302463515,0.00263787570986073,"Raw_anova"
"2","gen_factor               ",4,62.5261535303459,15.6315383825865,43.18985680961,5.31061799522995e-21,"Raw_anova"
"3","exp_env_factor:gen_factor",16,18.9398037760401,1.18373773600251,3.27066102304006,0.000144286763884921,"Raw_anova"
"4","Residuals                ",100,36.1926145101466,0.361926145101466,NA,NA,"Raw_anova"
"5","exp_env_factor           ",4,7.28615347441957,1.82153836860489,6.19389399129076e+29,0,"NoError_anova"
"6","gen_factor               ",4,82.630113557449,20.6575283893622,7.02431215126068e+30,0,"NoError_anova"
"7","exp_env_factor:gen_factor",16,34.0837329681316,2.13023331050822,7.24356924312819e+29,0,"NoError_anova"
"8","Residuals                ",100,2.94086138891974e-28,2.94086138891974e-30,NA,NA,"NoError_anova"
