"","Fixed_effect","Df","Sum Sq","Mean Sq","F value","Pr(>F)","data_class"
"1","exp_env_factor           ",4,21.7152134141598,5.42880335353994,14.3192821066214,2.81984861123595e-09,"Raw_anova"
"2","gen_factor               ",4,49.0753079905559,12.268826997639,32.360869137389,2.70220431933887e-17,"Raw_anova"
"3","exp_env_factor:gen_factor",16,15.2969400118759,0.956058750742243,2.52174817742391,0.002742062716709,"Raw_anova"
"4","Residuals                ",100,37.9125385834085,0.379125385834085,NA,NA,"Raw_anova"
"5","exp_env_factor           ",4,26.491156416718,6.62278910417949,2.10489017302977e+30,0,"NoError_anova"
"6","gen_factor               ",4,73.7448008180861,18.4362002045215,5.85949152661633e+30,0,"NoError_anova"
"7","exp_env_factor:gen_factor",16,23.764042765196,1.48525267282475,4.72050929950658e+29,0,"NoError_anova"
"8","Residuals                ",100,3.14638226214277e-28,3.14638226214277e-30,NA,NA,"NoError_anova"
