"","Fixed_effect","Df","Sum Sq","Mean Sq","F value","Pr(>F)","data_class"
"1","exp_env_factor           ",6,130.070273400639,21.6783789001066,77.8080969873479,4.60413913002509e-74,"Raw_anova"
"2","gen_factor               ",6,319.154506439934,53.192417739989,190.918371598545,1.21005181543733e-142,"Raw_anova"
"3","exp_env_factor:gen_factor",36,93.6464237837573,2.60128954954881,9.33655558361302,1.49521796921414e-39,"Raw_anova"
"4","Residuals                ",686,191.128796375669,0.278613405795435,NA,NA,"Raw_anova"
"5","exp_env_factor           ",6,189.003152596806,31.500525432801,7.99961281204856e+29,0,"NoError_anova"
"6","gen_factor               ",6,432.632441389599,72.1054068982665,1.83112925551622e+30,0,"NoError_anova"
"7","exp_env_factor:gen_factor",36,112.364406013591,3.12123350037753,7.92642635510318e+28,0,"NoError_anova"
"8","Residuals                ",686,2.70130079475281e-26,3.93775626057261e-29,NA,NA,"NoError_anova"
