"","Fixed_effect","Df","Sum Sq","Mean Sq","F value","Pr(>F)","data_class"
"1","exp_env_factor           ",4,16.4906987617103,4.12267469042759,55.383487620281,3.69269914416277e-36,"Raw_anova"
"2","gen_factor               ",4,86.8382951438225,21.7095737859556,291.643654011262,4.93227079008682e-110,"Raw_anova"
"3","exp_env_factor:gen_factor",16,244.617461912803,15.2885913695502,205.384992614879,7.25940860311505e-167,"Raw_anova"
"4","Residuals                ",350,26.0535441816644,0.0744386976618983,NA,NA,"Raw_anova"
"5","exp_env_factor           ",4,19.0162851169246,4.75407127923115,1.18470366380011e+29,0,"NoError_anova"
"6","gen_factor               ",4,89.1346798284862,22.2836699571215,5.55303946670816e+29,0,"NoError_anova"
"7","exp_env_factor:gen_factor",16,265.84903505459,16.6155646909119,4.14056062882896e+29,0,"NoError_anova"
"8","Residuals                ",350,1.40450730302768e-26,4.01287800865051e-29,NA,NA,"NoError_anova"
