"","Fixed_effect","Df","Sum Sq","Mean Sq","F value","Pr(>F)","data_class"
"1","exp_env_factor           ",1,19.095158459155,19.095158459155,43.6951103828077,1.52156929522572e-08,"Raw_anova"
"2","gen_factor               ",1,11.0609574694075,11.0609574694075,25.310591614053,5.36055950321543e-06,"Raw_anova"
"3","exp_env_factor:gen_factor",1,4.37137755195706,4.37137755195706,10.0029452526546,0.0025244454136324,"Raw_anova"
"4","Residuals                ",56,24.4725065194805,0.437009044990722,NA,NA,"Raw_anova"
"5","exp_env_factor           ",1,28.6753908498452,28.6753908498452,6.28191250373935e+31,0,"NoError_anova"
"6","gen_factor               ",1,29.9058090269562,29.9058090269562,6.55145998339168e+31,0,"NoError_anova"
"7","exp_env_factor:gen_factor",1,0.418800123198631,0.418800123198631,9.17464645648677e+29,0,"NoError_anova"
"8","Residuals                ",56,2.55626274106087e-29,4.56475489475156e-31,NA,NA,"NoError_anova"
