"","Fixed_effect","Df","Sum Sq","Mean Sq","F value","Pr(>F)","data_class"
"1","exp_env_factor           ",4,49.9400380235636,12.4850095058909,84.6171807019905,3.32553340088776e-50,"Raw_anova"
"2","gen_factor               ",4,148.73337043784,37.1833426094599,252.010190236869,1.17246723133497e-101,"Raw_anova"
"3","exp_env_factor:gen_factor",16,123.685148384736,7.73032177404598,52.3922736406682,1.30390245869414e-82,"Raw_anova"
"4","Residuals                ",350,51.6414431538609,0.147546980439603,NA,NA,"Raw_anova"
"5","exp_env_factor           ",4,56.0630699778103,14.0157674944526,1.39332230875327e+30,0,"NoError_anova"
"6","gen_factor               ",4,179.042079932008,44.7605199830019,4.44969075495849e+30,0,"NoError_anova"
"7","exp_env_factor:gen_factor",16,138.894850090183,8.68092813063641,8.62980270605009e+29,0,"NoError_anova"
"8","Residuals                ",350,3.52073500312199e-27,1.00592428660628e-29,NA,NA,"NoError_anova"
