"","Fixed_effect","Df","Sum Sq","Mean Sq","F value","Pr(>F)","data_class"
"1","exp_env_factor           ",4,83.9227182794027,20.9806795698507,66.9561269645646,4.96844307208701e-42,"Raw_anova"
"2","gen_factor               ",4,39.6053981151685,9.90134952879214,31.5984052834499,1.75355908742446e-22,"Raw_anova"
"3","exp_env_factor:gen_factor",16,140.799502863723,8.79996892898269,28.083543954405,3.66478808042552e-53,"Raw_anova"
"4","Residuals                ",350,109.672380741706,0.313349659262017,NA,NA,"Raw_anova"
"5","exp_env_factor           ",4,123.372678396665,30.8431695991662,8.60054605988311e+29,0,"NoError_anova"
"6","gen_factor               ",4,66.7470290022062,16.6867572505516,4.65306342339526e+29,0,"NoError_anova"
"7","exp_env_factor:gen_factor",16,183.880292601129,11.4925182875706,3.204661977379e+29,0,"NoError_anova"
"8","Residuals                ",350,1.25516557722556e-26,3.58618736350159e-29,NA,NA,"NoError_anova"
