"","Fixed_effect","Df","Sum Sq","Mean Sq","F value","Pr(>F)","data_class"
"1","exp_env_factor           ",2,16.0019215786992,8.00096078934962,18.1522741989373,1.18170979317613e-07,"Raw_anova"
"2","gen_factor               ",2,7.16022388836654,3.58011194418327,8.12242121723832,0.00048088700810865,"Raw_anova"
"3","exp_env_factor:gen_factor",4,55.3009532934701,13.8252383233675,31.366172578359,4.02048987456779e-18,"Raw_anova"
"4","Residuals                ",126,55.5369012394641,0.440769057456064,NA,NA,"Raw_anova"
"5","exp_env_factor           ",2,37.5308118831104,18.7654059415552,3.85646215314012e+30,0,"NoError_anova"
"6","gen_factor               ",2,12.9665840837346,6.48329204186728,1.33237567389089e+30,0,"NoError_anova"
"7","exp_env_factor:gen_factor",4,83.5026040331549,20.8756510082887,4.2901367700951e+30,0,"NoError_anova"
"8","Residuals                ",126,6.13111461942057e-28,4.86596398366712e-30,NA,NA,"NoError_anova"
