"","Fixed_effect","Df","Sum Sq","Mean Sq","F value","Pr(>F)","data_class"
"1","exp_env_factor           ",2,2.3060085264988,1.1530042632494,1.34896074128932,0.27231245777047,"Raw_anova"
"2","gen_factor               ",2,5.15774281271891,2.57887140635945,3.0171582143231,0.0614572619885793,"Raw_anova"
"3","exp_env_factor:gen_factor",4,5.76578054670997,1.44144513667749,1.68642299259197,0.174493488726882,"Raw_anova"
"4","Residuals                ",36,30.7704681140723,0.854735225390898,NA,NA,"Raw_anova"
"5","exp_env_factor           ",2,15.5824976110975,7.79124880554876,3.94899262500998e+30,0,"NoError_anova"
"6","gen_factor               ",2,23.7359520299578,11.8679760149789,6.01528085248281e+30,0,"NoError_anova"
"7","exp_env_factor:gen_factor",4,4.68155035894458,1.17038758973614,5.93210674645591e+29,0,"NoError_anova"
"8","Residuals                ",36,7.10269639966843e-29,1.97297122213012e-30,NA,NA,"NoError_anova"
