"","row","aov_coefs"
"(Intercept)",18502,-0.211635065281454
"exp_env_factorE_2",18502,0.429622208932007
"gen_factorG_2",18502,-0.0313340578370309
"exp_env_factorE_2:gen_factorG_2",18502,0.0499639589358657
