"","Fixed_effect","Df","Sum Sq","Mean Sq","F value","Pr(>F)","data_class"
"1","exp_env_factor           ",9,59.8210870612015,6.64678745124461,50.9035277257745,5.73856925744386e-61,"Raw_anova"
"2","gen_factor               ",9,27.3642464595561,3.04047182883957,23.2850445683787,6.37479776089849e-32,"Raw_anova"
"3","exp_env_factor:gen_factor",81,359.584200354758,4.43931111549083,33.9978671062233,5.53702964441163e-137,"Raw_anova"
"4","Residuals                ",400,52.2304661244849,0.130576165311212,NA,NA,"Raw_anova"
"5","exp_env_factor           ",9,57.9466215943986,6.43851351048873,3.55786086088056e+28,0,"NoError_anova"
"6","gen_factor               ",9,32.9875925421951,3.6652880602439,2.02540305493662e+28,0,"NoError_anova"
"7","exp_env_factor:gen_factor",81,408.065785863406,5.0378492081902,2.78386719102768e+28,0,"NoError_anova"
"8","Residuals                ",400,7.23863440673755e-26,1.80965860168439e-28,NA,NA,"NoError_anova"
