"","Fixed_effect","Df","Sum Sq","Mean Sq","F value","Pr(>F)","data_class"
"1","exp_env_factor           ",9,63.9829888716199,7.10922098573555,39.7897965274493,2.18365109767329e-50,"Raw_anova"
"2","gen_factor               ",9,39.3869237355865,4.37632485950961,24.493974240961,2.07532495769794e-33,"Raw_anova"
"3","exp_env_factor:gen_factor",81,324.162308151136,4.00200380433501,22.3989263234434,2.39048599158752e-107,"Raw_anova"
"4","Residuals                ",400,71.4677792416575,0.178669448104144,NA,NA,"Raw_anova"
"5","exp_env_factor           ",9,84.1465408299541,9.34961564777268,6.69585211694861e+28,0,"NoError_anova"
"6","gen_factor               ",9,35.1419424874851,3.90466027638724,2.79637460646215e+28,0,"NoError_anova"
"7","exp_env_factor:gen_factor",81,379.711516682561,4.68779650225384,3.35722807396027e+28,0,"NoError_anova"
"8","Residuals                ",400,5.58531788604281e-26,1.3963294715107e-28,NA,NA,"NoError_anova"
