"","Fixed_effect","Df","Sum Sq","Mean Sq","F value","Pr(>F)","data_class"
"1","exp_env_factor           ",6,24.2449602997778,4.04082671662963,40.8294176730866,1.57356221248959e-39,"Raw_anova"
"2","gen_factor               ",6,86.7078697464494,14.4513116244082,146.019287540505,1.82454258754203e-101,"Raw_anova"
"3","exp_env_factor:gen_factor",36,334.402056121834,9.28894600338426,93.8575897239314,8.63235920931035e-183,"Raw_anova"
"4","Residuals                ",441,43.6451138319395,0.0989685120905657,NA,NA,"Raw_anova"
"5","exp_env_factor           ",6,20.5686090634096,3.42810151056826,3.09276415479172e+28,0,"NoError_anova"
"6","gen_factor               ",6,107.282113549522,17.8803522582537,1.61312937697137e+29,0,"NoError_anova"
"7","exp_env_factor:gen_factor",36,361.149277387069,10.031924371863,9.05060016607742e+28,0,"NoError_anova"
"8","Residuals                ",441,4.88816052726922e-26,1.10842642341706e-28,NA,NA,"NoError_anova"
