"","Fixed_effect","Df","Sum Sq","Mean Sq","F value","Pr(>F)","data_class"
"1","exp_env_factor           ",1,2.43454614831757,2.43454614831757,2.42992280361814,0.138597238862306,"Raw_anova"
"2","gen_factor               ",1,0.0144952372768096,0.0144952372768096,0.0144677099783532,0.905757393944902,"Raw_anova"
"3","exp_env_factor:gen_factor",1,0.52051587150005,0.52051587150005,0.519527381593159,0.481442801093064,"Raw_anova"
"4","Residuals                ",16,16.0304427429056,1.0019026714316,NA,NA,"Raw_anova"
"5","exp_env_factor           ",1,12.0836561807288,12.0836561807288,1.47976250063239e+32,3.66878564270609e-249,"NoError_anova"
"6","gen_factor               ",1,0.433908177200412,0.433908177200412,5.31363222964687e+30,1.32716994415553e-237,"NoError_anova"
"7","exp_env_factor:gen_factor",1,6.48243564207076,6.48243564207076,7.93837976886278e+31,5.34814908572909e-247,"NoError_anova"
"8","Residuals                ",16,1.3065508742723e-30,8.16594296420188e-32,NA,NA,"NoError_anova"
