"","Fixed_effect","Df","Sum Sq","Mean Sq","F value","Pr(>F)","data_class"
"1","exp_env_factor           ",9,81.3875127885275,9.04305697650305,292.616696280992,6.50014471272188e-170,"Raw_anova"
"2","gen_factor               ",9,62.6346343173522,6.95940381303913,225.193511126625,1.38020944981058e-150,"Raw_anova"
"3","exp_env_factor:gen_factor",81,342.616211071989,4.22982976632085,136.869513845575,1.52377941674546e-247,"Raw_anova"
"4","Residuals                ",400,12.3616418221321,0.0309041045553302,NA,NA,"Raw_anova"
"5","exp_env_factor           ",9,83.6331728362547,9.29257475958385,3.84446402928559e+28,0,"NoError_anova"
"6","gen_factor               ",9,63.4516712308676,7.05018569231862,2.91675730302294e+28,0,"NoError_anova"
"7","exp_env_factor:gen_factor",81,351.915155932879,4.3446315547269,1.79743291442669e+28,0,"NoError_anova"
"8","Residuals                ",400,9.66852563977368e-26,2.41713140994342e-28,NA,NA,"NoError_anova"
