"","Fixed_effect","Df","Sum Sq","Mean Sq","F value","Pr(>F)","data_class"
"1","exp_env_factor           ",9,170.958132590739,18.9953480656376,174.215628716036,3.16263777962302e-221,"Raw_anova"
"2","gen_factor               ",9,245.049227624646,27.227691958294,249.718481420284,1.14315294941842e-283,"Raw_anova"
"3","exp_env_factor:gen_factor",81,930.345672989007,11.485749049247,105.341422803879,0,"Raw_anova"
"4","Residuals                ",1400,152.646966795608,0.109033547711148,NA,NA,"Raw_anova"
"5","exp_env_factor           ",9,196.199376277182,21.7999306974647,2.04270324985232e+28,0,"NoError_anova"
"6","gen_factor               ",9,275.19151183544,30.5768346483822,2.86511917736102e+28,0,"NoError_anova"
"7","exp_env_factor:gen_factor",81,1027.60911188737,12.6865322455231,1.18875701977806e+28,0,"NoError_anova"
"8","Residuals                ",1400,1.49409381801577e-24,1.06720987001126e-27,NA,NA,"NoError_anova"
