"","Fixed_effect","Df","Sum Sq","Mean Sq","F value","Pr(>F)","data_class"
"1","exp_env_factor           ",2,12.9473258043499,6.47366290217496,28.7614040183796,3.64780113485286e-10,"Raw_anova"
"2","gen_factor               ",2,20.151045321843,10.0755226609215,44.7638658864587,8.0527671030218e-14,"Raw_anova"
"3","exp_env_factor:gen_factor",4,37.6700190837884,9.4175047709471,41.8404022043264,5.55107966267465e-19,"Raw_anova"
"4","Residuals                ",81,18.2316097900186,0.225081602345909,NA,NA,"Raw_anova"
"5","exp_env_factor           ",2,12.3422540829679,6.17112704148396,1.48753447316249e+30,0,"NoError_anova"
"6","gen_factor               ",2,29.4707561596931,14.7353780798466,3.55192539733937e+30,0,"NoError_anova"
"7","exp_env_factor:gen_factor",4,47.1869897573389,11.7967474393347,2.84357595772036e+30,0,"NoError_anova"
"8","Residuals                ",81,3.36033415950017e-28,4.14856069074095e-30,NA,NA,"NoError_anova"
