"","Fixed_effect","Df","Sum Sq","Mean Sq","F value","Pr(>F)","data_class"
"1","exp_env_factor           ",6,47.5402266331105,7.92337110551841,171.511484119749,3.51729235329998e-75,"Raw_anova"
"2","gen_factor               ",6,78.518266943368,13.0863778238947,283.271356653324,1.05221641243348e-93,"Raw_anova"
"3","exp_env_factor:gen_factor",36,108.886831486435,3.02463420795653,65.4720692767609,1.28055267377836e-90,"Raw_anova"
"4","Residuals                ",196,9.05467493708653,0.0461973211075844,NA,NA,"Raw_anova"
"5","exp_env_factor           ",6,46.7439607648823,7.79066012748039,7.84834958763927e+29,0,"NoError_anova"
"6","gen_factor               ",6,82.4791999656563,13.7465333276094,1.38483257397734e+30,0,"NoError_anova"
"7","exp_env_factor:gen_factor",36,114.776839269461,3.18824553526281,3.21185433872409e+29,0,"NoError_anova"
"8","Residuals                ",196,1.94559297841555e-27,9.92649478783446e-30,NA,NA,"NoError_anova"
