"","Fixed_effect","Df","Sum Sq","Mean Sq","F value","Pr(>F)","data_class"
"1","exp_env_factor           ",6,99.7460990804109,16.6243498467352,79.281999518585,3.42308726539585e-75,"Raw_anova"
"2","gen_factor               ",6,272.446673793687,45.4077789656145,216.550995574655,1.2906402324668e-154,"Raw_anova"
"3","exp_env_factor:gen_factor",36,217.962419173159,6.05451164369887,28.8741390578514,4.09450038727565e-113,"Raw_anova"
"4","Residuals                ",686,143.844807952743,0.209686308969013,NA,NA,"Raw_anova"
"5","exp_env_factor           ",6,123.359648937407,20.5599414895678,1.72440014533139e+29,0,"NoError_anova"
"6","gen_factor               ",6,332.718881936041,55.4531469893401,4.65095753195703e+29,0,"NoError_anova"
"7","exp_env_factor:gen_factor",36,277.921469126551,7.72004080907087,6.47494035908657e+28,0,"NoError_anova"
"8","Residuals                ",686,8.17914560029975e-26,1.19229527701162e-28,NA,NA,"NoError_anova"
