"","row","aov_coefs"
"(Intercept)",24003,-0.421482963241899
"exp_env_factorE_2",24003,0.233241617908497
"gen_factorG_2",24003,0.264903868067702
"exp_env_factorE_2:gen_factorG_2",24003,0.689640881015195
