"","Fixed_effect","Df","Sum Sq","Mean Sq","F value","Pr(>F)","data_class"
"1","exp_env_factor           ",6,21.5191725198407,3.58652875330678,5.11941809692434,4.2386683941231e-05,"Raw_anova"
"2","gen_factor               ",6,133.498261092589,22.2497101820981,31.7592794572005,9.28774030731854e-32,"Raw_anova"
"3","exp_env_factor:gen_factor",36,25.0296443438485,0.695267898440236,0.992426746391972,0.484612030321169,"Raw_anova"
"4","Residuals                ",441,308.952922043722,0.70057351937352,NA,NA,"Raw_anova"
"5","exp_env_factor           ",6,96.3939897508347,16.0656649584724,3.5947329372762e+29,0,"NoError_anova"
"6","gen_factor               ",6,388.247816991213,64.7079694985355,1.44785709064585e+30,0,"NoError_anova"
"7","exp_env_factor:gen_factor",36,4.35819325795237,0.12106092383201,2.70876861580829e+27,0,"NoError_anova"
"8","Residuals                ",441,1.97092756828127e-26,4.46922351084187e-29,NA,NA,"NoError_anova"
