"","row","aov_coefs"
"(Intercept)",26496,-1.0454624014782
"exp_env_factorE_2",26496,1.32397313969092
"gen_factorG_2",26496,1.02537595970391
"exp_env_factorE_2:gen_factorG_2",26496,-0.516848592876841
