"","row","aov_coefs"
"(Intercept)",16137,-0.713930978715609
"exp_env_factorE_2",16137,0.0383316810867126
"gen_factorG_2",16137,1.26919839424519
"exp_env_factorE_2:gen_factorG_2",16137,0.240663764198621
