"","Fixed_effect","Df","Sum Sq","Mean Sq","F value","Pr(>F)","data_class"
"1","exp_env_factor           ",9,283.187561938821,31.465284659869,386.548000039528,0,"Raw_anova"
"2","gen_factor               ",9,85.4791831017389,9.49768701130432,116.678172751556,2.96929940878179e-163,"Raw_anova"
"3","exp_env_factor:gen_factor",81,1016.37225006661,12.5478055563779,154.148586136546,0,"Raw_anova"
"4","Residuals                ",1400,113.961004892826,0.0814007177805898,NA,NA,"Raw_anova"
"5","exp_env_factor           ",9,287.627618757932,31.9586243064369,6.61274685831489e+27,0,"NoError_anova"
"6","gen_factor               ",9,105.050073166242,11.6722303518047,2.41516980982432e+27,0,"NoError_anova"
"7","exp_env_factor:gen_factor",81,1106.32230807583,13.6583000997016,2.82611917860406e+27,0,"NoError_anova"
"8","Residuals                ",1400,6.76603459767295e-24,4.83288185548068e-27,NA,NA,"NoError_anova"
