"","Fixed_effect","Df","Sum Sq","Mean Sq","F value","Pr(>F)","data_class"
"1","exp_env_factor           ",1,1.20623246768956,1.20623246768956,2.90528558103943,0.0938325346831556,"Raw_anova"
"2","gen_factor               ",1,2.68581877334208,2.68581877334208,6.4689608052268,0.0137660587425113,"Raw_anova"
"3","exp_env_factor:gen_factor",1,31.8575603525907,31.8575603525907,76.7309065364138,4.42228456856995e-12,"Raw_anova"
"4","Residuals                ",56,23.2503884063776,0.415185507256743,NA,NA,"Raw_anova"
"5","exp_env_factor           ",1,3.25895764151996,3.25895764151996,1.5973989733134e+30,0,"NoError_anova"
"6","gen_factor               ",1,14.622621917373,14.622621917373,7.16737184318465e+30,0,"NoError_anova"
"7","exp_env_factor:gen_factor",1,41.1184204411069,41.1184204411069,2.01544572902945e+31,0,"NoError_anova"
"8","Residuals                ",56,1.14249245788962e-28,2.04016510337432e-30,NA,NA,"NoError_anova"
