"","Fixed_effect","Df","Sum Sq","Mean Sq","F value","Pr(>F)","data_class"
"1","exp_env_factor           ",4,33.0223234637196,8.2555808659299,15.0572028618084,6.38186544061774e-11,"Raw_anova"
"2","gen_factor               ",4,10.4338133262822,2.60845333157055,4.75751029598736,0.00105485178750122,"Raw_anova"
"3","exp_env_factor:gen_factor",16,82.1805990046878,5.13628743779299,9.36798066221788,1.18206724670534e-17,"Raw_anova"
"4","Residuals                ",225,123.36326420531,0.548281174245823,NA,NA,"Raw_anova"
"5","exp_env_factor           ",4,51.3438726670027,12.8359681667507,5.9143038740413e+29,0,"NoError_anova"
"6","gen_factor               ",4,34.9612766385911,8.74031915964778,4.02719162237904e+29,0,"NoError_anova"
"7","exp_env_factor:gen_factor",16,162.694850694406,10.1684281684004,4.68520748322367e+29,0,"NoError_anova"
"8","Residuals                ",225,4.88323376516912e-27,2.17032611785294e-29,NA,NA,"NoError_anova"
