"","Fixed_effect","Df","Sum Sq","Mean Sq","F value","Pr(>F)","data_class"
"1","exp_env_factor           ",6,36.3048927433159,6.05081545721931,53.9899613610669,5.84296310229e-39,"Raw_anova"
"2","gen_factor               ",6,30.6762271278446,5.11270452130743,45.6194246060833,1.07894209518662e-34,"Raw_anova"
"3","exp_env_factor:gen_factor",36,155.052577510401,4.30701604195559,38.4304613701672,1.44361923664046e-70,"Raw_anova"
"4","Residuals                ",196,21.9663026184383,0.112072972543052,NA,NA,"Raw_anova"
"5","exp_env_factor           ",6,43.3311837224218,7.22186395373697,4.00432434139099e+29,0,"NoError_anova"
"6","gen_factor               ",6,34.6615439727212,5.77692399545353,3.20314499435983e+29,0,"NoError_anova"
"7","exp_env_factor:gen_factor",36,166.007272304857,4.61131311957936,2.55684591800603e+29,0,"NoError_anova"
"8","Residuals                ",196,3.53489181758126e-27,1.80351623345982e-29,NA,NA,"NoError_anova"
