"","Fixed_effect","Df","Sum Sq","Mean Sq","F value","Pr(>F)","data_class"
"1","exp_env_factor           ",6,124.352331359606,20.7253885599344,33.2490971125743,4.45884671969617e-33,"Raw_anova"
"2","gen_factor               ",6,3.00677409557325,0.501129015928875,0.803945714617798,0.567204009196639,"Raw_anova"
"3","exp_env_factor:gen_factor",36,86.749329099138,2.40970358608717,3.86581261502701,7.82712659170818e-12,"Raw_anova"
"4","Residuals                ",441,274.891565445682,0.623336883096785,NA,NA,"Raw_anova"
"5","exp_env_factor           ",6,264.484249549833,44.0807082583056,4.69217654375421e+29,0,"NoError_anova"
"6","gen_factor               ",6,5.69516851964232,0.94919475327372,1.01037155089865e+28,0,"NoError_anova"
"7","exp_env_factor:gen_factor",36,218.820581930524,6.0783494980701,6.47010678060303e+28,0,"NoError_anova"
"8","Residuals                ",441,4.14297973672558e-26,9.39451187466117e-29,NA,NA,"NoError_anova"
