"","Fixed_effect","Df","Sum Sq","Mean Sq","F value","Pr(>F)","data_class"
"1","exp_env_factor           ",9,82.3770372324786,9.15300413694207,200.617097613207,1.52651936040558e-244,"Raw_anova"
"2","gen_factor               ",9,437.427004266911,48.6030004741013,1065.28881059428,0,"Raw_anova"
"3","exp_env_factor:gen_factor",81,915.322011842159,11.3002717511378,247.681273496197,0,"Raw_anova"
"4","Residuals                ",1400,63.8739466584492,0.045624247613178,NA,NA,"Raw_anova"
"5","exp_env_factor           ",9,88.0827341603342,9.78697046225935,2.29126656030826e+28,0,"NoError_anova"
"6","gen_factor               ",9,442.703549177015,49.1892832418905,1.15158986381223e+29,0,"NoError_anova"
"7","exp_env_factor:gen_factor",81,968.213716662651,11.9532557612673,2.79842422312586e+28,0,"NoError_anova"
"8","Residuals                ",1400,5.97999328603639e-25,4.27142377574028e-28,NA,NA,"NoError_anova"
