"","Fixed_effect","Df","Sum Sq","Mean Sq","F value","Pr(>F)","data_class"
"1","exp_env_factor           ",4,23.1775583783275,5.79438959458187,23.8352024041946,1.89126751026961e-16,"Raw_anova"
"2","gen_factor               ",4,30.3467920099523,7.58669800248807,31.2078571033419,1.12387817802643e-20,"Raw_anova"
"3","exp_env_factor:gen_factor",16,140.777659778351,8.79860373614696,36.1930273244768,3.53052175087843e-53,"Raw_anova"
"4","Residuals                ",225,54.6979898333687,0.243102177037194,NA,NA,"Raw_anova"
"5","exp_env_factor           ",4,27.3878344884374,6.84695862210934,6.54831269857794e+28,0,"NoError_anova"
"6","gen_factor               ",4,47.1782404831665,11.7945601207916,1.12801131240555e+29,0,"NoError_anova"
"7","exp_env_factor:gen_factor",16,174.433925028396,10.9021203142748,1.04265991421161e+29,0,"NoError_anova"
"8","Residuals                ",225,2.35261472823245e-26,1.04560654588109e-28,NA,NA,"NoError_anova"
