"","Fixed_effect","Df","Sum Sq","Mean Sq","F value","Pr(>F)","data_class"
"1","exp_env_factor           ",2,9.46838603958504,4.73419301979252,11.2111791341133,0.000164067102366658,"Raw_anova"
"2","gen_factor               ",2,18.9498349810838,9.47491749054189,22.4378255857562,4.70678961177173e-07,"Raw_anova"
"3","exp_env_factor:gen_factor",4,0.379903541096152,0.094975885274038,0.224915135225074,0.922702577962223,"Raw_anova"
"4","Residuals                ",36,15.201875438235,0.422274317728751,NA,NA,"Raw_anova"
"5","exp_env_factor           ",2,21.4475054096616,10.7237527048308,7.01004038644798e+30,0,"NoError_anova"
"6","gen_factor               ",2,21.7893491064018,10.8946745532009,7.12177077533144e+30,0,"NoError_anova"
"7","exp_env_factor:gen_factor",4,0.763145483936633,0.190786370984158,1.24715685133276e+29,0,"NoError_anova"
"8","Residuals                ",36,5.50717365509394e-29,1.52977045974832e-30,NA,NA,"NoError_anova"
