"","Fixed_effect","Df","Sum Sq","Mean Sq","F value","Pr(>F)","data_class"
"1","exp_env_factor           ",2,0.717802132538669,0.358901066269334,0.388159018276544,0.679559335567327,"Raw_anova"
"2","gen_factor               ",2,12.5758988706699,6.28794943533494,6.80054897903406,0.00186143595661655,"Raw_anova"
"3","exp_env_factor:gen_factor",4,0.811771241405168,0.202942810351292,0.219486898857873,0.926855081974437,"Raw_anova"
"4","Residuals                ",81,74.8945277553863,0.924623799449213,NA,NA,"Raw_anova"
"5","exp_env_factor           ",2,6.00126804363361,3.00063402181681,4.82602361727638e+30,0,"NoError_anova"
"6","gen_factor               ",2,80.714804512759,40.3574022563795,6.49082077338059e+31,0,"NoError_anova"
"7","exp_env_factor:gen_factor",4,2.2839274436074,0.570981860901849,9.18329901518718e+29,0,"NoError_anova"
"8","Residuals                ",81,5.0362653613438e-29,6.21761155721456e-31,NA,NA,"NoError_anova"
