"","Fixed_effect","Df","Sum Sq","Mean Sq","F value","Pr(>F)","data_class"
"1","exp_env_factor           ",6,97.7899848963344,16.2983308160557,283.864044727979,8.76037483451446e-94,"Raw_anova"
"2","gen_factor               ",6,34.1593354385405,5.69322257309008,99.1574662076399,1.18284123396751e-56,"Raw_anova"
"3","exp_env_factor:gen_factor",36,100.797148619979,2.79992079499943,48.7655362231051,2.24571876466764e-79,"Raw_anova"
"4","Residuals                ",196,11.2535310451456,0.0574159747201308,NA,NA,"Raw_anova"
"5","exp_env_factor           ",6,99.1730894650331,16.5288482441722,3.21143474866458e+29,0,"NoError_anova"
"6","gen_factor               ",6,37.0702748242857,6.17837913738095,1.20041403726997e+29,0,"NoError_anova"
"7","exp_env_factor:gen_factor",36,107.756635710681,2.99323988085226,5.81564693586367e+28,0,"NoError_anova"
"8","Residuals                ",196,1.00878719619164e-26,5.14687344995736e-29,NA,NA,"NoError_anova"
