"","Fixed_effect","Df","Sum Sq","Mean Sq","F value","Pr(>F)","data_class"
"1","exp_env_factor           ",9,84.7216369962858,9.41351522180953,355.959009948438,2.16856939302004e-289,"Raw_anova"
"2","gen_factor               ",9,109.333918067672,12.1482131186302,459.367814515417,0,"Raw_anova"
"3","exp_env_factor:gen_factor",81,781.143491840752,9.64374681284879,364.664897948207,0,"Raw_anova"
"4","Residuals                ",900,23.8009530952898,0.0264455034392109,NA,NA,"Raw_anova"
"5","exp_env_factor           ",9,89.4363768329481,9.9373752036609,8.63123299755542e+28,0,"NoError_anova"
"6","gen_factor               ",9,112.698259487832,12.5220288319814,1.08761666170279e+29,0,"NoError_anova"
"7","exp_env_factor:gen_factor",81,796.865363679218,9.83784399603973,8.54478390753919e+28,0,"NoError_anova"
"8","Residuals                ",900,1.03619467645328e-25,1.15132741828142e-28,NA,NA,"NoError_anova"
