"","Fixed_effect","Df","Sum Sq","Mean Sq","F value","Pr(>F)","data_class"
"1","exp_env_factor           ",6,53.8541707016715,8.97569511694524,185.844418506687,2.29229443875699e-117,"Raw_anova"
"2","gen_factor               ",6,108.649584428926,18.1082640714877,374.936956155938,1.1302034099851e-169,"Raw_anova"
"3","exp_env_factor:gen_factor",36,305.197345616044,8.47770404489011,175.533366270423,4.75819409576812e-237,"Raw_anova"
"4","Residuals                ",441,21.2988992533581,0.0482968237037599,NA,NA,"Raw_anova"
"5","exp_env_factor           ",6,57.3623004782437,9.56038341304062,8.80303206318937e+28,0,"NoError_anova"
"6","gen_factor               ",6,111.97496767521,18.662494612535,1.7184095172287e+29,0,"NoError_anova"
"7","exp_env_factor:gen_factor",36,319.662731846546,8.87952032907074,8.1761053699928e+28,0,"NoError_anova"
"8","Residuals                ",441,4.78940557626845e-26,1.08603301049171e-28,NA,NA,"NoError_anova"
