"","Fixed_effect","Df","Sum Sq","Mean Sq","F value","Pr(>F)","data_class"
"1","exp_env_factor           ",6,33.3054452277038,5.55090753795064,124.859354214749,3.4417941504454e-64,"Raw_anova"
"2","gen_factor               ",6,60.9342840628414,10.1557140104736,228.437581470788,1.30098890593797e-85,"Raw_anova"
"3","exp_env_factor:gen_factor",36,141.046643410317,3.91796231695326,88.1286963236129,2.8404503707438e-102,"Raw_anova"
"4","Residuals                ",196,8.71362729913757,0.044457282138457,NA,NA,"Raw_anova"
"5","exp_env_factor           ",6,38.7519115913502,6.4586519318917,4.58505639487043e+29,0,"NoError_anova"
"6","gen_factor               ",6,60.1340892974532,10.0223482162422,7.11495715593396e+29,0,"NoError_anova"
"7","exp_env_factor:gen_factor",36,145.113999111197,4.03094441975546,2.86160450881485e+29,0,"NoError_anova"
"8","Residuals                ",196,2.76091648527378e-27,1.40863085983356e-29,NA,NA,"NoError_anova"
