"","Fixed_effect","Df","Sum Sq","Mean Sq","F value","Pr(>F)","data_class"
"1","exp_env_factor           ",6,19.6718279531682,3.27863799219469,43.0803401278328,2.28637181213054e-41,"Raw_anova"
"2","gen_factor               ",6,49.7841189085943,8.29735315143238,109.024783088412,6.94410770901076e-84,"Raw_anova"
"3","exp_env_factor:gen_factor",36,385.981659009791,10.721712750272,140.880156069151,1.24736506366273e-217,"Raw_anova"
"4","Residuals                ",441,33.5623941284467,0.0761052021053213,NA,NA,"Raw_anova"
"5","exp_env_factor           ",6,23.9690741588814,3.99484569314691,4.27026468863545e+28,0,"NoError_anova"
"6","gen_factor               ",6,50.8130190802527,8.46883651337545,9.05270848857386e+28,0,"NoError_anova"
"7","exp_env_factor:gen_factor",36,414.217906760866,11.5060529655796,1.2299321540447e+29,0,"NoError_anova"
"8","Residuals                ",441,4.12556850484306e-26,9.35503062322689e-29,NA,NA,"NoError_anova"
