"","Fixed_effect","Df","Sum Sq","Mean Sq","F value","Pr(>F)","data_class"
"1","exp_env_factor           ",4,28.2442428061126,7.06106070152814,9.48616394741273,2.7244284243614e-07,"Raw_anova"
"2","gen_factor               ",4,20.9717009337026,5.24292523342565,7.04359450097055,1.83267453898321e-05,"Raw_anova"
"3","exp_env_factor:gen_factor",16,64.2602808716204,4.01626755447627,5.39564437821516,2.88503372303163e-10,"Raw_anova"
"4","Residuals                ",350,260.523775388564,0.744353643967327,NA,NA,"Raw_anova"
"5","exp_env_factor           ",4,96.4228302452846,24.1057075613212,4.07300617140234e+29,0,"NoError_anova"
"6","gen_factor               ",4,62.2357008968886,15.5589252242221,2.62890430813685e+29,0,"NoError_anova"
"7","exp_env_factor:gen_factor",16,215.341468857826,13.4588418036141,2.27406499421765e+29,0,"NoError_anova"
"8","Residuals                ",350,2.07144239203486e-26,5.91840683438531e-29,NA,NA,"NoError_anova"
