"","Fixed_effect","Df","Sum Sq","Mean Sq","F value","Pr(>F)","data_class"
"1","exp_env_factor           ",1,0.667296362898396,0.667296362898396,0.700054323500017,0.406321759303593,"Raw_anova"
"2","gen_factor               ",1,0.99887835712913,0.99887835712913,1.04791386771774,0.310389898554816,"Raw_anova"
"3","exp_env_factor:gen_factor",1,3.95425876936112,3.95425876936112,4.14837559687194,0.0464126072806196,"Raw_anova"
"4","Residuals                ",56,53.3795665106113,0.953206544832345,NA,NA,"Raw_anova"
"5","exp_env_factor           ",1,31.5170144446847,31.5170144446847,1.66383898681259e+31,0,"NoError_anova"
"6","gen_factor               ",1,12.5889438961727,12.5889438961727,6.64592634369308e+30,0,"NoError_anova"
"7","exp_env_factor:gen_factor",1,14.8940416591427,14.8940416591427,7.86282825969635e+30,0,"NoError_anova"
"8","Residuals                ",56,1.06077139848938e-28,1.89423464015961e-30,NA,NA,"NoError_anova"
