"","Fixed_effect","Df","Sum Sq","Mean Sq","F value","Pr(>F)","data_class"
"1","exp_env_factor           ",4,55.9521906766587,13.9880476691647,52.0146113748371,5.62087180408084e-31,"Raw_anova"
"2","gen_factor               ",4,64.7699309720347,16.1924827430087,60.2118120406469,1.64130642442658e-34,"Raw_anova"
"3","exp_env_factor:gen_factor",16,67.7696741684214,4.23560463552634,15.7501128295424,1.35831300751905e-28,"Raw_anova"
"4","Residuals                ",225,60.5082041828849,0.268925351923933,NA,NA,"Raw_anova"
"5","exp_env_factor           ",4,62.3139816284219,15.5784954071055,4.92205555150359e+29,0,"NoError_anova"
"6","gen_factor               ",4,86.1898551386827,21.5474637846707,6.80796257729659e+29,0,"NoError_anova"
"7","exp_env_factor:gen_factor",16,100.496163232895,6.28101020205596,1.98449723970002e+29,0,"NoError_anova"
"8","Residuals                ",225,7.12133666497927e-27,3.16503851776857e-29,NA,NA,"NoError_anova"
