"","Fixed_effect","Df","Sum Sq","Mean Sq","F value","Pr(>F)","data_class"
"1","exp_env_factor           ",4,64.7461329840636,16.1865332460159,19.891226501957,9.03224184263051e-15,"Raw_anova"
"2","gen_factor               ",4,2.58343796156521,0.645859490391302,0.793680599579532,0.529884158575002,"Raw_anova"
"3","exp_env_factor:gen_factor",16,21.8570900906742,1.36606813066714,1.67872701283293,0.0487677684306388,"Raw_anova"
"4","Residuals                ",350,284.813338963697,0.813752397039135,NA,NA,"Raw_anova"
"5","exp_env_factor           ",4,301.143194418637,75.2857986046593,5.28662888752754e+30,0,"NoError_anova"
"6","gen_factor               ",4,3.16984617945652,0.792461544864129,5.56472823956221e+28,0,"NoError_anova"
"7","exp_env_factor:gen_factor",16,69.6869594019064,4.35543496261915,3.05842120531147e+29,0,"NoError_anova"
"8","Residuals                ",350,4.98427827491295e-27,1.42407950711799e-29,NA,NA,"NoError_anova"
