"","Fixed_effect","Df","Sum Sq","Mean Sq","F value","Pr(>F)","data_class"
"1","exp_env_factor           ",2,51.2937847709565,25.6468923854783,109.75452101292,2.51420708183913e-28,"Raw_anova"
"2","gen_factor               ",2,50.7020864145314,25.3510432072657,108.488450084764,3.99629442980037e-28,"Raw_anova"
"3","exp_env_factor:gen_factor",4,2.56107343285835,0.640268358214587,2.73999461296761,0.0315561981129134,"Raw_anova"
"4","Residuals                ",126,29.4430553816536,0.233675042711537,NA,NA,"Raw_anova"
"5","exp_env_factor           ",2,74.3362615440045,37.1681307720023,5.68038070539258e+30,0,"NoError_anova"
"6","gen_factor               ",2,54.3500942603755,27.1750471301877,4.1531443788056e+30,0,"NoError_anova"
"7","exp_env_factor:gen_factor",4,5.31364419561954,1.32841104890488,2.03020177079062e+29,0,"NoError_anova"
"8","Residuals                ",126,8.24449050188903e-28,6.54324643007066e-30,NA,NA,"NoError_anova"
