"","Fixed_effect","Df","Sum Sq","Mean Sq","F value","Pr(>F)","data_class"
"1","exp_env_factor           ",1,0.546599823390056,0.546599823390056,0.487258636228577,0.495173260136117,"Raw_anova"
"2","gen_factor               ",1,0.470889060987656,0.470889060987656,0.41976735420214,0.526241929887745,"Raw_anova"
"3","exp_env_factor:gen_factor",1,0.0339381730623543,0.0339381730623543,0.0302537015469388,0.864097496332705,"Raw_anova"
"4","Residuals                ",16,17.9485729425599,1.12178580891,NA,NA,"Raw_anova"
"5","exp_env_factor           ",1,0.703054024426244,0.703054024426244,2.57801214859368e+30,4.32293594902305e-235,"NoError_anova"
"6","gen_factor               ",1,11.765484237955,11.765484237955,4.31425754575385e+31,7.02764699838484e-245,"NoError_anova"
"7","exp_env_factor:gen_factor",1,6.53146173761881,6.53146173761881,2.39500623318351e+31,7.79121687095411e-243,"NoError_anova"
"8","Residuals                ",16,4.36338688200372e-30,2.72711680125233e-31,NA,NA,"NoError_anova"
