"","Fixed_effect","Df","Sum Sq","Mean Sq","F value","Pr(>F)","data_class"
"1","exp_env_factor           ",9,62.7047555498835,6.96719506109816,47.7642060788271,4.18148067218892e-58,"Raw_anova"
"2","gen_factor               ",9,115.008296550748,12.7786996167497,87.6054763159822,6.32317418772469e-89,"Raw_anova"
"3","exp_env_factor:gen_factor",81,262.940368876576,3.24617739353797,22.2544488325175,6.58832727310168e-107,"Raw_anova"
"4","Residuals                ",400,58.3465790227932,0.145866447556983,NA,NA,"Raw_anova"
"5","exp_env_factor           ",9,81.1342618209111,9.01491798010123,5.95772171919605e+28,0,"NoError_anova"
"6","gen_factor               ",9,136.397418785954,15.1552687539949,1.00157177264651e+29,0,"NoError_anova"
"7","exp_env_factor:gen_factor",81,281.468319393135,3.47491752337204,2.29648141526143e+28,0,"NoError_anova"
"8","Residuals                ",400,6.05259419959463e-26,1.51314854989866e-28,NA,NA,"NoError_anova"
