"","Fixed_effect","Df","Sum Sq","Mean Sq","F value","Pr(>F)","data_class"
"1","exp_env_factor           ",1,0.0861955776758224,0.0861955776758224,0.0912955687503672,0.763655893575778,"Raw_anova"
"2","gen_factor               ",1,5.97551065717716,5.97551065717716,6.32906767064792,0.0147720934001116,"Raw_anova"
"3","exp_env_factor:gen_factor",1,0.0665890820361879,0.0665890820361879,0.0705290025425963,0.791543353581686,"Raw_anova"
"4","Residuals                ",56,52.8717046831108,0.944137583626979,NA,NA,"Raw_anova"
"5","exp_env_factor           ",1,0.000600658033287715,0.000600658033287715,1.47955431771574e+27,0,"NoError_anova"
"6","gen_factor               ",1,53.5462176959141,53.5462176959141,1.31896242452131e+32,0,"NoError_anova"
"7","exp_env_factor:gen_factor",1,5.45318164605255,5.45318164605255,1.34323991398955e+31,0,"NoError_anova"
"8","Residuals                ",56,2.27344474355247e-29,4.0597227563437e-31,NA,NA,"NoError_anova"
