"","Fixed_effect","Df","Sum Sq","Mean Sq","F value","Pr(>F)","data_class"
"1","exp_env_factor           ",4,90.5950861204668,22.6487715301167,327.124722903384,1.6515302354077e-92,"Raw_anova"
"2","gen_factor               ",4,60.81846887014,15.204617217535,219.606003245004,1.85757528261197e-76,"Raw_anova"
"3","exp_env_factor:gen_factor",16,82.0083696225892,5.12552310141182,74.0298572951166,3.88397685143046e-80,"Raw_anova"
"4","Residuals                ",225,15.5780753868039,0.0692358906080173,NA,NA,"Raw_anova"
"5","exp_env_factor           ",4,101.863927319284,25.465981829821,5.09696993813996e+30,0,"NoError_anova"
"6","gen_factor               ",4,61.0500812543193,15.2625203135798,3.05476567675355e+30,0,"NoError_anova"
"7","exp_env_factor:gen_factor",16,86.0859914263961,5.38037446414976,1.07687216157493e+30,0,"NoError_anova"
"8","Residuals                ",225,1.12416709952202e-27,4.99629822009787e-30,NA,NA,"NoError_anova"
