"","Fixed_effect","Df","Sum Sq","Mean Sq","F value","Pr(>F)","data_class"
"1","exp_env_factor           ",6,46.7148402039705,7.78580670066175,214.44208070276,1.1490438016851e-153,"Raw_anova"
"2","gen_factor               ",6,146.627565380942,24.4379275634903,673.086326986871,1.55615600228052e-283,"Raw_anova"
"3","exp_env_factor:gen_factor",36,515.750806628145,14.3264112952263,394.587942555872,0,"Raw_anova"
"4","Residuals                ",686,24.9067877869421,0.0363072708264463,NA,NA,"Raw_anova"
"5","exp_env_factor           ",6,44.2258010460189,7.37096684100315,6.94004223025485e+28,0,"NoError_anova"
"6","gen_factor               ",6,154.528788257106,25.754798042851,2.42491100427669e+29,0,"NoError_anova"
"7","exp_env_factor:gen_factor",36,535.245410696875,14.8679280749132,1.39987129154208e+29,0,"NoError_anova"
"8","Residuals                ",686,7.2859545881214e-26,1.06209250555706e-28,NA,NA,"NoError_anova"
