"","Fixed_effect","Df","Sum Sq","Mean Sq","F value","Pr(>F)","data_class"
"1","exp_env_factor           ",4,23.2805143736078,5.82012859340196,20.0732020755848,3.76241670735515e-14,"Raw_anova"
"2","gen_factor               ",4,59.2869824320631,14.8217456080158,51.1191273402271,1.4182055158552e-30,"Raw_anova"
"3","exp_env_factor:gen_factor",16,101.194833161194,6.32467707257463,21.8133532452417,3.22208630075908e-37,"Raw_anova"
"4","Residuals                ",225,65.2376700331351,0.289945200147267,NA,NA,"Raw_anova"
"5","exp_env_factor           ",4,34.7899930990501,8.69749827476253,8.54835321064617e+29,0,"NoError_anova"
"6","gen_factor               ",4,63.4614762029292,15.8653690507323,1.55933090388129e+30,0,"NoError_anova"
"7","exp_env_factor:gen_factor",16,150.74853069802,9.42178316862628,9.26021803686274e+29,0,"NoError_anova"
"8","Residuals                ",225,2.28925626211185e-27,1.01744722760527e-29,NA,NA,"NoError_anova"
