"","Fixed_effect","Df","Sum Sq","Mean Sq","F value","Pr(>F)","data_class"
"1","exp_env_factor           ",9,186.838846589953,20.7598718433281,573.223878607293,0,"Raw_anova"
"2","gen_factor               ",9,281.919417756358,31.3243797507065,864.932240005059,0,"Raw_anova"
"3","exp_env_factor:gen_factor",81,979.539345775457,12.0930783429069,333.91541741385,0,"Raw_anova"
"4","Residuals                ",1400,50.702389878232,0.0362159927701657,NA,NA,"Raw_anova"
"5","exp_env_factor           ",9,198.767846298135,22.0853162553483,9.40803090583744e+28,0,"NoError_anova"
"6","gen_factor               ",9,286.080756917081,31.7867507685646,1.35407041569707e+29,0,"NoError_anova"
"7","exp_env_factor:gen_factor",81,1014.15139678479,12.520387614627,5.33350721672142e+28,0,"NoError_anova"
"8","Residuals                ",1400,3.28649459881163e-25,2.34749614200831e-28,NA,NA,"NoError_anova"
