"","Fixed_effect","Df","Sum Sq","Mean Sq","F value","Pr(>F)","data_class"
"1","exp_env_factor           ",9,220.625572191073,24.5139524656748,117.013863570197,7.4614041629e-145,"Raw_anova"
"2","gen_factor               ",9,188.744674092383,20.9716304547092,100.105093550625,4.09805877592063e-129,"Raw_anova"
"3","exp_env_factor:gen_factor",81,401.08322986066,4.95164481309456,23.6359718580197,1.06761408742972e-171,"Raw_anova"
"4","Residuals                ",900,188.546523855883,0.209496137617648,NA,NA,"Raw_anova"
"5","exp_env_factor           ",9,276.090440014186,30.6767155571317,1.08832593430235e+29,0,"NoError_anova"
"6","gen_factor               ",9,259.117202161474,28.7908002401638,1.0214188188541e+29,0,"NoError_anova"
"7","exp_env_factor:gen_factor",81,463.79235782434,5.72583157807827,2.03136838109815e+28,0,"NoError_anova"
"8","Residuals                ",900,2.53683599105968e-25,2.81870665673298e-28,NA,NA,"NoError_anova"
