"","Fixed_effect","Df","Sum Sq","Mean Sq","F value","Pr(>F)","data_class"
"1","exp_env_factor           ",2,6.55329377278961,3.2766468863948,5.67915496037552,0.00491887959813174,"Raw_anova"
"2","gen_factor               ",2,9.41898662837656,4.70949331418828,8.16259525162183,0.0005895493085997,"Raw_anova"
"3","exp_env_factor:gen_factor",4,26.2939362015183,6.57348405037959,11.3933041447556,2.194968560182e-07,"Raw_anova"
"4","Residuals                ",81,46.7337833973155,0.576960288855747,NA,NA,"Raw_anova"
"5","exp_env_factor           ",2,14.8606252729185,7.43031263645925,8.34735205256808e+30,0,"NoError_anova"
"6","gen_factor               ",2,43.3907091094315,21.6953545547158,2.43729666884915e+31,0,"NoError_anova"
"7","exp_env_factor:gen_factor",4,30.7486656176499,7.68716640441248,8.63590637484703e+30,0,"NoError_anova"
"8","Residuals                ",81,7.21013466022482e-29,8.90140081509237e-31,NA,NA,"NoError_anova"
