"","Fixed_effect","Df","Sum Sq","Mean Sq","F value","Pr(>F)","data_class"
"1","exp_env_factor           ",4,5.24010737822814,1.31002684455703,1.3976290616982,0.240282066837065,"Raw_anova"
"2","gen_factor               ",4,4.34560028395484,1.08640007098871,1.15904824252531,0.333531401727574,"Raw_anova"
"3","exp_env_factor:gen_factor",16,20.6822084496014,1.29263802810008,1.3790774455006,0.167576724945011,"Raw_anova"
"4","Residuals                ",100,93.7320838882157,0.937320838882157,NA,NA,"Raw_anova"
"5","exp_env_factor           ",4,97.1116474235758,24.277911855894,1.15708153769207e+31,0,"NoError_anova"
"6","gen_factor               ",4,4.0142616561673,1.00356541404182,4.78297729782799e+29,0,"NoError_anova"
"7","exp_env_factor:gen_factor",16,22.8740909202568,1.42963068251605,6.81359780147588e+29,0,"NoError_anova"
"8","Residuals                ",100,2.09820233622592e-28,2.09820233622592e-30,NA,NA,"NoError_anova"
