"","row","aov_coefs"
"(Intercept)",23982,-0.568782965901771
"exp_env_factorE_2",23982,1.03995005222061
"gen_factorG_2",23982,-0.0170889625106936
"exp_env_factorE_2:gen_factorG_2",23982,0.229409684187256
