"","Fixed_effect","Df","Sum Sq","Mean Sq","F value","Pr(>F)","data_class"
"1","exp_env_factor           ",9,31.5101075554455,3.50112306171617,5.50526468975283,1.80003520694144e-07,"Raw_anova"
"2","gen_factor               ",9,51.4576012056562,5.71751124507291,8.99037600675928,2.7248610140039e-13,"Raw_anova"
"3","exp_env_factor:gen_factor",81,525.689580646593,6.48999482279745,10.2050509807307,5.53184069152397e-93,"Raw_anova"
"4","Residuals                ",1400,890.342710592304,0.635959078994503,NA,NA,"Raw_anova"
"5","exp_env_factor           ",9,97.4434726636623,10.8270525181847,2.40338424656775e+27,0,"NoError_anova"
"6","gen_factor               ",9,102.709031324682,11.4121145916313,2.53325606239428e+27,0,"NoError_anova"
"7","exp_env_factor:gen_factor",81,1298.84749601165,16.0351542717488,3.55947633054118e+27,0,"NoError_anova"
"8","Residuals                ",1400,6.30688727659981e-24,4.50491948328558e-27,NA,NA,"NoError_anova"
