"","Fixed_effect","Df","Sum Sq","Mean Sq","F value","Pr(>F)","data_class"
"1","exp_env_factor           ",9,59.4470656395333,6.6052295155037,169.419631351141,6.79019741130447e-187,"Raw_anova"
"2","gen_factor               ",9,45.2148134508959,5.02386816121066,128.858791330605,3.56688216233605e-155,"Raw_anova"
"3","exp_env_factor:gen_factor",81,859.249468452098,10.6080181290382,272.088428807735,0,"Raw_anova"
"4","Residuals                ",900,35.0886524574727,0.0389873916194141,NA,NA,"Raw_anova"
"5","exp_env_factor           ",9,60.8253136278427,6.75836818087141,9.72335477059412e+27,0,"NoError_anova"
"6","gen_factor               ",9,48.4421932198842,5.38246591332047,7.74382576018474e+27,0,"NoError_anova"
"7","exp_env_factor:gen_factor",81,889.732493152273,10.984351767312,1.58033339262091e+28,0,"NoError_anova"
"8","Residuals                ",900,6.25558925524283e-25,6.95065472804759e-28,NA,NA,"NoError_anova"
