"","Fixed_effect","Df","Sum Sq","Mean Sq","F value","Pr(>F)","data_class"
"1","exp_env_factor           ",4,0.867272281208511,0.216818070302128,0.405738899604749,0.804125342963842,"Raw_anova"
"2","gen_factor               ",4,58.4391657668475,14.6097914417119,27.3397908889925,2.44710424299381e-15,"Raw_anova"
"3","exp_env_factor:gen_factor",16,11.2557302544308,0.703483140901922,1.31645150739651,0.202226731149544,"Raw_anova"
"4","Residuals                ",100,53.4378316975132,0.534378316975132,NA,NA,"Raw_anova"
"5","exp_env_factor           ",4,0.723922420309225,0.180980605077306,2.09235057092862e+29,0,"NoError_anova"
"6","gen_factor               ",4,120.62671187663,30.1566779691576,3.48646985344782e+31,0,"NoError_anova"
"7","exp_env_factor:gen_factor",16,2.64936570306069,0.165585356441293,1.91436322659749e+29,0,"NoError_anova"
"8","Residuals                ",100,8.64963107004502e-29,8.64963107004502e-31,NA,NA,"NoError_anova"
