"","Fixed_effect","Df","Sum Sq","Mean Sq","F value","Pr(>F)","data_class"
"1","exp_env_factor           ",4,21.5066538868685,5.37666347171712,8.1259393021888,3.88363559194151e-06,"Raw_anova"
"2","gen_factor               ",4,51.5431375785744,12.8857843946436,19.4747360333722,8.92644845426266e-14,"Raw_anova"
"3","exp_env_factor:gen_factor",16,27.0752002249952,1.6922000140622,2.55748098681746,0.00118484566836461,"Raw_anova"
"4","Residuals                ",225,148.875008309562,0.661666703598053,NA,NA,"Raw_anova"
"5","exp_env_factor           ",4,36.6656001506176,9.16640003765441,2.2522418846856e+30,0,"NoError_anova"
"6","gen_factor               ",4,184.178416892258,46.0446042230644,1.13134475659971e+31,0,"NoError_anova"
"7","exp_env_factor:gen_factor",16,28.1559829571249,1.75974893482031,4.32381331957159e+29,0,"NoError_anova"
"8","Residuals                ",225,9.15727579038494e-28,4.06990035128219e-30,NA,NA,"NoError_anova"
