"","row","aov_coefs"
"(Intercept)",12962,1.13754170027957
"exp_env_factorE_2",12962,-1.86024677421057
"gen_factorG_2",12962,-1.31905588719008
"exp_env_factorE_2:gen_factorG_2",12962,1.80843852168303
