"","Fixed_effect","Df","Sum Sq","Mean Sq","F value","Pr(>F)","data_class"
"1","exp_env_factor           ",9,39.8719668096783,4.4302185344087,11.5975958009852,1.02475846547486e-17,"Raw_anova"
"2","gen_factor               ",9,661.248379188848,73.4720421320942,192.337926606302,2.02050370653952e-237,"Raw_anova"
"3","exp_env_factor:gen_factor",81,263.087266458073,3.24799094392683,8.50271512349928,1.42139980435366e-75,"Raw_anova"
"4","Residuals                ",1400,534.792387543401,0.381994562531001,NA,NA,"Raw_anova"
"5","exp_env_factor           ",9,31.0064715035103,3.44516350039003,2.39025940078128e+27,0,"NoError_anova"
"6","gen_factor               ",9,1087.03872651039,120.782080723376,8.37987816433936e+28,0,"NoError_anova"
"7","exp_env_factor:gen_factor",81,380.954801986106,4.70314570353218,3.2630492659751e+27,0,"NoError_anova"
"8","Residuals                ",1400,2.01786839494053e-24,1.44133456781466e-27,NA,NA,"NoError_anova"
