"","Fixed_effect","Df","Sum Sq","Mean Sq","F value","Pr(>F)","data_class"
"1","exp_env_factor           ",4,4.09216350525517,1.02304087631379,2.63905499943911,0.0347571150967775,"Raw_anova"
"2","gen_factor               ",4,112.453891869208,28.1134729673019,72.5220302567828,2.2002027408561e-39,"Raw_anova"
"3","exp_env_factor:gen_factor",16,45.2317392453822,2.82698370283639,7.2925389855243,1.37135243491686e-13,"Raw_anova"
"4","Residuals                ",225,87.222205380155,0.387654246134022,NA,NA,"Raw_anova"
"5","exp_env_factor           ",4,10.2136298663028,2.55340746657571,1.68161085259396e+29,0,"NoError_anova"
"6","gen_factor               ",4,200.09887101196,50.0247177529901,3.2945038883352e+30,0,"NoError_anova"
"7","exp_env_factor:gen_factor",16,38.687499121736,2.4179686951085,1.5924142355469e+29,0,"NoError_anova"
"8","Residuals                ",225,3.41646629535791e-27,1.51842946460351e-29,NA,NA,"NoError_anova"
