"","Fixed_effect","Df","Sum Sq","Mean Sq","F value","Pr(>F)","data_class"
"1","exp_env_factor           ",6,30.7402951387085,5.12338252311808,8.10059523384271,7.90838524371759e-08,"Raw_anova"
"2","gen_factor               ",6,2.29402691808871,0.382337819681452,0.604515455532385,0.726542899367354,"Raw_anova"
"3","exp_env_factor:gen_factor",36,87.001580794408,2.41671057762244,3.8210682295007,7.76696821293169e-10,"Raw_anova"
"4","Residuals                ",196,123.964097148795,0.632469883412219,NA,NA,"Raw_anova"
"5","exp_env_factor           ",6,82.0303730849028,13.6717288474838,2.39240999579589e+30,0,"NoError_anova"
"6","gen_factor               ",6,9.47077693486841,1.57846282247807,2.7621453560233e+29,0,"NoError_anova"
"7","exp_env_factor:gen_factor",36,152.498849980229,4.23607916611746,7.41269685279585e+29,0,"NoError_anova"
"8","Residuals                ",196,1.12006673555775e-27,5.71462620182524e-30,NA,NA,"NoError_anova"
