"","Fixed_effect","Df","Sum Sq","Mean Sq","F value","Pr(>F)","data_class"
"1","exp_env_factor           ",2,4.04001842526302,2.02000921263151,2.10026502218061,0.129041752652194,"Raw_anova"
"2","gen_factor               ",2,1.21638349666051,0.608191748330255,0.632355460464885,0.533941207686336,"Raw_anova"
"3","exp_env_factor:gen_factor",4,5.83878868727302,1.45969717181825,1.51769155000636,0.204786756106725,"Raw_anova"
"4","Residuals                ",81,77.9048093908035,0.961787770256833,NA,NA,"Raw_anova"
"5","exp_env_factor           ",2,45.4545364554722,22.7272682277361,4.25278790429436e+30,0,"NoError_anova"
"6","gen_factor               ",2,13.9832146218595,6.99160731092975,1.30828847116836e+30,0,"NoError_anova"
"7","exp_env_factor:gen_factor",4,29.5622489226683,7.39056223066707,1.38294199485701e+30,0,"NoError_anova"
"8","Residuals                ",81,4.32871040803074e-28,5.34408692349474e-30,NA,NA,"NoError_anova"
