"","Fixed_effect","Df","Sum Sq","Mean Sq","F value","Pr(>F)","data_class"
"1","exp_env_factor           ",4,18.026973079856,4.50674326996401,9.26193381391918,2.08096427921176e-06,"Raw_anova"
"2","gen_factor               ",4,50.941667312311,12.7354168280777,26.1729103897393,7.40347066353456e-15,"Raw_anova"
"3","exp_env_factor:gen_factor",16,6.37258747116421,0.398286716947763,0.818530142579611,0.661930648336361,"Raw_anova"
"4","Residuals                ",100,48.6587721366688,0.486587721366688,NA,NA,"Raw_anova"
"5","exp_env_factor           ",4,23.0438828948685,5.76097072371713,2.80416439614012e+30,0,"NoError_anova"
"6","gen_factor               ",4,98.878481344113,24.7196203360283,1.2032326244433e+31,0,"NoError_anova"
"7","exp_env_factor:gen_factor",16,2.07763576101854,0.129852235063659,6.32058435613407e+28,0,"NoError_anova"
"8","Residuals                ",100,2.05443401665288e-28,2.05443401665288e-30,NA,NA,"NoError_anova"
