"","Fixed_effect","Df","Sum Sq","Mean Sq","F value","Pr(>F)","data_class"
"1","exp_env_factor           ",1,2.11690665771376,2.11690665771376,2.62758764781425,0.113748672782817,"Raw_anova"
"2","gen_factor               ",1,0.669419911023284,0.669419911023284,0.830910273250004,0.368073245119701,"Raw_anova"
"3","exp_env_factor:gen_factor",1,7.21040126978462,7.21040126978462,8.94983311769244,0.00498511347677102,"Raw_anova"
"4","Residuals                ",36,29.0032721614783,0.805646448929954,NA,NA,"Raw_anova"
"5","exp_env_factor           ",1,11.6676870054386,11.6676870054386,5.62333798744181e+31,0,"NoError_anova"
"6","gen_factor               ",1,8.40316232767902,8.40316232767902,4.04997339317134e+31,0,"NoError_anova"
"7","exp_env_factor:gen_factor",1,18.9291506668824,18.9291506668824,9.12306029168187e+31,0,"NoError_anova"
"8","Residuals                ",36,7.46952669631146e-30,2.07486852675318e-31,NA,NA,"NoError_anova"
