"","Fixed_effect","Df","Sum Sq","Mean Sq","F value","Pr(>F)","data_class"
"1","exp_env_factor           ",9,100.400032059684,11.1555591177427,73.976882990121,5.14829599975693e-102,"Raw_anova"
"2","gen_factor               ",9,42.6865750628106,4.74295278475674,31.4523780908092,4.16145424025062e-48,"Raw_anova"
"3","exp_env_factor:gen_factor",81,720.195276620711,8.8912997113668,58.961691783941,3.81785708689543e-305,"Raw_anova"
"4","Residuals                ",900,135.718116256793,0.150797906951993,NA,NA,"Raw_anova"
"5","exp_env_factor           ",9,108.157329058751,12.0174810065279,8.08732049053086e+28,0,"NoError_anova"
"6","gen_factor               ",9,50.1230965391291,5.56923294879212,3.74788790752741e+28,0,"NoError_anova"
"7","exp_env_factor:gen_factor",81,840.719574402121,10.3792540049645,6.98485427563208e+28,0,"NoError_anova"
"8","Residuals                ",900,1.33736914699236e-25,1.4859657188804e-28,NA,NA,"NoError_anova"
