"","row","aov_coefs"
"(Intercept)",10271,0.302296142373381
"exp_env_factorE_2",10271,-0.0477432939398033
"gen_factorG_2",10271,-0.975222269597248
"exp_env_factorE_2:gen_factorG_2",10271,0.836746557580579
