"","Fixed_effect","Df","Sum Sq","Mean Sq","F value","Pr(>F)","data_class"
"1","exp_env_factor           ",4,31.0132374575364,7.7533093643841,17.1853987276036,2.57642430203902e-12,"Raw_anova"
"2","gen_factor               ",4,38.1582927164249,9.53957317910623,21.1446959058775,8.13433810788331e-15,"Raw_anova"
"3","exp_env_factor:gen_factor",16,78.3181915579896,4.89488697237435,10.8496359932734,2.14258349759494e-20,"Raw_anova"
"4","Residuals                ",225,101.510278268049,0.451156792302441,NA,NA,"Raw_anova"
"5","exp_env_factor           ",4,41.7556902477654,10.4389225619414,7.71918278781091e+29,0,"NoError_anova"
"6","gen_factor               ",4,46.964902181732,11.741225545433,8.6821858865535e+29,0,"NoError_anova"
"7","exp_env_factor:gen_factor",16,160.279407570502,10.0174629731564,7.40752958948488e+29,0,"NoError_anova"
"8","Residuals                ",225,3.04275418914247e-27,1.35233519517443e-29,NA,NA,"NoError_anova"
