"","Fixed_effect","Df","Sum Sq","Mean Sq","F value","Pr(>F)","data_class"
"1","exp_env_factor           ",2,6.76333910229292,3.38166955114646,4.45826983414056,0.0134659540043004,"Raw_anova"
"2","gen_factor               ",2,20.0887413565909,10.0443706782955,13.2421320654436,6.02792114985509e-06,"Raw_anova"
"3","exp_env_factor:gen_factor",4,11.5748880073277,2.89372200183192,3.81497757661815,0.00581519858886626,"Raw_anova"
"4","Residuals                ",126,95.5730315337884,0.758516123284035,NA,NA,"Raw_anova"
"5","exp_env_factor           ",2,24.4864729914267,12.2432364957133,5.83899459280401e+30,0,"NoError_anova"
"6","gen_factor               ",2,69.7457194782775,34.8728597391388,1.66314225428658e+31,0,"NoError_anova"
"7","exp_env_factor:gen_factor",4,39.7678075302959,9.94195188257398,4.74147528756732e+30,0,"NoError_anova"
"8","Residuals                ",126,2.64197504200645e-28,2.09680558889401e-30,NA,NA,"NoError_anova"
