"","Fixed_effect","Df","Sum Sq","Mean Sq","F value","Pr(>F)","data_class"
"1","exp_env_factor           ",4,25.6102802044374,6.40257005110936,8.25859368014099,8.50003353410043e-06,"Raw_anova"
"2","gen_factor               ",4,7.01463791995295,1.75365947998824,2.26202305994931,0.0677316255345227,"Raw_anova"
"3","exp_env_factor:gen_factor",16,13.8489279190919,0.865557994943242,1.11647224938917,0.350630798723263,"Raw_anova"
"4","Residuals                ",100,77.5261539565178,0.775261539565178,NA,NA,"Raw_anova"
"5","exp_env_factor           ",4,113.696132456467,28.4240331141167,1.58330363863681e+31,0,"NoError_anova"
"6","gen_factor               ",4,1.7932142724326,0.448303568108149,2.49718492709951e+29,0,"NoError_anova"
"7","exp_env_factor:gen_factor",16,8.51065327110066,0.531915829443791,2.96293022466472e+29,0,"NoError_anova"
"8","Residuals                ",100,1.79523576024806e-28,1.79523576024806e-30,NA,NA,"NoError_anova"
