"","Fixed_effect","Df","Sum Sq","Mean Sq","F value","Pr(>F)","data_class"
"1","exp_env_factor           ",9,157.650195834199,17.5166884260221,358.885035180021,0,"Raw_anova"
"2","gen_factor               ",9,93.4622271641332,10.3846919071259,212.763419076748,1.06541880874507e-254,"Raw_anova"
"3","exp_env_factor:gen_factor",81,1179.55548902778,14.5624134447875,298.357322704597,0,"Raw_anova"
"4","Residuals                ",1400,68.3320879738821,0.0488086342670587,NA,NA,"Raw_anova"
"5","exp_env_factor           ",9,164.146382992631,18.2384869991812,8.30050478686138e+27,0,"NoError_anova"
"6","gen_factor               ",9,103.542828373801,11.5047587082001,5.23592251557857e+27,0,"NoError_anova"
"7","exp_env_factor:gen_factor",81,1231.31078863356,15.2013677609082,6.91828362034216e+27,0,"NoError_anova"
"8","Residuals                ",1400,3.07618421463602e-24,2.19727443902573e-27,NA,NA,"NoError_anova"
