"","Fixed_effect","Df","Sum Sq","Mean Sq","F value","Pr(>F)","data_class"
"1","exp_env_factor           ",9,315.818388655037,35.0909320727819,107.50105593374,3.73723783893221e-136,"Raw_anova"
"2","gen_factor               ",9,272.227730699725,30.2475256333028,92.6632823037791,9.11321874855508e-122,"Raw_anova"
"3","exp_env_factor:gen_factor",81,117.172218770497,1.4465706021049,4.43156844299391,2.67551770789586e-29,"Raw_anova"
"4","Residuals                ",900,293.781661874741,0.326424068749712,NA,NA,"Raw_anova"
"5","exp_env_factor           ",9,443.981360737538,49.3312623041709,3.49637972084451e+29,0,"NoError_anova"
"6","gen_factor               ",9,437.05412633807,48.5615695931189,3.44182733640296e+29,0,"NoError_anova"
"7","exp_env_factor:gen_factor",81,117.964512924394,1.45635201141227,1.03219731287566e+28,0,"NoError_anova"
"8","Residuals                ",900,1.26983164354443e-25,1.4109240483827e-28,NA,NA,"NoError_anova"
