"","row","aov_coefs"
"(Intercept)",26476,-0.875854622581059
"exp_env_factorE_2",26476,1.03406998455441
"gen_factorG_2",26476,1.74726256753754
"exp_env_factorE_2:gen_factorG_2",26476,-2.05924661385966
