"","Fixed_effect","Df","Sum Sq","Mean Sq","F value","Pr(>F)","data_class"
"1","exp_env_factor           ",1,4.76824469348527,4.76824469348527,10.9459897413608,0.00213654563977466,"Raw_anova"
"2","gen_factor               ",1,13.1589852328987,13.1589852328987,30.2077864340359,3.27730172581659e-06,"Raw_anova"
"3","exp_env_factor:gen_factor",1,5.39060582702963,5.39060582702963,12.3746829022856,0.00119800520431058,"Raw_anova"
"4","Residuals                ",36,15.6821642465864,0.435615673516288,NA,NA,"Raw_anova"
"5","exp_env_factor           ",1,17.8584183963124,17.8584183963124,1.09888323980586e+31,0,"NoError_anova"
"6","gen_factor               ",1,14.1990009930804,14.1990009930804,8.73708066807566e+30,0,"NoError_anova"
"7","exp_env_factor:gen_factor",1,6.94258061060715,6.94258061060715,4.27198271688643e+30,0,"NoError_anova"
"8","Residuals                ",36,5.85051294786177e-29,1.62514248551716e-30,NA,NA,"NoError_anova"
