"","Fixed_effect","Df","Sum Sq","Mean Sq","F value","Pr(>F)","data_class"
"1","exp_env_factor           ",9,285.812086004884,31.7568984449871,207.110862379756,5.15072208263726e-250,"Raw_anova"
"2","gen_factor               ",9,75.046296093396,8.33847734371066,54.3815459995773,5.09912303314891e-85,"Raw_anova"
"3","exp_env_factor:gen_factor",81,923.475630265295,11.4009337069789,74.3541506761837,0,"Raw_anova"
"4","Residuals                ",1400,214.665987636425,0.153332848311732,NA,NA,"Raw_anova"
"5","exp_env_factor           ",9,332.454307371805,36.9393674857561,1.97431904547537e+28,0,"NoError_anova"
"6","gen_factor               ",9,82.3752016704564,9.15280018560627,4.8919483347518e+27,0,"NoError_anova"
"7","exp_env_factor:gen_factor",81,1084.17049095774,13.3848208760214,7.15386011576817e+27,0,"NoError_anova"
"8","Residuals                ",1400,2.61938994098124e-24,1.8709928149866e-27,NA,NA,"NoError_anova"
