"","Fixed_effect","Df","Sum Sq","Mean Sq","F value","Pr(>F)","data_class"
"1","exp_env_factor           ",4,31.904835813652,7.976208953413,25.7726738202316,1.08838112883518e-14,"Raw_anova"
"2","gen_factor               ",4,6.00509853520371,1.50127463380093,4.85090870581855,0.00128637129409983,"Raw_anova"
"3","exp_env_factor:gen_factor",16,55.1417480297431,3.44635925185894,11.1358533087942,7.69977442969397e-16,"Raw_anova"
"4","Residuals                ",100,30.9483176214012,0.309483176214012,NA,NA,"Raw_anova"
"5","exp_env_factor           ",4,41.2622081324785,10.3155520331196,1.74136894891468e+30,0,"NoError_anova"
"6","gen_factor               ",4,9.34767101517004,2.33691775379251,3.94495224255199e+29,0,"NoError_anova"
"7","exp_env_factor:gen_factor",16,73.3901208523514,4.58688255327196,7.74311915149217e+29,0,"NoError_anova"
"8","Residuals                ",100,5.92381760312707e-28,5.92381760312707e-30,NA,NA,"NoError_anova"
