"","Fixed_effect","Df","Sum Sq","Mean Sq","F value","Pr(>F)","data_class"
"1","exp_env_factor           ",2,2.27018987079346,1.13509493539673,1.68023051741845,0.200614274899753,"Raw_anova"
"2","gen_factor               ",2,4.22353590585196,2.11176795292598,3.12595612011285,0.0560028811738243,"Raw_anova"
"3","exp_env_factor:gen_factor",4,13.1861483533246,3.29653708833114,4.87971714513888,0.00300965612248423,"Raw_anova"
"4","Residuals                ",36,24.32012587003,0.675559051945278,NA,NA,"Raw_anova"
"5","exp_env_factor           ",2,18.1076555996642,9.05382779983211,7.35054087544732e+30,0,"NoError_anova"
"6","gen_factor               ",2,4.97229262133403,2.48614631066702,2.01843026871345e+30,0,"NoError_anova"
"7","exp_env_factor:gen_factor",4,20.9200517790017,5.23001294475043,4.24609621250137e+30,0,"NoError_anova"
"8","Residuals                ",36,4.43420159573115e-29,1.23172266548088e-30,NA,NA,"NoError_anova"
