"","Fixed_effect","Df","Sum Sq","Mean Sq","F value","Pr(>F)","data_class"
"1","exp_env_factor           ",6,58.1138963628604,9.68564939381007,12.8643842987636,8.36533039352474e-14,"Raw_anova"
"2","gen_factor               ",6,45.1788016376751,7.52980027294586,10.0010066920259,1.3232552269327e-10,"Raw_anova"
"3","exp_env_factor:gen_factor",36,114.21499814375,3.1726388373264,4.21386771140332,2.96033502400181e-14,"Raw_anova"
"4","Residuals                ",686,516.492303855714,0.752904233025822,NA,NA,"Raw_anova"
"5","exp_env_factor           ",6,247.703633802803,41.2839389671339,2.08002058749045e+29,0,"NoError_anova"
"6","gen_factor               ",6,168.994303366634,28.1657172277723,1.4190814433148e+29,0,"NoError_anova"
"7","exp_env_factor:gen_factor",36,317.302062830559,8.81394618973775,4.44075589450961e+28,0,"NoError_anova"
"8","Residuals                ",686,1.36156258749453e-25,1.98478511296579e-28,NA,NA,"NoError_anova"
