"","Fixed_effect","Df","Sum Sq","Mean Sq","F value","Pr(>F)","data_class"
"1","exp_env_factor           ",9,295.095498991002,32.788388776778,606.167344690598,0,"Raw_anova"
"2","gen_factor               ",9,33.329379341111,3.70326437123455,68.4631973190582,8.65320281107153e-96,"Raw_anova"
"3","exp_env_factor:gen_factor",81,621.892938179164,7.67769059480449,141.939433282087,0,"Raw_anova"
"4","Residuals                ",900,48.6821834887238,0.0540913149874709,NA,NA,"Raw_anova"
"5","exp_env_factor           ",9,305.26925044652,33.9188056051689,2.36866451024766e+29,0,"NoError_anova"
"6","gen_factor               ",9,33.5492102714565,3.72769003016183,2.6031715805178e+28,0,"NoError_anova"
"7","exp_env_factor:gen_factor",81,660.181539282022,8.15038937385212,5.69169158822065e+28,0,"NoError_anova"
"8","Residuals                ",900,1.28878213493646e-25,1.4319801499294e-28,NA,NA,"NoError_anova"
