"","Fixed_effect","Df","Sum Sq","Mean Sq","F value","Pr(>F)","data_class"
"1","exp_env_factor           ",4,33.9404708672797,8.48511771681991,11.7503185544683,7.31229632504472e-08,"Raw_anova"
"2","gen_factor               ",4,7.28509350273489,1.82127337568372,2.5221267462953,0.0456762670988671,"Raw_anova"
"3","exp_env_factor:gen_factor",16,10.5626255629873,0.660164097686704,0.914205165435132,0.555373325029925,"Raw_anova"
"4","Residuals                ",100,72.2118100669982,0.722118100669982,NA,NA,"Raw_anova"
"5","exp_env_factor           ",4,87.4528063327882,21.8632015831971,1.48652801362552e+30,0,"NoError_anova"
"6","gen_factor               ",4,5.31229946521671,1.32807486630418,9.02987828859617e+28,0,"NoError_anova"
"7","exp_env_factor:gen_factor",16,31.2348942019949,1.95218088762468,1.32733148257149e+29,0,"NoError_anova"
"8","Residuals                ",100,1.47075610972675e-27,1.47075610972675e-29,NA,NA,"NoError_anova"
