"","Fixed_effect","Df","Sum Sq","Mean Sq","F value","Pr(>F)","data_class"
"1","exp_env_factor           ",1,0.964264230354398,0.964264230354398,3.14807429812268,0.0814527760808003,"Raw_anova"
"2","gen_factor               ",1,40.3273584344182,40.3273584344182,131.658436144534,2.481387278182e-16,"Raw_anova"
"3","exp_env_factor:gen_factor",1,0.555415941638968,0.555415941638968,1.81328996306191,0.183539089884159,"Raw_anova"
"4","Residuals                ",56,17.1529613935884,0.306302882028364,NA,NA,"Raw_anova"
"5","exp_env_factor           ",1,0.0918983814525449,0.0918983814525449,1.98213529633908e+29,0,"NoError_anova"
"6","gen_factor               ",1,58.3883799539397,58.3883799539397,1.25936569255601e+32,0,"NoError_anova"
"7","exp_env_factor:gen_factor",1,0.519721664607693,0.519721664607693,1.12097584245591e+30,0,"NoError_anova"
"8","Residuals                ",56,2.59634615802843e-29,4.63633242505077e-31,NA,NA,"NoError_anova"
