"","row","aov_coefs"
"(Intercept)",26523,-0.670781809651129
"exp_env_factorE_2",26523,1.21827818219868
"gen_factorG_2",26523,-0.135697001239911
"exp_env_factorE_2:gen_factorG_2",26523,0.51796487668697
