"","Fixed_effect","Df","Sum Sq","Mean Sq","F value","Pr(>F)","data_class"
"1","exp_env_factor           ",6,44.7216350902343,7.45360584837238,78.3887724870952,1.64987890743259e-74,"Raw_anova"
"2","gen_factor               ",6,274.306446688357,45.7177411147261,480.80857504006,7.03236179995825e-242,"Raw_anova"
"3","exp_env_factor:gen_factor",36,349.743525815785,9.71509793932736,102.17264201354,7.11622790696189e-249,"Raw_anova"
"4","Residuals                ",686,65.2283924056243,0.0950851201248168,NA,NA,"Raw_anova"
"5","exp_env_factor           ",6,52.0053059361234,8.66755098935389,2.92294002808864e+28,0,"NoError_anova"
"6","gen_factor               ",6,301.931175238277,50.3218625397129,1.69699360852869e+29,0,"NoError_anova"
"7","exp_env_factor:gen_factor",36,380.063518825599,10.5573199673778,3.56022285417073e+28,0,"NoError_anova"
"8","Residuals                ",686,2.03423262932457e-25,2.96535368706205e-28,NA,NA,"NoError_anova"
