"","Fixed_effect","Df","Sum Sq","Mean Sq","F value","Pr(>F)","data_class"
"1","exp_env_factor           ",2,2.34931396514299,1.1746569825715,2.69195421928622,0.0716452129443932,"Raw_anova"
"2","gen_factor               ",2,24.0652408448795,12.0326204224397,27.5750825950457,1.16655192609326e-10,"Raw_anova"
"3","exp_env_factor:gen_factor",4,52.6042799295767,13.1510699823942,30.1382266078511,1.36612072996526e-17,"Raw_anova"
"4","Residuals                ",126,54.9811652604007,0.436358454447624,NA,NA,"Raw_anova"
"5","exp_env_factor           ",2,5.62574244006258,2.81287122003129,9.35801171017609e+28,0,"NoError_anova"
"6","gen_factor               ",2,34.2181915520699,17.109095776035,5.69194627477039e+29,0,"NoError_anova"
"7","exp_env_factor:gen_factor",4,94.1560660078674,23.5390165019669,7.83108698694651e+29,0,"NoError_anova"
"8","Residuals                ",126,3.78736193863208e-27,3.00584280843816e-29,NA,NA,"NoError_anova"
