"","Fixed_effect","Df","Sum Sq","Mean Sq","F value","Pr(>F)","data_class"
"1","exp_env_factor           ",4,10.7929252146704,2.69823130366759,4.04833479826783,0.00319171399311147,"Raw_anova"
"2","gen_factor               ",4,44.1979276119326,11.0494819029831,16.5782681528729,1.87898576811554e-12,"Raw_anova"
"3","exp_env_factor:gen_factor",16,85.7327500019643,5.35829687512277,8.03940702545552,2.15492785106751e-16,"Raw_anova"
"4","Residuals                ",350,233.276397171433,0.666503991918379,NA,NA,"Raw_anova"
"5","exp_env_factor           ",4,26.7748969031276,6.6937242257819,4.856280874537e+29,0,"NoError_anova"
"6","gen_factor               ",4,107.34843609344,26.8371090233599,1.94702582421945e+30,0,"NoError_anova"
"7","exp_env_factor:gen_factor",16,239.876667003433,14.9922916877146,1.08768716685551e+30,0,"NoError_anova"
"8","Residuals                ",350,4.82427507706095e-27,1.3783643077317e-29,NA,NA,"NoError_anova"
