"","Fixed_effect","Df","Sum Sq","Mean Sq","F value","Pr(>F)","data_class"
"1","exp_env_factor           ",9,67.917897257467,7.54643302860744,32.2676109914978,1.9491720599847e-42,"Raw_anova"
"2","gen_factor               ",9,111.592791797989,12.3991990886655,53.0174363546988,7.62763014494654e-63,"Raw_anova"
"3","exp_env_factor:gen_factor",81,225.941226078939,2.7893978528264,11.927119007658,6.63980905179423e-68,"Raw_anova"
"4","Residuals                ",400,93.5480848656053,0.233870212164013,NA,NA,"Raw_anova"
"5","exp_env_factor           ",9,94.1395090241574,10.4599454471286,1.40301328671101e+29,0,"NoError_anova"
"6","gen_factor               ",9,146.076423545496,16.2307137272773,2.17705791366475e+29,0,"NoError_anova"
"7","exp_env_factor:gen_factor",81,258.784067430347,3.19486503000428,4.28533600772733e+28,0,"NoError_anova"
"8","Residuals                ",400,2.98213724594132e-26,7.4553431148533e-29,NA,NA,"NoError_anova"
