"","Fixed_effect","Df","Sum Sq","Mean Sq","F value","Pr(>F)","data_class"
"1","exp_env_factor           ",1,0.183404674044564,0.183404674044564,0.440833047355947,0.516175017283876,"Raw_anova"
"2","gen_factor               ",1,3.43835536920897,3.43835536920897,8.26446045171551,0.0110012600716045,"Raw_anova"
"3","exp_env_factor:gen_factor",1,8.72158206253101,8.72158206253101,20.9632694391219,0.000309113191792739,"Raw_anova"
"4","Residuals                ",16,6.65665789421546,0.416041118388466,NA,NA,"Raw_anova"
"5","exp_env_factor           ",1,0.129750734481838,0.129750734481838,1.14381040924046e+30,2.87889696153029e-232,"NoError_anova"
"6","gen_factor               ",1,11.4078611615666,11.4078611615666,1.00565367863843e+32,8.06252185605287e-248,"NoError_anova"
"7","exp_env_factor:gen_factor",1,7.46238810395156,7.46238810395156,6.57842687764268e+31,2.40481717101164e-246,"NoError_anova"
"8","Residuals                ",16,1.81499637959053e-30,1.13437273724408e-31,NA,NA,"NoError_anova"
