"","Fixed_effect","Df","Sum Sq","Mean Sq","F value","Pr(>F)","data_class"
"1","exp_env_factor           ",1,11.4021089719297,11.4021089719297,15.5457903275175,0.000226213002573299,"Raw_anova"
"2","gen_factor               ",1,5.63076180051643,5.63076180051643,7.67705716113753,0.00757536711458181,"Raw_anova"
"3","exp_env_factor:gen_factor",1,0.893752514256397,0.893752514256397,1.2185543240752,0.274365427528681,"Raw_anova"
"4","Residuals                ",56,41.0733767132975,0.733453155594598,NA,NA,"Raw_anova"
"5","exp_env_factor           ",1,23.2950874073847,23.2950874073847,2.39586033801442e+31,0,"NoError_anova"
"6","gen_factor               ",1,28.7521188367629,28.7521188367629,2.95710679038019e+31,0,"NoError_anova"
"7","exp_env_factor:gen_factor",1,6.95279375585239,6.95279375585239,7.15083077677586e+30,0,"NoError_anova"
"8","Residuals                ",56,5.44491210157382e-29,9.72305732423896e-31,NA,NA,"NoError_anova"
