"","row","aov_coefs"
"(Intercept)",24270,-0.584267082791755
"exp_env_factorE_2",24270,1.31608329683892
"gen_factorG_2",24270,1.58587443476571
"exp_env_factorE_2:gen_factorG_2",24270,-3.46684713204224
