"","Fixed_effect","Df","Sum Sq","Mean Sq","F value","Pr(>F)","data_class"
"1","exp_env_factor           ",4,15.5369586806294,3.88423967015735,6.22000149549595,7.61421597508069e-05,"Raw_anova"
"2","gen_factor               ",4,97.1925368911674,24.2981342227919,38.9096564675692,6.01407856012677e-27,"Raw_anova"
"3","exp_env_factor:gen_factor",16,42.7040160536413,2.66900100335258,4.27398709710947,1.23690037344191e-07,"Raw_anova"
"4","Residuals                ",350,218.566488374562,0.624475681070176,NA,NA,"Raw_anova"
"5","exp_env_factor           ",4,33.065770981249,8.26644274531225,4.09657387657052e+29,0,"NoError_anova"
"6","gen_factor               ",4,223.581655872067,55.8954139680168,2.76999066873502e+30,0,"NoError_anova"
"7","exp_env_factor:gen_factor",16,117.352573146685,7.33453582166779,3.63475182367334e+29,0,"NoError_anova"
"8","Residuals                ",350,7.06262122454728e-27,2.01789177844208e-29,NA,NA,"NoError_anova"
