"","Fixed_effect","Df","Sum Sq","Mean Sq","F value","Pr(>F)","data_class"
"1","exp_env_factor           ",9,134.369863879889,14.9299848755432,43.6778169452856,3.1056678697244e-54,"Raw_anova"
"2","gen_factor               ",9,177.95796382579,19.7731070917544,57.8464184118444,5.50099758631884e-67,"Raw_anova"
"3","exp_env_factor:gen_factor",81,49.9438656186871,0.616590933564039,1.80384281369562,0.000117804907620544,"Raw_anova"
"4","Residuals                ",400,136.728306675635,0.341820766689088,NA,NA,"Raw_anova"
"5","exp_env_factor           ",9,216.318382839839,24.0353758710932,3.02206532239027e+29,0,"NoError_anova"
"6","gen_factor               ",9,241.963018084738,26.8847797871931,3.38033243710116e+29,0,"NoError_anova"
"7","exp_env_factor:gen_factor",81,40.7185990754245,0.502698754017587,6.32063538458093e+27,0,"NoError_anova"
"8","Residuals                ",400,3.18131784816388e-26,7.9532946204097e-29,NA,NA,"NoError_anova"
