"","Fixed_effect","Df","Sum Sq","Mean Sq","F value","Pr(>F)","data_class"
"1","exp_env_factor           ",1,0.250538654300605,0.250538654300605,0.29518030870633,0.590268446668731,"Raw_anova"
"2","gen_factor               ",1,3.12551708423432,3.12551708423432,3.68243016378717,0.0629438188854438,"Raw_anova"
"3","exp_env_factor:gen_factor",1,5.06841163006915,5.06841163006915,5.97151490970929,0.0195707343893565,"Raw_anova"
"4","Residuals                ",36,30.5555326313959,0.848764795316553,NA,NA,"Raw_anova"
"5","exp_env_factor           ",1,4.29743409518377,4.29743409518377,6.39234727430763e+30,0,"NoError_anova"
"6","gen_factor               ",1,13.5035572514958,13.5035572514958,2.00862713605768e+31,0,"NoError_anova"
"7","exp_env_factor:gen_factor",1,21.1990086533205,21.1990086533205,3.15331014232302e+31,0,"NoError_anova"
"8","Residuals                ",36,2.42020060531477e-29,6.72277945920771e-31,NA,NA,"NoError_anova"
