"","Fixed_effect","Df","Sum Sq","Mean Sq","F value","Pr(>F)","data_class"
"1","exp_env_factor           ",1,0.179456380345472,0.179456380345472,0.246470170788905,0.626322855657394,"Raw_anova"
"2","gen_factor               ",1,2.77195872425547,2.77195872425547,3.80708191523646,0.0687716451639203,"Raw_anova"
"3","exp_env_factor:gen_factor",1,4.39889083166288,4.39889083166288,6.04155378858368,0.025759078383197,"Raw_anova"
"4","Residuals                ",16,11.6496940637362,0.728105878983511,NA,NA,"Raw_anova"
"5","exp_env_factor           ",1,0.570904471714046,0.570904471714046,5.74477809109366e+30,7.1100461215846e-238,"NoError_anova"
"6","gen_factor               ",1,1.0373780878593,1.0373780878593,1.0438711214544e+31,5.98250972238724e-240,"NoError_anova"
"7","exp_env_factor:gen_factor",1,17.3917174404267,17.3917174404267,1.75005736105528e+32,9.58606144353002e-250,"NoError_anova"
"8","Residuals                ",16,1.5900477620861e-30,9.93779851303813e-32,NA,NA,"NoError_anova"
