"","Fixed_effect","Df","Sum Sq","Mean Sq","F value","Pr(>F)","data_class"
"1","exp_env_factor           ",4,59.965067409385,14.9912668523462,27.4458659294383,1.45587616381011e-18,"Raw_anova"
"2","gen_factor               ",4,10.9422090789854,2.73555226974635,5.00822255903466,0.000693882144579458,"Raw_anova"
"3","exp_env_factor:gen_factor",16,55.1949781663096,3.44968613539435,6.31565191275729,1.37644992424736e-11,"Raw_anova"
"4","Residuals                ",225,122.89774534532,0.546212201534755,NA,NA,"Raw_anova"
"5","exp_env_factor           ",4,132.965530435606,33.2413826089016,4.44950095899346e+30,0,"NoError_anova"
"6","gen_factor               ",4,26.2960593912213,6.57401484780531,8.79959949737889e+29,0,"NoError_anova"
"7","exp_env_factor:gen_factor",16,89.7384101731723,5.60865063582327,7.5074182913415e+29,0,"NoError_anova"
"8","Residuals                ",225,1.68093257107529e-27,7.4708114270013e-30,NA,NA,"NoError_anova"
