"","Fixed_effect","Df","Sum Sq","Mean Sq","F value","Pr(>F)","data_class"
"1","exp_env_factor           ",9,109.100271555686,12.1222523950762,444.099906433673,4.39967802539311e-202,"Raw_anova"
"2","gen_factor               ",9,92.9166532788895,10.3240725865433,378.223412635807,1.58712575990384e-189,"Raw_anova"
"3","exp_env_factor:gen_factor",81,286.064583880503,3.53166152938893,129.382766802816,7.24061169967832e-243,"Raw_anova"
"4","Residuals                ",400,10.9184912849215,0.0272962282123037,NA,NA,"Raw_anova"
"5","exp_env_factor           ",9,111.921392163395,12.4357102403772,2.13666671079615e+29,0,"NoError_anova"
"6","gen_factor               ",9,92.5009796148463,10.2778866238718,1.76591588112605e+29,0,"NoError_anova"
"7","exp_env_factor:gen_factor",81,294.577628221759,3.63676084224394,6.24857420810562e+28,0,"NoError_anova"
"8","Residuals                ",400,2.32805803123941e-26,5.82014507809854e-29,NA,NA,"NoError_anova"
