"","Fixed_effect","Df","Sum Sq","Mean Sq","F value","Pr(>F)","data_class"
"1","exp_env_factor           ",2,16.1037695469789,8.05188477348944,9.77689898405857,0.000157218943874769,"Raw_anova"
"2","gen_factor               ",2,3.133591616683,1.5667958083415,1.90246194248042,0.155808082358031,"Raw_anova"
"3","exp_env_factor:gen_factor",4,3.05409784434515,0.763524461086288,0.927099894980654,0.452454469980977,"Raw_anova"
"4","Residuals                ",81,66.7085409919929,0.823562234469049,NA,NA,"Raw_anova"
"5","exp_env_factor           ",2,11.1027486146739,5.55137430733697,3.85241798659085e+30,0,"NoError_anova"
"6","gen_factor               ",2,35.3468320961949,17.6734160480975,1.22646000969902e+31,0,"NoError_anova"
"7","exp_env_factor:gen_factor",4,42.5504192891311,10.6376048222828,7.38204593724582e+30,0,"NoError_anova"
"8","Residuals                ",81,1.16721840791792e-28,1.44101038014558e-30,NA,NA,"NoError_anova"
