"","Fixed_effect","Df","Sum Sq","Mean Sq","F value","Pr(>F)","data_class"
"1","exp_env_factor           ",6,11.5319621205548,1.92199368675914,3.91166139014534,0.00102831393015467,"Raw_anova"
"2","gen_factor               ",6,68.3577244683303,11.3929540780551,23.187057737933,1.30170443307243e-20,"Raw_anova"
"3","exp_env_factor:gen_factor",36,67.8057703967733,1.88349362213259,3.83330566121904,7.03904376434174e-10,"Raw_anova"
"4","Residuals                ",196,96.3045430143416,0.491349709256845,NA,NA,"Raw_anova"
"5","exp_env_factor           ",6,28.6526308175711,4.77543846959519,9.1956007733468e+29,0,"NoError_anova"
"6","gen_factor               ",6,138.274112227726,23.0456853712877,4.43768511670268e+30,0,"NoError_anova"
"7","exp_env_factor:gen_factor",36,77.0732569547032,2.14092380429731,4.12257025523811e+29,0,"NoError_anova"
"8","Residuals                ",196,1.01786274014155e-27,5.19317724562018e-30,NA,NA,"NoError_anova"
