"","Fixed_effect","Df","Sum Sq","Mean Sq","F value","Pr(>F)","data_class"
"1","exp_env_factor           ",1,1.77026777783295,1.77026777783295,1.78297765830734,0.190166387149817,"Raw_anova"
"2","gen_factor               ",1,1.47158250960407,1.47158250960407,1.48214793820164,0.231359048382066,"Raw_anova"
"3","exp_env_factor:gen_factor",1,0.0147741828395867,0.0147741828395867,0.0148802561129917,0.903589575368018,"Raw_anova"
"4","Residuals                ",36,35.7433755297234,0.992871542492316,NA,NA,"Raw_anova"
"5","exp_env_factor           ",1,36.8697561230755,36.8697561230755,3.38230952107403e+32,0,"NoError_anova"
"6","gen_factor               ",1,0.0029632614021942,0.0029632614021942,2.71839803350361e+28,0,"NoError_anova"
"7","exp_env_factor:gen_factor",1,2.12728061552239,2.12728061552239,1.95149690056518e+31,0,"NoError_anova"
"8","Residuals                ",36,3.92427485468343e-30,1.09007634852317e-31,NA,NA,"NoError_anova"
