"","Fixed_effect","Df","Sum Sq","Mean Sq","F value","Pr(>F)","data_class"
"1","exp_env_factor           ",2,0.0979795895585147,0.0489897947792574,0.045942483010848,0.955152799614921,"Raw_anova"
"2","gen_factor               ",2,4.14262893398358,2.07131446699179,1.94247251164616,0.158082230133067,"Raw_anova"
"3","exp_env_factor:gen_factor",4,1.37155310827843,0.342888277069607,0.321559600624401,0.861660203054861,"Raw_anova"
"4","Residuals                ",36,38.3878383681795,1.06632884356054,NA,NA,"Raw_anova"
"5","exp_env_factor           ",2,5.66345666890655,2.83172833445328,1.12653613601373e+31,0,"NoError_anova"
"6","gen_factor               ",2,18.3832630629536,9.19163153147678,3.6566731854703e+31,0,"NoError_anova"
"7","exp_env_factor:gen_factor",4,19.9532802681399,4.98832006703497,1.98448514468895e+31,0,"NoError_anova"
"8","Residuals                ",36,9.04917443669786e-30,2.51365956574941e-31,NA,NA,"NoError_anova"
