"","Fixed_effect","Df","Sum Sq","Mean Sq","F value","Pr(>F)","data_class"
"1","exp_env_factor           ",2,6.84847300375004,3.42423650187502,5.21950751620342,0.0102223563691043,"Raw_anova"
"2","gen_factor               ",2,9.19519926285675,4.59759963142837,7.00804568247381,0.00268824916602754,"Raw_anova"
"3","exp_env_factor:gen_factor",4,4.33867536201256,1.08466884050314,1.65334291673421,0.182246658486991,"Raw_anova"
"4","Residuals                ",36,23.6176523713807,0.656045899205018,NA,NA,"Raw_anova"
"5","exp_env_factor           ",2,21.5819614698623,10.7909807349311,1.74602414286863e+31,0,"NoError_anova"
"6","gen_factor               ",2,16.7865939381424,8.3932969690712,1.35806925304069e+31,0,"NoError_anova"
"7","exp_env_factor:gen_factor",4,5.63144459199532,1.40786114799883,2.27797603813292e+30,0,"NoError_anova"
"8","Residuals                ",36,2.22491371636634e-29,6.18031587879539e-31,NA,NA,"NoError_anova"
