"","Fixed_effect","Df","Sum Sq","Mean Sq","F value","Pr(>F)","data_class"
"1","exp_env_factor           ",2,11.9709443569423,5.98547217847117,15.7741891843409,1.20330666091733e-05,"Raw_anova"
"2","gen_factor               ",2,13.4792379063525,6.73961895317624,17.7616771455658,4.29915681358456e-06,"Raw_anova"
"3","exp_env_factor:gen_factor",4,4.88971794286809,1.22242948571702,3.22160614856323,0.0232986062482519,"Raw_anova"
"4","Residuals                ",36,13.6600997938371,0.379447216495474,NA,NA,"Raw_anova"
"5","exp_env_factor           ",2,21.1527675263108,10.5763837631554,4.95505591045975e+30,0,"NoError_anova"
"6","gen_factor               ",2,13.7810341519479,6.89051707597395,3.22822035659967e+30,0,"NoError_anova"
"7","exp_env_factor:gen_factor",4,9.06619832174128,2.26654958043532,1.06188278965545e+30,0,"NoError_anova"
"8","Residuals                ",36,7.6840669884241e-29,2.13446305234003e-30,NA,NA,"NoError_anova"
