"","Fixed_effect","Df","Sum Sq","Mean Sq","F value","Pr(>F)","data_class"
"1","exp_env_factor           ",9,89.9600958877207,9.99556620974674,68.6524503785956,5.25079683941822e-96,"Raw_anova"
"2","gen_factor               ",9,44.4243075403482,4.9360341711498,33.9021155871569,1.24697304859647e-51,"Raw_anova"
"3","exp_env_factor:gen_factor",81,733.578619171095,9.05652616260611,62.2028507374094,7.7094802834571e-314,"Raw_anova"
"4","Residuals                ",900,131.036977400836,0.145596641556485,NA,NA,"Raw_anova"
"5","exp_env_factor           ",9,101.163884866387,11.2404316518208,1.21007466221423e+29,0,"NoError_anova"
"6","gen_factor               ",9,56.1000495059339,6.23333883399265,6.71042324499048e+28,0,"NoError_anova"
"7","exp_env_factor:gen_factor",81,841.736065627678,10.3918032793541,1.11871663229446e+29,0,"NoError_anova"
"8","Residuals                ",900,8.36013578544605e-26,9.28903976160672e-29,NA,NA,"NoError_anova"
