"","Fixed_effect","Df","Sum Sq","Mean Sq","F value","Pr(>F)","data_class"
"1","exp_env_factor           ",4,6.91857458976721,1.7296436474418,1.77313119697106,0.140171748745327,"Raw_anova"
"2","gen_factor               ",4,3.99525177377554,0.998812943443885,1.02392558870623,0.39876602715338,"Raw_anova"
"3","exp_env_factor:gen_factor",16,15.538758623036,0.971172413939753,0.995590107442757,0.467811876385479,"Raw_anova"
"4","Residuals                ",100,97.5474150134212,0.975474150134212,NA,NA,"Raw_anova"
"5","exp_env_factor           ",4,27.5016530909135,6.87541327272837,1.46771525614573e+30,0,"NoError_anova"
"6","gen_factor               ",4,18.309683681089,4.57742092027224,9.77155881688281e+29,0,"NoError_anova"
"7","exp_env_factor:gen_factor",16,78.1886632279975,4.88679145174985,1.04319814428981e+30,0,"NoError_anova"
"8","Residuals                ",100,4.68443265404452e-28,4.68443265404452e-30,NA,NA,"NoError_anova"
