"","Fixed_effect","Df","Sum Sq","Mean Sq","F value","Pr(>F)","data_class"
"1","exp_env_factor           ",2,46.8786859831496,23.4393429915748,42.9616256659205,5.94418092457501e-15,"Raw_anova"
"2","gen_factor               ",2,0.523511748903878,0.261755874451939,0.479768477218071,0.62005264624814,"Raw_anova"
"3","exp_env_factor:gen_factor",4,17.8537272670513,4.46343181676281,8.18095827029152,6.74006072409382e-06,"Raw_anova"
"4","Residuals                ",126,68.7440750008952,0.545587896832502,NA,NA,"Raw_anova"
"5","exp_env_factor           ",2,84.6586008136461,42.3293004068231,2.37462239457794e+30,0,"NoError_anova"
"6","gen_factor               ",2,4.74632893291564,2.37316446645782,1.3313164720197e+29,0,"NoError_anova"
"7","exp_env_factor:gen_factor",4,44.5950702534378,11.1487675633594,6.25432333477219e+29,0,"NoError_anova"
"8","Residuals                ",126,2.24603788098598e-27,1.78256974681427e-29,NA,NA,"NoError_anova"
