"","Fixed_effect","Df","Sum Sq","Mean Sq","F value","Pr(>F)","data_class"
"1","exp_env_factor           ",9,38.2592234241775,4.25102482490861,15.1012085682034,1.16727832791352e-23,"Raw_anova"
"2","gen_factor               ",9,337.008477088929,37.4453863432143,133.019827541937,7.25748095956513e-181,"Raw_anova"
"3","exp_env_factor:gen_factor",81,729.629090595177,9.00776655055774,31.9989101490563,6.71306204559558e-261,"Raw_anova"
"4","Residuals                ",1400,394.103208891717,0.281502292065512,NA,NA,"Raw_anova"
"5","exp_env_factor           ",9,56.8405226574624,6.31561362860694,4.00355879927247e+28,0,"NoError_anova"
"6","gen_factor               ",9,436.564265923187,48.5071406581319,3.07493778482214e+29,0,"NoError_anova"
"7","exp_env_factor:gen_factor",81,1005.59521141935,12.4147556965352,7.86989314617791e+28,0,"NoError_anova"
"8","Residuals                ",1400,2.20849986808148e-25,1.57749990577249e-28,NA,NA,"NoError_anova"
