"","Fixed_effect","Df","Sum Sq","Mean Sq","F value","Pr(>F)","data_class"
"1","exp_env_factor           ",6,128.280878247419,21.3801463745698,315.449429896453,1.79685132876611e-193,"Raw_anova"
"2","gen_factor               ",6,73.5315159586518,12.2552526597753,180.817867054518,1.19494663316928e-137,"Raw_anova"
"3","exp_env_factor:gen_factor",36,485.692735228559,13.49146486746,199.057332272072,0,"Raw_anova"
"4","Residuals                ",686,46.4948705653687,0.0677767792498085,NA,NA,"Raw_anova"
"5","exp_env_factor           ",6,141.432200138152,23.5720333563587,1.01199825124876e+29,0,"NoError_anova"
"6","gen_factor               ",6,85.6189026056497,14.2698171009416,6.12634036846763e+28,0,"NoError_anova"
"7","exp_env_factor:gen_factor",36,506.948897256195,14.0819138126721,6.04566943259295e+28,0,"NoError_anova"
"8","Residuals                ",686,1.59786984439039e-25,2.3292563329306e-28,NA,NA,"NoError_anova"
