"","Fixed_effect","Df","Sum Sq","Mean Sq","F value","Pr(>F)","data_class"
"1","exp_env_factor           ",1,0.288567661867277,0.288567661867277,0.315419313263471,0.576614435828115,"Raw_anova"
"2","gen_factor               ",1,1.85021486892473,1.85021486892473,2.02238012246334,0.160542160064109,"Raw_anova"
"3","exp_env_factor:gen_factor",1,5.62849840273426,5.62849840273426,6.1522385751995,0.0161567146987046,"Raw_anova"
"4","Residuals                ",56,51.2327190664737,0.914869983329888,NA,NA,"Raw_anova"
"5","exp_env_factor           ",1,5.31421630093047,5.31421630093047,1.11496677150338e+31,0,"NoError_anova"
"6","gen_factor               ",1,53.5841499084051,53.5841499084051,1.12424002419071e+32,0,"NoError_anova"
"7","exp_env_factor:gen_factor",1,0.101633790664555,0.101633790664555,2.13236144402079e+29,0,"NoError_anova"
"8","Residuals                ",56,2.66910297650252e-29,4.76625531518307e-31,NA,NA,"NoError_anova"
