"","Fixed_effect","Df","Sum Sq","Mean Sq","F value","Pr(>F)","data_class"
"1","exp_env_factor           ",1,2.30763711494926,2.30763711494926,8.34746424883513,0.00650214044218073,"Raw_anova"
"2","gen_factor               ",1,2.26552399743502,2.26552399743502,8.19512758351638,0.00695959737508441,"Raw_anova"
"3","exp_env_factor:gen_factor",1,24.4747224530031,24.4747224530031,88.5329280557604,3.08075226143309e-11,"Raw_anova"
"4","Residuals                ",36,9.95211643461264,0.27644767873924,NA,NA,"Raw_anova"
"5","exp_env_factor           ",1,3.6285894174693,3.6285894174693,5.43482118266497e+30,0,"NoError_anova"
"6","gen_factor               ",1,0.83289823699439,0.83289823699439,1.24749660560341e+30,0,"NoError_anova"
"7","exp_env_factor:gen_factor",1,34.5385123455363,34.5385123455363,5.17310218702484e+31,0,"NoError_anova"
"8","Residuals                ",36,2.40356057059527e-29,6.67655714054242e-31,NA,NA,"NoError_anova"
