"","Fixed_effect","Df","Sum Sq","Mean Sq","F value","Pr(>F)","data_class"
"1","exp_env_factor           ",4,114.360841794361,28.5902104485903,70.253577761874,1.26564124645329e-43,"Raw_anova"
"2","gen_factor               ",4,28.7778418239355,7.19446045598387,17.6786592042771,3.14161528278149e-13,"Raw_anova"
"3","exp_env_factor:gen_factor",16,88.4262408197992,5.52664005123745,13.5803909978089,2.98492324505478e-28,"Raw_anova"
"4","Residuals                ",350,142.435075561904,0.406957358748297,NA,NA,"Raw_anova"
"5","exp_env_factor           ",4,215.51895368747,53.8797384218674,7.329571547991e+29,0,"NoError_anova"
"6","gen_factor               ",4,30.6534203598511,7.66335508996278,1.04249038831166e+29,0,"NoError_anova"
"7","exp_env_factor:gen_factor",16,127.82762595268,7.98922662204248,1.08682057215795e+29,0,"NoError_anova"
"8","Residuals                ",350,2.57285276829346e-26,7.35100790940987e-29,NA,NA,"NoError_anova"
