"","Fixed_effect","Df","Sum Sq","Mean Sq","F value","Pr(>F)","data_class"
"1","exp_env_factor           ",9,552.617033693606,61.4018926326229,621.077029070025,0,"Raw_anova"
"2","gen_factor               ",9,506.071482828533,56.2301647587259,568.765263986549,0,"Raw_anova"
"3","exp_env_factor:gen_factor",81,301.902484815666,3.72719117056377,37.7003496103943,3.01838440208592e-293,"Raw_anova"
"4","Residuals                ",1400,138.408998662193,0.0988635704729953,NA,NA,"Raw_anova"
"5","exp_env_factor           ",9,606.370515101976,67.3745016779973,6.07956425755451e+28,0,"NoError_anova"
"6","gen_factor               ",9,580.976325307829,64.5529250342033,5.82495819611683e+28,0,"NoError_anova"
"7","exp_env_factor:gen_factor",81,311.653159590198,3.84756987148393,3.47186957773913e+27,0,"NoError_anova"
"8","Residuals                ",1400,1.55149774479295e-24,1.10821267485211e-27,NA,NA,"NoError_anova"
