"","Fixed_effect","Df","Sum Sq","Mean Sq","F value","Pr(>F)","data_class"
"1","exp_env_factor           ",1,0.00148891013966306,0.00148891013966306,0.00350214939895813,0.953542408696929,"Raw_anova"
"2","gen_factor               ",1,3.00606456348876,3.00606456348876,7.07073376948989,0.0171483008531714,"Raw_anova"
"3","exp_env_factor:gen_factor",1,9.19017754215976,9.19017754215976,21.6167342126348,0.00026720571086533,"Raw_anova"
"4","Residuals                ",16,6.80226898421181,0.425141811513238,NA,NA,"Raw_anova"
"5","exp_env_factor           ",1,0.493875252479493,0.493875252479493,4.26680020292407e+30,7.67785703209057e-237,"NoError_anova"
"6","gen_factor               ",1,6.07756782774346,6.07756782774346,5.25067160391426e+31,1.45995551598298e-245,"NoError_anova"
"7","exp_env_factor:gen_factor",1,12.428556919777,12.428556919777,1.07375635691647e+32,4.77323145231901e-248,"NoError_anova"
"8","Residuals                ",16,1.85197423452277e-30,1.15748389657673e-31,NA,NA,"NoError_anova"
