"","Fixed_effect","Df","Sum Sq","Mean Sq","F value","Pr(>F)","data_class"
"1","exp_env_factor           ",1,0.326731285099227,0.326731285099227,0.311987908221181,0.578689553783759,"Raw_anova"
"2","gen_factor               ",1,0.0210836180933203,0.0210836180933203,0.0201322438549819,0.887677597789688,"Raw_anova"
"3","exp_env_factor:gen_factor",1,0.00583540371220109,0.00583540371220109,0.00557208777005494,0.940762057166184,"Raw_anova"
"4","Residuals                ",56,58.6463496930953,1.04725624451956,NA,NA,"Raw_anova"
"5","exp_env_factor           ",1,0.959934096501675,0.959934096501675,6.68387730951396e+30,0,"NoError_anova"
"6","gen_factor               ",1,54.2362178302521,54.2362178302521,3.7763865981069e+32,0,"NoError_anova"
"7","exp_env_factor:gen_factor",1,3.80384807324622,3.80384807324622,2.64856242926094e+31,0,"NoError_anova"
"8","Residuals                ",56,8.04268344776108e-30,1.43619347281448e-31,NA,NA,"NoError_anova"
