"","Fixed_effect","Df","Sum Sq","Mean Sq","F value","Pr(>F)","data_class"
"1","exp_env_factor           ",2,2.01118452485397,1.00559226242699,7.78402743808366,0.000808885730980628,"Raw_anova"
"2","gen_factor               ",2,67.7915888446671,33.8957944223336,262.378504367464,4.07902279275155e-36,"Raw_anova"
"3","exp_env_factor:gen_factor",4,8.73310970585523,2.18327742646381,16.9001811445192,4.12226428971655e-10,"Raw_anova"
"4","Residuals                ",81,10.4641169246236,0.129186628699057,NA,NA,"Raw_anova"
"5","exp_env_factor           ",2,4.36962126289945,2.18481063144973,2.32540675548343e+30,0,"NoError_anova"
"6","gen_factor               ",2,70.8954192785256,35.4477096392628,3.77288275125521e+31,0,"NoError_anova"
"7","exp_env_factor:gen_factor",4,13.7349594585749,3.43373986464373,3.65470661982131e+30,0,"NoError_anova"
"8","Residuals                ",81,7.61026692341563e-29,9.39539126347609e-31,NA,NA,"NoError_anova"
