"","Fixed_effect","Df","Sum Sq","Mean Sq","F value","Pr(>F)","data_class"
"1","exp_env_factor           ",9,136.974956884989,15.2194396538877,71.5420937851373,9.06097896590884e-78,"Raw_anova"
"2","gen_factor               ",9,104.318280890247,11.5909200989164,54.4854943171898,4.00331363130739e-64,"Raw_anova"
"3","exp_env_factor:gen_factor",81,172.613140561432,2.13102642668435,10.0173262579686,2.16860600012185e-58,"Raw_anova"
"4","Residuals                ",400,85.0936216633317,0.212734054158329,NA,NA,"Raw_anova"
"5","exp_env_factor           ",9,161.768942908964,17.9743269898849,7.54015031250764e+28,0,"NoError_anova"
"6","gen_factor               ",9,119.12726493215,13.2363627702388,5.55259537309217e+28,0,"NoError_anova"
"7","exp_env_factor:gen_factor",81,218.103792158887,2.69263940936897,1.12955026886121e+28,0,"NoError_anova"
"8","Residuals                ",400,9.53526189528028e-26,2.38381547382007e-28,NA,NA,"NoError_anova"
