"","Fixed_effect","Df","Sum Sq","Mean Sq","F value","Pr(>F)","data_class"
"1","exp_env_factor           ",9,3.41829535663632,0.379810595181813,0.732788219900427,0.679041822618702,"Raw_anova"
"2","gen_factor               ",9,441.839823090539,49.0933136767265,94.718268512127,8.00427257272854e-124,"Raw_anova"
"3","exp_env_factor:gen_factor",81,87.2639464816524,1.07733267261299,2.0785536302028,3.13705633580173e-07,"Raw_anova"
"4","Residuals                ",900,466.477935071173,0.518308816745748,NA,NA,"Raw_anova"
"5","exp_env_factor           ",9,11.6344675444496,1.29271861604996,1.97637156201394e+28,0,"NoError_anova"
"6","gen_factor               ",9,896.294880931292,99.5883201034769,1.52255503492839e+30,0,"NoError_anova"
"7","exp_env_factor:gen_factor",81,91.0706515242568,1.12432903116366,1.71892931373449e+28,0,"NoError_anova"
"8","Residuals                ",900,5.88678149800638e-26,6.5408683311182e-29,NA,NA,"NoError_anova"
