"","Fixed_effect","Df","Sum Sq","Mean Sq","F value","Pr(>F)","data_class"
"1","exp_env_factor           ",6,22.1278181196901,3.68796968661501,20.8722819205502,1.43908341595756e-21,"Raw_anova"
"2","gen_factor               ",6,82.1087829067605,13.6847971511267,77.4499164677317,7.93377857120027e-66,"Raw_anova"
"3","exp_env_factor:gen_factor",36,306.842132962097,8.52339258228047,48.2386429429065,9.84641990466862e-130,"Raw_anova"
"4","Residuals                ",441,77.9212660114525,0.176692213177897,NA,NA,"Raw_anova"
"5","exp_env_factor           ",6,33.8998035308729,5.64996725514548,8.91110908736721e+28,0,"NoError_anova"
"6","gen_factor               ",6,97.063918164461,16.1773196940768,2.55148134538031e+29,0,"NoError_anova"
"7","exp_env_factor:gen_factor",36,358.036278304666,9.9454521751296,1.56859332547568e+29,0,"NoError_anova"
"8","Residuals                ",441,2.79610039007536e-26,6.34036369631601e-29,NA,NA,"NoError_anova"
