"","Fixed_effect","Df","Sum Sq","Mean Sq","F value","Pr(>F)","data_class"
"1","exp_env_factor           ",9,12.6541212352073,1.40601347057859,8.68711530047025,1.40281491384507e-12,"Raw_anova"
"2","gen_factor               ",9,603.938772053933,67.1043080059925,414.606881800669,5.4517194379483e-313,"Raw_anova"
"3","exp_env_factor:gen_factor",81,236.741706891402,2.92273712211608,18.0582582628733,4.11611761924431e-139,"Raw_anova"
"4","Residuals                ",900,145.665399819458,0.161850444243842,NA,NA,"Raw_anova"
"5","exp_env_factor           ",9,13.3380519842074,1.48200577602305,9.33972240067656e+27,0,"NoError_anova"
"6","gen_factor               ",9,727.006884189916,80.7785426877685,5.09073025787739e+29,0,"NoError_anova"
"7","exp_env_factor:gen_factor",81,258.655063825877,3.19327239291206,2.01242654934693e+28,0,"NoError_anova"
"8","Residuals                ",900,1.42809940295883e-25,1.5867771143987e-28,NA,NA,"NoError_anova"
