"","Fixed_effect","Df","Sum Sq","Mean Sq","F value","Pr(>F)","data_class"
"1","exp_env_factor           ",2,27.3227014722729,13.6613507361364,21.6437857554916,2.94660092852929e-08,"Raw_anova"
"2","gen_factor               ",2,6.20136777778908,3.10068388889454,4.91243794870296,0.00969054791620014,"Raw_anova"
"3","exp_env_factor:gen_factor",4,4.34950480357661,1.08737620089415,1.72273869417024,0.152966289241053,"Raw_anova"
"4","Residuals                ",81,51.1264259463614,0.63119044378224,NA,NA,"Raw_anova"
"5","exp_env_factor           ",2,46.3570025660296,23.1785012830148,1.77263980900863e+31,0,"NoError_anova"
"6","gen_factor               ",2,22.6628345287485,11.3314172643742,8.66601385916045e+30,0,"NoError_anova"
"7","exp_env_factor:gen_factor",4,19.980162905222,4.9950407263055,3.82009515238029e+30,0,"NoError_anova"
"8","Residuals                ",81,1.05913146843644e-28,1.30756971411906e-30,NA,NA,"NoError_anova"
