"","Fixed_effect","Df","Sum Sq","Mean Sq","F value","Pr(>F)","data_class"
"1","exp_env_factor           ",4,39.0235483793784,9.7558870948446,19.0487573564356,1.65723868183047e-13,"Raw_anova"
"2","gen_factor               ",4,29.315408400859,7.32885210021475,14.3098750529788,2.00859171534485e-10,"Raw_anova"
"3","exp_env_factor:gen_factor",16,65.4265134671731,4.08915709169832,7.98424176856977,5.66795218069968e-15,"Raw_anova"
"4","Residuals                ",225,115.23452975259,0.512153465567065,NA,NA,"Raw_anova"
"5","exp_env_factor           ",4,83.6316465756969,20.9079116439242,1.4766476492522e+30,0,"NoError_anova"
"6","gen_factor               ",4,60.1181724807411,15.0295431201853,1.06148045274553e+30,0,"NoError_anova"
"7","exp_env_factor:gen_factor",16,105.250180943562,6.57813630897261,4.64589179566755e+29,0,"NoError_anova"
"8","Residuals                ",225,3.18578377330928e-27,1.41590389924857e-29,NA,NA,"NoError_anova"
