"","Fixed_effect","Df","Sum Sq","Mean Sq","F value","Pr(>F)","data_class"
"1","exp_env_factor           ",2,11.4922333246299,5.74611666231497,10.6781396408341,5.20139184898688e-05,"Raw_anova"
"2","gen_factor               ",2,16.0408145196836,8.0204072598418,14.9045057262111,1.548860474313e-06,"Raw_anova"
"3","exp_env_factor:gen_factor",4,38.6638774812358,9.66596937030895,17.962491325159,1.07693174581019e-11,"Raw_anova"
"4","Residuals                ",126,67.8030746744506,0.538119640273418,NA,NA,"Raw_anova"
"5","exp_env_factor           ",2,21.6950609302245,10.8475304651123,3.04920138660085e+30,0,"NoError_anova"
"6","gen_factor               ",2,39.782527394414,19.891263697207,5.59136192719962e+30,0,"NoError_anova"
"7","exp_env_factor:gen_factor",4,72.5224116753614,18.1306029188404,5.09644658181334e+30,0,"NoError_anova"
"8","Residuals                ",126,4.48244856705839e-28,3.55749886274476e-30,NA,NA,"NoError_anova"
