"","Fixed_effect","Df","Sum Sq","Mean Sq","F value","Pr(>F)","data_class"
"1","exp_env_factor           ",6,6.05203365186905,1.00867227531151,0.992197548158418,0.431750793598997,"Raw_anova"
"2","gen_factor               ",6,4.27427185675022,0.712378642791704,0.700743303884369,0.649330309063396,"Raw_anova"
"3","exp_env_factor:gen_factor",36,34.4192553648186,0.956090426800518,0.940474523299695,0.570580729883368,"Raw_anova"
"4","Residuals                ",196,199.254439126562,1.01660428125797,NA,NA,"Raw_anova"
"5","exp_env_factor           ",6,42.2663099415466,7.04438499025776,3.78358046482347e+29,0,"NoError_anova"
"6","gen_factor               ",6,26.8009924730632,4.46683207884386,2.39916168927928e+29,0,"NoError_anova"
"7","exp_env_factor:gen_factor",36,174.93269758539,4.85924159959417,2.60992714275392e+29,0,"NoError_anova"
"8","Residuals                ",196,3.64918751147781e-27,1.86183036299888e-29,NA,NA,"NoError_anova"
