"","Fixed_effect","Df","Sum Sq","Mean Sq","F value","Pr(>F)","data_class"
"1","exp_env_factor           ",2,13.7979028458322,6.8989514229161,36.0308792659553,6.40533678541088e-12,"Raw_anova"
"2","gen_factor               ",2,5.33556820726918,2.66778410363459,13.9329299560517,6.30273601489382e-06,"Raw_anova"
"3","exp_env_factor:gen_factor",4,54.357191494115,13.5892978735288,70.9722856380479,1.09178408516254e-25,"Raw_anova"
"4","Residuals                ",81,15.5093374527836,0.191473301886217,NA,NA,"Raw_anova"
"5","exp_env_factor           ",2,17.5383328427143,8.76916642135715,4.76396323102681e+30,0,"NoError_anova"
"6","gen_factor               ",2,8.4153045219358,4.2076522609679,2.28586158558679e+30,0,"NoError_anova"
"7","exp_env_factor:gen_factor",4,63.04636263535,15.7615906588375,8.56268825943626e+30,0,"NoError_anova"
"8","Residuals                ",81,1.4909906850327e-28,1.84072924078112e-30,NA,NA,"NoError_anova"
