"","Fixed_effect","Df","Sum Sq","Mean Sq","F value","Pr(>F)","data_class"
"1","exp_env_factor           ",6,16.8617454678251,2.81029091130418,62.109007670816,9.95663853901244e-43,"Raw_anova"
"2","gen_factor               ",6,23.8260394617789,3.97100657696316,87.7614758519818,7.83343565339996e-53,"Raw_anova"
"3","exp_env_factor:gen_factor",36,194.443662194217,5.40121283872826,119.369837579058,2.0154934246039e-114,"Raw_anova"
"4","Residuals                ",196,8.86855287617867,0.0452477187560136,NA,NA,"Raw_anova"
"5","exp_env_factor           ",6,18.6310549236596,3.10517582060993,1.77207753733468e+29,0,"NoError_anova"
"6","gen_factor               ",6,25.8557291566166,4.30928819276943,2.45924651274926e+29,0,"NoError_anova"
"7","exp_env_factor:gen_factor",36,199.513215919724,5.54203377554788,3.16275603449388e+29,0,"NoError_anova"
"8","Residuals                ",196,3.43446857158937e-27,1.75227988346397e-29,NA,NA,"NoError_anova"
