"","Fixed_effect","Df","Sum Sq","Mean Sq","F value","Pr(>F)","data_class"
"1","exp_env_factor           ",4,88.0379471948291,22.0094867987073,48.1527646554705,3.21392997983525e-29,"Raw_anova"
"2","gen_factor               ",4,0.984689986849437,0.246172496712359,0.538580767795824,0.70753697880248,"Raw_anova"
"3","exp_env_factor:gen_factor",16,57.1351986115246,3.57094991322028,7.81259064967697,1.24200695867933e-14,"Raw_anova"
"4","Residuals                ",225,102.842164206797,0.457076285363541,NA,NA,"Raw_anova"
"5","exp_env_factor           ",4,152.821490652171,38.2053726630429,3.7477763910922e+30,0,"NoError_anova"
"6","gen_factor               ",4,3.97073753783586,0.992684384458965,9.73779036967752e+28,0,"NoError_anova"
"7","exp_env_factor:gen_factor",16,92.2077718099918,5.76298573812449,5.65323157086666e+29,0,"NoError_anova"
"8","Residuals                ",225,2.29368242716303e-27,1.01941441207246e-29,NA,NA,"NoError_anova"
