"","Fixed_effect","Df","Sum Sq","Mean Sq","F value","Pr(>F)","data_class"
"1","exp_env_factor           ",9,73.3771124543958,8.15301249493286,205.634469929934,4.54183342731723e-144,"Raw_anova"
"2","gen_factor               ",9,34.6343298398526,3.84825887109473,97.0604023485243,6.9919418012174e-95,"Raw_anova"
"3","exp_env_factor:gen_factor",81,375.129324576771,4.63122622934285,116.808327153725,2.1370264415632e-234,"Raw_anova"
"4","Residuals                ",400,15.8592331289805,0.0396480828224512,NA,NA,"Raw_anova"
"5","exp_env_factor           ",9,79.341302646549,8.815700294061,6.77703406948504e+28,0,"NoError_anova"
"6","gen_factor               ",9,36.0519788124667,4.00577542360741,3.07942371166837e+28,0,"NoError_anova"
"7","exp_env_factor:gen_factor",81,383.606718540984,4.73588541408622,3.6406928241494e+28,0,"NoError_anova"
"8","Residuals                ",400,5.2032793128519e-26,1.30081982821297e-28,NA,NA,"NoError_anova"
