"","Fixed_effect","Df","Sum Sq","Mean Sq","F value","Pr(>F)","data_class"
"1","exp_env_factor           ",1,0.366425159546176,0.366425159546176,0.494199272957231,0.48658164750359,"Raw_anova"
"2","gen_factor               ",1,11.5901680122055,11.5901680122055,15.631712113268,0.000345032496898796,"Raw_anova"
"3","exp_env_factor:gen_factor",1,0.351126071283395,0.351126071283395,0.473565323296844,0.495762199147211,"Raw_anova"
"4","Residuals                ",36,26.6922807569649,0.741452243249025,NA,NA,"Raw_anova"
"5","exp_env_factor           ",1,4.70508433747826,4.70508433747826,1.49601879021692e+31,0,"NoError_anova"
"6","gen_factor               ",1,34.1919012545045,34.1919012545045,1.08715855192078e+32,0,"NoError_anova"
"7","exp_env_factor:gen_factor",1,0.103014408017319,0.103014408017319,3.2754246046008e+29,0,"NoError_anova"
"8","Residuals                ",36,1.13222532535609e-29,3.14507034821136e-31,NA,NA,"NoError_anova"
