"","Fixed_effect","Df","Sum Sq","Mean Sq","F value","Pr(>F)","data_class"
"1","exp_env_factor           ",1,6.01122803529767,6.01122803529767,7.10538967885057,0.0100242195953449,"Raw_anova"
"2","gen_factor               ",1,4.78007642780765,4.78007642780765,5.65014428247015,0.020895625682539,"Raw_anova"
"3","exp_env_factor:gen_factor",1,0.832156713323048,0.832156713323048,0.983625589864851,0.325571498943778,"Raw_anova"
"4","Residuals                ",56,47.3765388235716,0.846009621849493,NA,NA,"Raw_anova"
"5","exp_env_factor           ",1,4.75865530384726,4.75865530384726,3.18570796609286e+30,0,"NoError_anova"
"6","gen_factor               ",1,46.121092973872,46.121092973872,3.08760193605503e+31,0,"NoError_anova"
"7","exp_env_factor:gen_factor",1,8.12025172228067,8.12025172228067,5.43614717742522e+30,0,"NoError_anova"
"8","Residuals                ",56,8.36500708325374e-29,1.49375126486674e-30,NA,NA,"NoError_anova"
