"","Fixed_effect","Df","Sum Sq","Mean Sq","F value","Pr(>F)","data_class"
"1","exp_env_factor           ",6,82.0127090377453,13.6687848396242,61.8497431718238,1.7623337060549e-55,"Raw_anova"
"2","gen_factor               ",6,80.5451468682648,13.4241911447108,60.742983691055,1.05654704202587e-54,"Raw_anova"
"3","exp_env_factor:gen_factor",36,228.981203997146,6.36058899992073,28.7809633908496,1.6584914870839e-93,"Raw_anova"
"4","Residuals                ",441,97.4609400968436,0.220999864165178,NA,NA,"Raw_anova"
"5","exp_env_factor           ",6,80.242637543764,13.3737729239607,2.47855336861382e+29,0,"NoError_anova"
"6","gen_factor               ",6,122.104425969417,20.3507376615696,3.77159008692974e+29,0,"NoError_anova"
"7","exp_env_factor:gen_factor",36,286.652936486819,7.96258156907829,1.47570049851397e+29,0,"NoError_anova"
"8","Residuals                ",441,2.37954684944514e-26,5.3957978445468e-29,NA,NA,"NoError_anova"
