"","Fixed_effect","Df","Sum Sq","Mean Sq","F value","Pr(>F)","data_class"
"1","exp_env_factor           ",2,2.09599054154487,1.04799527077244,1.06995171061578,0.346120741683201,"Raw_anova"
"2","gen_factor               ",2,8.1744911305674,4.0872455652837,4.17287702172434,0.0175887830534807,"Raw_anova"
"3","exp_env_factor:gen_factor",4,0.315159710403695,0.0787899276009238,0.080440647173691,0.988220098883433,"Raw_anova"
"4","Residuals                ",126,123.414358617484,0.979479036646699,NA,NA,"Raw_anova"
"5","exp_env_factor           ",2,0.00100637691050674,0.00050318845525337,6.17400233512836e+25,0,"NoError_anova"
"6","gen_factor               ",2,133.981276253831,66.9906381269153,8.21959152498946e+30,0,"NoError_anova"
"7","exp_env_factor:gen_factor",4,0.0177173692584337,0.00442934231460842,5.43469737987238e+26,0,"NoError_anova"
"8","Residuals                ",126,1.02691482640339e-27,8.15011766986818e-30,NA,NA,"NoError_anova"
