"","Fixed_effect","Df","Sum Sq","Mean Sq","F value","Pr(>F)","data_class"
"1","exp_env_factor           ",6,11.9106224806858,1.98510374678096,3.97983857085548,0.000881097657361689,"Raw_anova"
"2","gen_factor               ",6,46.5241222364616,7.7540203727436,15.5456607286578,1.45449939772598e-14,"Raw_anova"
"3","exp_env_factor:gen_factor",36,87.8024120312898,2.43895588975805,4.88974479969348,1.70138670030135e-13,"Raw_anova"
"4","Residuals                ",196,97.7628432515627,0.498790016589606,NA,NA,"Raw_anova"
"5","exp_env_factor           ",6,20.8365280507407,3.47275467512345,3.92556438222861e+28,0,"NoError_anova"
"6","gen_factor               ",6,59.2302903852073,9.87171506420122,1.11588801032024e+29,0,"NoError_anova"
"7","exp_env_factor:gen_factor",36,163.933181564052,4.55369948789034,5.14745272537847e+28,0,"NoError_anova"
"8","Residuals                ",196,1.73391606925517e-26,8.84651055742436e-29,NA,NA,"NoError_anova"
