"","Fixed_effect","Df","Sum Sq","Mean Sq","F value","Pr(>F)","data_class"
"1","exp_env_factor           ",9,32.0679522392634,3.5631058043626,7.13405488822912,4.90914121205193e-10,"Raw_anova"
"2","gen_factor               ",9,349.093430814667,38.7881589794075,77.6617003159555,4.54418123851962e-106,"Raw_anova"
"3","exp_env_factor:gen_factor",81,168.333353226075,2.07818954600093,4.16095370257093,1.22557276631097e-26,"Raw_anova"
"4","Residuals                ",900,449.505263719994,0.499450293022216,NA,NA,"Raw_anova"
"5","exp_env_factor           ",9,67.8231127954281,7.53590142171423,1.65858270382113e+29,0,"NoError_anova"
"6","gen_factor               ",9,647.600760264615,71.9556400294017,1.58367756312817e+30,0,"NoError_anova"
"7","exp_env_factor:gen_factor",81,283.576126939956,3.50093983876489,7.70524710814612e+28,0,"NoError_anova"
"8","Residuals                ",900,4.08922103427063e-26,4.54357892696737e-29,NA,NA,"NoError_anova"
