"","Fixed_effect","Df","Sum Sq","Mean Sq","F value","Pr(>F)","data_class"
"1","exp_env_factor           ",9,342.804260279601,38.089362253289,75.126875495249,2.54690380675567e-113,"Raw_anova"
"2","gen_factor               ",9,29.8620842961446,3.31800936623828,6.54439092184929,3.49158456824076e-09,"Raw_anova"
"3","exp_env_factor:gen_factor",81,416.532977530001,5.14238243864198,10.1427564643315,2.32669713937811e-92,"Raw_anova"
"4","Residuals                ",1400,709.80067789425,0.507000484210178,NA,NA,"Raw_anova"
"5","exp_env_factor           ",9,651.548989001331,72.394332111259,5.6657333411544e+28,0,"NoError_anova"
"6","gen_factor               ",9,48.2045086074277,5.35605651193641,4.19176295599331e+27,0,"NoError_anova"
"7","exp_env_factor:gen_factor",81,799.246502391233,9.86724077026214,7.72231104105699e+27,0,"NoError_anova"
"8","Residuals                ",1400,1.78886048553623e-24,1.27775748966874e-27,NA,NA,"NoError_anova"
