"","Fixed_effect","Df","Sum Sq","Mean Sq","F value","Pr(>F)","data_class"
"1","exp_env_factor           ",2,27.6510479736,13.8255239868,21.4424753976275,9.66305358921990e-09,"Raw_anova"
"2","gen_factor               ",2,9.55860134368507,4.77930067184254,7.41237996995207,0.00090482816160769,"Raw_anova"
"3","exp_env_factor:gen_factor",4,15.5489832550743,3.88724581376858,6.0288617491709,0.000179753446347802,"Raw_anova"
"4","Residuals                ",126,81.2413674276406,0.644772757362227,NA,NA,"Raw_anova"
"5","exp_env_factor           ",2,56.227205727426,28.113602863713,8.09032958352354e+30,0,"NoError_anova"
"6","gen_factor               ",2,7.56748627721669,3.78374313860835,1.08885827259973e+30,0,"NoError_anova"
"7","exp_env_factor:gen_factor",4,70.2053079953576,17.5513269988394,5.05079412045349e+30,0,"NoError_anova"
"8","Residuals                ",126,4.37845445510895e-28,3.47496385326107e-30,NA,NA,"NoError_anova"
