"","Fixed_effect","Df","Sum Sq","Mean Sq","F value","Pr(>F)","data_class"
"1","exp_env_factor           ",6,151.411087944178,25.2351813240296,513.778996839116,1.82915830195035e-195,"Raw_anova"
"2","gen_factor               ",6,54.2544062934269,9.04240104890448,184.099954752426,1.00987671168317e-116,"Raw_anova"
"3","exp_env_factor:gen_factor",36,261.673996025011,7.26872211180587,147.988504895339,6.01269956459856e-222,"Raw_anova"
"4","Residuals                ",441,21.660509737384,0.0491168021255873,NA,NA,"Raw_anova"
"5","exp_env_factor           ",6,161.422693283379,26.9037822138964,2.29836209620627e+29,0,"NoError_anova"
"6","gen_factor               ",6,55.2124938775958,9.20208231293263,7.86124308696275e+28,0,"NoError_anova"
"7","exp_env_factor:gen_factor",36,272.364812839026,7.56568924552849,6.46328953131966e+28,0,"NoError_anova"
"8","Residuals                ",441,5.16218396392469e-26,1.17056325712578e-28,NA,NA,"NoError_anova"
