"","Fixed_effect","Df","Sum Sq","Mean Sq","F value","Pr(>F)","data_class"
"1","exp_env_factor           ",6,47.450470852217,7.90841180870283,20.6322753989458,1.11686240089143e-18,"Raw_anova"
"2","gen_factor               ",6,23.7835952012165,3.96393253353608,10.3415135267434,6.00657647663398e-10,"Raw_anova"
"3","exp_env_factor:gen_factor",36,97.6385578072893,2.71218216131359,7.07581884174902,2.21658062852938e-20,"Raw_anova"
"4","Residuals                ",196,75.1273761392772,0.383302939486108,NA,NA,"Raw_anova"
"5","exp_env_factor           ",6,56.7440520784161,9.45734201306935,2.78411506294533e+29,0,"NoError_anova"
"6","gen_factor               ",6,55.6288827031937,9.27148045053228,2.72939990353088e+29,0,"NoError_anova"
"7","exp_env_factor:gen_factor",36,131.62706521839,3.65630736717751,1.07636801139786e+29,0,"NoError_anova"
"8","Residuals                ",196,6.65791101536091e-27,3.39689337518414e-29,NA,NA,"NoError_anova"
