"","Fixed_effect","Df","Sum Sq","Mean Sq","F value","Pr(>F)","data_class"
"1","exp_env_factor           ",9,116.545845028654,12.9495383365171,478.900459011768,0,"Raw_anova"
"2","gen_factor               ",9,92.6778533341355,10.2975392593484,380.824099658215,9.56850723647756e-300,"Raw_anova"
"3","exp_env_factor:gen_factor",81,765.440170227118,9.44987864477924,349.475873423877,0,"Raw_anova"
"4","Residuals                ",900,24.3361314100953,0.027040146011217,NA,NA,"Raw_anova"
"5","exp_env_factor           ",9,112.61414631333,12.5126829237034,1.30631041608836e+28,0,"NoError_anova"
"6","gen_factor               ",9,94.664389287976,10.5182654764418,1.09809541525502e+28,0,"NoError_anova"
"7","exp_env_factor:gen_factor",81,791.721464398695,9.77433906665055,1.0204303114688e+28,0,"NoError_anova"
"8","Residuals                ",900,8.62077994069312e-25,9.57864437854791e-28,NA,NA,"NoError_anova"
