"","Fixed_effect","Df","Sum Sq","Mean Sq","F value","Pr(>F)","data_class"
"1","exp_env_factor           ",9,171.662158536241,19.0735731706934,618.594203575447,1.43137616453305e-228,"Raw_anova"
"2","gen_factor               ",9,124.444692664307,13.8271880738118,448.443420520173,7.51497456329481e-203,"Raw_anova"
"3","exp_env_factor:gen_factor",81,190.559652584682,2.35258830351459,76.2991535424306,1.27753542820695e-199,"Raw_anova"
"4","Residuals                ",400,12.3334962147715,0.0308337405369287,NA,NA,"Raw_anova"
"5","exp_env_factor           ",9,183.013411608264,20.3348235120293,3.23755058950991e+29,0,"NoError_anova"
"6","gen_factor               ",9,126.299971151318,14.0333301279242,2.2342763979029e+29,0,"NoError_anova"
"7","exp_env_factor:gen_factor",81,189.68661724042,2.3418100893879,3.72844575264348e+28,0,"NoError_anova"
"8","Residuals                ",400,2.51237136839397e-26,6.28092842098493e-29,NA,NA,"NoError_anova"
