"","Fixed_effect","Df","Sum Sq","Mean Sq","F value","Pr(>F)","data_class"
"1","exp_env_factor           ",1,1.58703433203474,1.58703433203474,1.63969005401941,0.205646442012807,"Raw_anova"
"2","gen_factor               ",1,3.20487578298388,3.20487578298388,3.31120936683765,0.0741555543970849,"Raw_anova"
"3","exp_env_factor:gen_factor",1,0.00643001878511906,0.00643001878511906,0.00664335839263176,0.935329535579538,"Raw_anova"
"4","Residuals                ",56,54.2016598661963,0.967886783324933,NA,NA,"Raw_anova"
"5","exp_env_factor           ",1,11.6160281266845,11.6160281266845,1.15809241064524e+32,0,"NoError_anova"
"6","gen_factor               ",1,46.720112876389,46.720112876389,4.65789231538973e+32,0,"NoError_anova"
"7","exp_env_factor:gen_factor",1,0.663858996926461,0.663858996926461,6.61852793135866e+30,0,"NoError_anova"
"8","Residuals                ",56,5.61697468280538e-30,1.0030311933581e-31,NA,NA,"NoError_anova"
