"","Fixed_effect","Df","Sum Sq","Mean Sq","F value","Pr(>F)","data_class"
"1","exp_env_factor           ",6,40.2158206853423,6.70263678089039,36.6601642962528,1.32723679230798e-29,"Raw_anova"
"2","gen_factor               ",6,36.2706569682137,6.04510949470229,33.0638097377528,2.22624147161245e-27,"Raw_anova"
"3","exp_env_factor:gen_factor",36,131.678527215536,3.65773686709821,20.006042231408,3.54451000853266e-48,"Raw_anova"
"4","Residuals                ",196,35.8349951309083,0.182831607810756,NA,NA,"Raw_anova"
"5","exp_env_factor           ",6,42.3038748905755,7.05064581509591,1.29415360312476e+29,0,"NoError_anova"
"6","gen_factor               ",6,43.393573914733,7.23226231912217,1.32748950727261e+29,0,"NoError_anova"
"7","exp_env_factor:gen_factor",36,158.302551194692,4.39729308874143,8.07127863749161e+28,0,"NoError_anova"
"8","Residuals                ",196,1.06782268845221e-26,5.44807494108272e-29,NA,NA,"NoError_anova"
