"","Fixed_effect","Df","Sum Sq","Mean Sq","F value","Pr(>F)","data_class"
"1","exp_env_factor           ",6,18.7232529283883,3.12054215473138,46.4006998060415,4.13404723987449e-35,"Raw_anova"
"2","gen_factor               ",6,64.7176013769517,10.7862668961586,160.385698208772,8.34609374868381e-73,"Raw_anova"
"3","exp_env_factor:gen_factor",36,147.37774401572,4.09382622265888,60.8728843248224,8.29784722059272e-88,"Raw_anova"
"4","Residuals                ",196,13.1814016789401,0.0672520493823475,NA,NA,"Raw_anova"
"5","exp_env_factor           ",6,21.5781891260474,3.59636485434124,1.64880425034579e+29,0,"NoError_anova"
"6","gen_factor               ",6,69.6362255396475,11.6060375899413,5.32095181746329e+29,0,"NoError_anova"
"7","exp_env_factor:gen_factor",36,152.785585334305,4.24404403706403,1.94574191729155e+29,0,"NoError_anova"
"8","Residuals                ",196,4.2751437067381e-27,2.18119576874393e-29,NA,NA,"NoError_anova"
