"","Fixed_effect","Df","Sum Sq","Mean Sq","F value","Pr(>F)","data_class"
"1","exp_env_factor           ",9,14.3593789082705,1.59548654536339,4.58796534832941,8.84024323569467e-06,"Raw_anova"
"2","gen_factor               ",9,233.805782732324,25.9784203035916,74.7032887889814,4.42777395283495e-80,"Raw_anova"
"3","exp_env_factor:gen_factor",81,111.732955565601,1.37941920451359,3.96664423747119,2.81696996991258e-20,"Raw_anova"
"4","Residuals                ",400,139.101882793805,0.347754706984511,NA,NA,"Raw_anova"
"5","exp_env_factor           ",9,16.6845138858465,1.85383487620517,5.6391693021666e+28,0,"NoError_anova"
"6","gen_factor               ",9,362.637802957146,40.2930892174606,1.22567308836959e+30,0,"NoError_anova"
"7","exp_env_factor:gen_factor",81,119.677683157008,1.47750226119763,4.49440535517538e+28,0,"NoError_anova"
"8","Residuals                ",400,1.31497018576329e-26,3.28742546440823e-29,NA,NA,"NoError_anova"
