"","Fixed_effect","Df","Sum Sq","Mean Sq","F value","Pr(>F)","data_class"
"1","exp_env_factor           ",4,6.59024031054865,1.64756007763716,2.09105477675001,0.0828776263167223,"Raw_anova"
"2","gen_factor               ",4,45.2028735021687,11.3007183755422,14.3426764587386,1.90960423507751e-10,"Raw_anova"
"3","exp_env_factor:gen_factor",16,19.9274473174327,1.24546545733954,1.58072323382707,0.0752423763524388,"Raw_anova"
"4","Residuals                ",225,177.27943886985,0.787908617199333,NA,NA,"Raw_anova"
"5","exp_env_factor           ",4,44.7602348238218,11.1900587059555,1.84045066913529e+30,0,"NoError_anova"
"6","gen_factor               ",4,194.833149072673,48.7082872681682,8.01114652306731e+30,0,"NoError_anova"
"7","exp_env_factor:gen_factor",16,9.40661610350502,0.587913506469064,9.66952752266436e+28,0,"NoError_anova"
"8","Residuals                ",225,1.3680145037644e-27,6.08006446117513e-30,NA,NA,"NoError_anova"
