"","Fixed_effect","Df","Sum Sq","Mean Sq","F value","Pr(>F)","data_class"
"1","exp_env_factor           ",2,14.0006920428426,7.00034602142132,8.45796916021915,0.000357488804469985,"Raw_anova"
"2","gen_factor               ",2,0.149907824722946,0.074953912361473,0.0905609347382505,0.913478072301718,"Raw_anova"
"3","exp_env_factor:gen_factor",4,15.5638935302524,3.89097338256309,4.7011580245101,0.00143533883075854,"Raw_anova"
"4","Residuals                ",126,104.285506602182,0.827662750810969,NA,NA,"Raw_anova"
"5","exp_env_factor           ",2,107.184031364754,53.5920156823768,1.41910160261097e+31,0,"NoError_anova"
"6","gen_factor               ",2,1.37037878620865,0.685189393104325,1.81436236996425e+29,0,"NoError_anova"
"7","exp_env_factor:gen_factor",4,25.4455898490375,6.36139746225939,1.68448027539039e+30,0,"NoError_anova"
"8","Residuals                ",126,4.75835836106137e-28,3.77647488973125e-30,NA,NA,"NoError_anova"
