"","Fixed_effect","Df","Sum Sq","Mean Sq","F value","Pr(>F)","data_class"
"1","exp_env_factor           ",1,0.237494241232368,0.237494241232368,0.222448099401439,0.643548400804032,"Raw_anova"
"2","gen_factor               ",1,0.005131761887523,0.005131761887523,0.00480664572133067,0.945586061439241,"Raw_anova"
"3","exp_env_factor:gen_factor",1,1.6751518068833,1.6751518068833,1.56902472125834,0.228348181123815,"Raw_anova"
"4","Residuals                ",16,17.0822221899968,1.0676388868748,NA,NA,"Raw_anova"
"5","exp_env_factor           ",1,0.922551259699497,0.922551259699497,2.80126316232459e+31,2.22447329387866e-243,"NoError_anova"
"6","gen_factor               ",1,15.093990413537,15.093990413537,4.58318590683995e+32,4.33230164009882e-253,"NoError_anova"
"7","exp_env_factor:gen_factor",1,2.98345832676345,2.98345832676345,9.05906508632951e+31,1.8594796853799e-247,"NoError_anova"
"8","Residuals                ",16,5.26934432784348e-31,3.29334020490217e-32,NA,NA,"NoError_anova"
