"","Fixed_effect","Df","Sum Sq","Mean Sq","F value","Pr(>F)","data_class"
"1","exp_env_factor           ",1,3.46192638521397,3.46192638521397,5.83247552467353,0.0280651113606383,"Raw_anova"
"2","gen_factor               ",1,0.817229684732904,0.817229684732904,1.37682654218158,0.257814693467866,"Raw_anova"
"3","exp_env_factor:gen_factor",1,5.22387785979704,5.22387785979704,8.80092075073601,0.00909020686884428,"Raw_anova"
"4","Residuals                ",16,9.49696607025609,0.593560379391005,NA,NA,"Raw_anova"
"5","exp_env_factor           ",1,1.59123347936232,1.59123347936232,5.30986927769178e+30,1.33471285130058e-237,"NoError_anova"
"6","gen_factor               ",1,2.30324948977676,2.30324948977676,7.68583232017341e+30,6.92677745577103e-239,"NoError_anova"
"7","exp_env_factor:gen_factor",1,15.1055170308609,15.1055170308609,5.04063808649636e+31,2.02383147031089e-245,"NoError_anova"
"8","Residuals                ",16,4.79479518954646e-30,2.99674699346654e-31,NA,NA,"NoError_anova"
