"","Fixed_effect","Df","Sum Sq","Mean Sq","F value","Pr(>F)","data_class"
"1","exp_env_factor           ",1,2.69055610237162,2.69055610237162,3.03506133479253,0.100669396148117,"Raw_anova"
"2","gen_factor               ",1,0.992226023973273,0.992226023973273,1.119273015003,0.305787085275817,"Raw_anova"
"3","exp_env_factor:gen_factor",1,1.13335373079464,1.13335373079464,1.27847105062988,0.274848231498582,"Raw_anova"
"4","Residuals                ",16,14.1838641428605,0.886491508928779,NA,NA,"Raw_anova"
"5","exp_env_factor           ",1,14.2327476042822,14.2327476042822,1.2114860766235e+33,1.81765334332557e-256,"NoError_anova"
"6","gen_factor               ",1,0.0314935777686081,0.0314935777686081,2.68072139199945e+30,3.1626056139596e-235,"NoError_anova"
"7","exp_env_factor:gen_factor",1,4.73575881794915,4.73575881794915,4.03105993987147e+32,1.20977451083113e-252,"NoError_anova"
"8","Residuals                ",16,1.87970762572194e-31,1.17481726607621e-32,NA,NA,"NoError_anova"
