"","Fixed_effect","Df","Sum Sq","Mean Sq","F value","Pr(>F)","data_class"
"1","exp_env_factor           ",4,21.6991336476251,5.42478341190628,52.2153242423013,4.57258115616781e-31,"Raw_anova"
"2","gen_factor               ",4,69.7064563416792,17.4266140854198,167.736891194315,2.62678576936351e-66,"Raw_anova"
"3","exp_env_factor:gen_factor",16,134.218585281256,8.38866158007849,80.7436262619034,1.09882430680911e-83,"Raw_anova"
"4","Residuals                ",225,23.37582472944,0.103892554353067,NA,NA,"Raw_anova"
"5","exp_env_factor           ",4,25.4914997724389,6.37287494310972,1.67393944343504e+29,0,"NoError_anova"
"6","gen_factor               ",4,77.0593974644513,19.2648493661128,5.06022658747401e+29,0,"NoError_anova"
"7","exp_env_factor:gen_factor",16,146.44910276311,9.15306892269438,2.40420269265493e+29,0,"NoError_anova"
"8","Residuals                ",225,8.56600200098777e-27,3.80711200043901e-29,NA,NA,"NoError_anova"
