"","Fixed_effect","Df","Sum Sq","Mean Sq","F value","Pr(>F)","data_class"
"1","exp_env_factor           ",1,0.0976183277204045,0.0976183277204045,0.0836617848614312,0.776109343178656,"Raw_anova"
"2","gen_factor               ",1,0.141656734910938,0.141656734910938,0.121403998173742,0.732059113109467,"Raw_anova"
"3","exp_env_factor:gen_factor",1,0.0915888902064741,0.0915888902064741,0.0784943791507877,0.782938213682491,"Raw_anova"
"4","Residuals                ",16,18.6691360471622,1.16682100294764,NA,NA,"Raw_anova"
"5","exp_env_factor           ",1,10.2326609270143,10.2326609270143,1.45564419687092e+32,4.18424023036251e-249,"NoError_anova"
"6","gen_factor               ",1,2.79174940794938,2.79174940794938,3.97139498101699e+31,1.36305636960233e-244,"NoError_anova"
"7","exp_env_factor:gen_factor",1,5.97558966503628,5.97558966503628,8.50055765634551e+31,3.09370670461834e-247,"NoError_anova"
"8","Residuals                ",16,1.12474308752215e-30,7.02964429701341e-32,NA,NA,"NoError_anova"
