"","Fixed_effect","Df","Sum Sq","Mean Sq","F value","Pr(>F)","data_class"
"1","exp_env_factor           ",9,201.408717835646,22.3787464261828,905.865910976005,0,"Raw_anova"
"2","gen_factor               ",9,175.865127229359,19.540569692151,790.979781801379,0,"Raw_anova"
"3","exp_env_factor:gen_factor",81,1087.14019180619,13.4214838494592,543.286226243455,0,"Raw_anova"
"4","Residuals                ",1400,34.5859631288034,0.0247042593777167,NA,NA,"Raw_anova"
"5","exp_env_factor           ",9,205.219542082176,22.802171342464,5.85390145904033e+28,0,"NoError_anova"
"6","gen_factor               ",9,179.872615988758,19.9858462209732,5.13087866045603e+28,0,"NoError_anova"
"7","exp_env_factor:gen_factor",81,1113.90784192906,13.7519486657909,3.53047747735335e+28,0,"NoError_anova"
"8","Residuals                ",1400,5.45329300515471e-25,3.89520928939622e-28,NA,NA,"NoError_anova"
