"","Fixed_effect","Df","Sum Sq","Mean Sq","F value","Pr(>F)","data_class"
"1","exp_env_factor           ",9,13.5959115806604,1.5106568422956,2.70631177658179,0.00398489201237578,"Raw_anova"
"2","gen_factor               ",9,561.814682467561,62.4238536075068,111.831095870121,7.89112106712373e-158,"Raw_anova"
"3","exp_env_factor:gen_factor",81,142.112712277894,1.75447792935672,3.14311241906905,1.03880577850168e-17,"Raw_anova"
"4","Residuals                ",1400,781.476693673885,0.558197638338489,NA,NA,"Raw_anova"
"5","exp_env_factor           ",9,16.1068520095364,1.78965022328182,3.1550012355102e+27,0,"NoError_anova"
"6","gen_factor               ",9,1254.96434323445,139.440482581606,2.4582171929572e+29,0,"NoError_anova"
"7","exp_env_factor:gen_factor",81,227.928804756007,2.81393586118527,4.96072975779914e+27,0,"NoError_anova"
"8","Residuals                ",1400,7.94139249263836e-25,5.6724232090274e-28,NA,NA,"NoError_anova"
