"","Fixed_effect","Df","Sum Sq","Mean Sq","F value","Pr(>F)","data_class"
"1","exp_env_factor           ",1,2.45521192352855,2.45521192352855,3.87060177750751,0.0667247477999634,"Raw_anova"
"2","gen_factor               ",1,1.26604809069997,1.26604809069997,1.99590428154595,0.1768817878614,"Raw_anova"
"3","exp_env_factor:gen_factor",1,5.12957119120913,5.12957119120913,8.08668578882229,0.0117326797352162,"Raw_anova"
"4","Residuals                ",16,10.1491687945624,0.634323049660147,NA,NA,"Raw_anova"
"5","exp_env_factor           ",1,5.04794960457143,5.04794960457143,7.68634981638076e+31,6.92304748086328e-247,"NoError_anova"
"6","gen_factor               ",1,1.33584837480554,1.33584837480554,2.03405317301515e+31,2.87845910094456e-242,"NoError_anova"
"7","exp_env_factor:gen_factor",1,12.616202020623,12.616202020623,1.92102833191559e+32,4.54766345171754e-250,"NoError_anova"
"8","Residuals                ",16,1.05078737765768e-30,6.56742111036047e-32,NA,NA,"NoError_anova"
