"","Fixed_effect","Df","Sum Sq","Mean Sq","F value","Pr(>F)","data_class"
"1","exp_env_factor           ",4,47.4477669114848,11.8619417278712,48.1410533485226,1.65677791765848e-22,"Raw_anova"
"2","gen_factor               ",4,9.64854809936053,2.41213702484013,9.78952854943885,1.00618160921564e-06,"Raw_anova"
"3","exp_env_factor:gen_factor",16,42.2637136906553,2.64148210566595,10.7203132408958,2.350088943372e-15,"Raw_anova"
"4","Residuals                ",100,24.6399712984993,0.246399712984993,NA,NA,"Raw_anova"
"5","exp_env_factor           ",4,62.1029442178279,15.525736054457,1.01711030871381e+31,0,"NoError_anova"
"6","gen_factor               ",4,14.1917089981183,3.54792724952959,2.32429133627274e+30,0,"NoError_anova"
"7","exp_env_factor:gen_factor",16,47.7053467840536,2.98158417400335,1.95327293278709e+30,0,"NoError_anova"
"8","Residuals                ",100,1.52645548092912e-28,1.52645548092912e-30,NA,NA,"NoError_anova"
