"","Fixed_effect","Df","Sum Sq","Mean Sq","F value","Pr(>F)","data_class"
"1","exp_env_factor           ",4,5.4401151317404,1.3600287829351,1.70099677884382,0.155722016873099,"Raw_anova"
"2","gen_factor               ",4,19.8564994726673,4.96412486816682,6.20866301984228,0.000166931422877841,"Raw_anova"
"3","exp_env_factor:gen_factor",16,18.7485730261343,1.17178581413339,1.46556008251106,0.127951031982163,"Raw_anova"
"4","Residuals                ",100,79.9548123694581,0.799548123694581,NA,NA,"Raw_anova"
"5","exp_env_factor           ",4,1.07608118159009,0.269020295397523,7.23864456853047e+28,0,"NoError_anova"
"6","gen_factor               ",4,63.4975926582065,15.8743981645516,4.27139245694174e+30,0,"NoError_anova"
"7","exp_env_factor:gen_factor",16,59.4263261602033,3.71414538501271,9.99381042171078e+29,0,"NoError_anova"
"8","Residuals                ",100,3.71644570817955e-28,3.71644570817955e-30,NA,NA,"NoError_anova"
