"","Fixed_effect","Df","Sum Sq","Mean Sq","F value","Pr(>F)","data_class"
"1","exp_env_factor           ",2,3.94738965431872,1.97369482715936,2.75305809705353,0.0771662256183971,"Raw_anova"
"2","gen_factor               ",2,0.106974656650295,0.0534873283251473,0.0746081513256244,0.928250213706526,"Raw_anova"
"3","exp_env_factor:gen_factor",4,14.1368763846844,3.53421909617111,4.92979480190403,0.00283689054673544,"Raw_anova"
"4","Residuals                ",36,25.8087593043465,0.716909980676293,NA,NA,"Raw_anova"
"5","exp_env_factor           ",2,5.57412041991612,2.78706020995806,1.46509186678126e+30,0,"NoError_anova"
"6","gen_factor               ",2,5.66616232030693,2.83308116015347,1.48928399567461e+30,0,"NoError_anova"
"7","exp_env_factor:gen_factor",4,32.7597172597769,8.18992931494423,4.30525282014584e+30,0,"NoError_anova"
"8","Residuals                ",36,6.84831919645557e-29,1.90231088790432e-30,NA,NA,"NoError_anova"
