"","Fixed_effect","Df","Sum Sq","Mean Sq","F value","Pr(>F)","data_class"
"1","exp_env_factor           ",9,442.615294843378,49.1794772048197,139.116016349093,3.48128465747821e-187,"Raw_anova"
"2","gen_factor               ",9,499.790250799225,55.5322500888028,157.086367125893,4.3637893336592e-205,"Raw_anova"
"3","exp_env_factor:gen_factor",81,61.6746752143903,0.761415743387535,2.15384812986943,3.72270426753053e-08,"Raw_anova"
"4","Residuals                ",1400,494.919779143003,0.353514127959288,NA,NA,"Raw_anova"
"5","exp_env_factor           ",9,689.945358416129,76.6605953795699,1.98984711026453e+29,0,"NoError_anova"
"6","gen_factor               ",9,761.783312044812,84.6425902272013,2.19703242239345e+29,0,"NoError_anova"
"7","exp_env_factor:gen_factor",81,47.271329539058,0.583596660976025,1.51481751955275e+27,0,"NoError_anova"
"8","Residuals                ",1400,5.39362210180712e-25,3.85258721557652e-28,NA,NA,"NoError_anova"
