"","Fixed_effect","Df","Sum Sq","Mean Sq","F value","Pr(>F)","data_class"
"1","exp_env_factor           ",9,466.740371656588,51.8600412951764,284.952686520528,2.18187548915461e-256,"Raw_anova"
"2","gen_factor               ",9,19.3504818230777,2.15005353589752,11.813787955351,1.0418648040688e-17,"Raw_anova"
"3","exp_env_factor:gen_factor",81,349.113402968725,4.31004201195957,23.6821649125538,6.01788827781127e-172,"Raw_anova"
"4","Residuals                ",900,163.79574355161,0.1819952706129,NA,NA,"Raw_anova"
"5","exp_env_factor           ",9,597.366585319433,66.3740650354925,1.51348545052307e+29,0,"NoError_anova"
"6","gen_factor               ",9,24.0387424152867,2.6709713794763,6.09044559714592e+27,0,"NoError_anova"
"7","exp_env_factor:gen_factor",81,377.594672265281,4.66166262055903,1.06296918046086e+28,0,"NoError_anova"
"8","Residuals                ",900,3.94695955030805e-25,4.38551061145339e-28,NA,NA,"NoError_anova"
