"","Fixed_effect","Df","Sum Sq","Mean Sq","F value","Pr(>F)","data_class"
"1","exp_env_factor           ",9,23.7732932399752,2.64147702666391,26.5944980555536,6.14321010672557e-36,"Raw_anova"
"2","gen_factor               ",9,23.5037762919098,2.61153069910109,26.2929972126157,1.40314932691965e-35,"Raw_anova"
"3","exp_env_factor:gen_factor",81,411.993253733535,5.08633646584611,51.2094422496928,4.90324102613861e-168,"Raw_anova"
"4","Residuals                ",400,39.7296767345801,0.0993241918364503,NA,NA,"Raw_anova"
"5","exp_env_factor           ",9,22.204201713215,2.46713352369055,5.75757320754638e+28,0,"NoError_anova"
"6","gen_factor               ",9,22.3309760414398,2.48121956015998,5.79044592618854e+28,0,"NoError_anova"
"7","exp_env_factor:gen_factor",81,454.464822245345,5.61067681784377,1.30936903951173e+29,0,"NoError_anova"
"8","Residuals                ",400,1.71400931243525e-26,4.28502328108813e-29,NA,NA,"NoError_anova"
