"","Fixed_effect","Df","Sum Sq","Mean Sq","F value","Pr(>F)","data_class"
"1","exp_env_factor           ",6,112.524131082274,18.7540218470456,134.302669035035,3.08299510226594e-96,"Raw_anova"
"2","gen_factor               ",6,51.3150040524948,8.55250067541579,61.2467915949039,4.66716378929936e-55,"Raw_anova"
"3","exp_env_factor:gen_factor",36,263.579634246578,7.3216565068494,52.4323805660122,4.94230947199599e-136,"Raw_anova"
"4","Residuals                ",441,61.5812306186531,0.139639978727105,NA,NA,"Raw_anova"
"5","exp_env_factor           ",6,123.380924914278,20.563487485713,5.87340321401672e+29,0,"NoError_anova"
"6","gen_factor               ",6,66.8495742518454,11.1415957086409,3.18229503093149e+29,0,"NoError_anova"
"7","exp_env_factor:gen_factor",36,298.769500833876,8.29915280094101,2.37042820526086e+29,0,"NoError_anova"
"8","Residuals                ",441,1.54399377171274e-26,3.50111966374772e-29,NA,NA,"NoError_anova"
