"","Fixed_effect","Df","Sum Sq","Mean Sq","F value","Pr(>F)","data_class"
"1","exp_env_factor           ",4,88.0692727764587,22.0173181941147,57.9854002665428,1.41388650240981e-33,"Raw_anova"
"2","gen_factor               ",4,63.8705349406258,15.9676337351564,42.0527888673604,2.60879805494192e-26,"Raw_anova"
"3","exp_env_factor:gen_factor",16,11.6266767616959,0.726667297605991,1.91377050287412,0.0202697402198936,"Raw_anova"
"4","Residuals                ",225,85.4335155212194,0.379704513427642,NA,NA,"Raw_anova"
"5","exp_env_factor           ",4,132.348768165139,33.0871920412847,3.78043746895414e+30,0,"NoError_anova"
"6","gen_factor               ",4,105.514961776042,26.3787404440105,3.01395109726819e+30,0,"NoError_anova"
"7","exp_env_factor:gen_factor",16,11.1362700588184,0.69601687867615,7.95246778236325e+28,0,"NoError_anova"
"8","Residuals                ",225,1.96924781071663e-27,8.75221249207391e-30,NA,NA,"NoError_anova"
