"","Fixed_effect","Df","Sum Sq","Mean Sq","F value","Pr(>F)","data_class"
"1","exp_env_factor           ",1,1.13152755256675,1.13152755256675,1.29819882459223,0.271313812753998,"Raw_anova"
"2","gen_factor               ",1,1.95634158596563,1.95634158596563,2.24450597039409,0.15355866718933,"Raw_anova"
"3","exp_env_factor:gen_factor",1,1.96631570734073,1.96631570734073,2.25594925572648,0.15257961248645,"Raw_anova"
"4","Residuals                ",16,13.9458151541269,0.87161344713293,NA,NA,"Raw_anova"
"5","exp_env_factor           ",1,7.08163953389523,7.08163953389523,4.96891550069193e+32,2.26968499494646e-253,"NoError_anova"
"6","gen_factor               ",1,11.5100563822998,11.5100563822998,8.07616616153703e+32,4.66032830226766e-255,"NoError_anova"
"7","exp_env_factor:gen_factor",1,0.40830408380497,0.40830408380497,2.86491352928039e+31,1.8585161135445e-243,"NoError_anova"
"8","Residuals                ",16,2.28030105415449e-31,1.42518815884655e-32,NA,NA,"NoError_anova"
