"","Fixed_effect","Df","Sum Sq","Mean Sq","F value","Pr(>F)","data_class"
"1","exp_env_factor           ",4,10.5851407428562,2.64628518571404,21.0076768980525,1.35712723262932e-12,"Raw_anova"
"2","gen_factor               ",4,48.6710588552295,12.1677647138074,96.5944528802621,1.82439664210481e-33,"Raw_anova"
"3","exp_env_factor:gen_factor",16,52.1470473265691,3.25919045791057,25.8732582786714,1.70625265778924e-28,"Raw_anova"
"4","Residuals                ",100,12.5967530753453,0.125967530753453,NA,NA,"Raw_anova"
"5","exp_env_factor           ",4,15.0833927760369,3.77084819400922,1.84553077753588e+30,0,"NoError_anova"
"6","gen_factor               ",4,53.9148444768049,13.4787111192012,6.59675885428659e+30,0,"NoError_anova"
"7","exp_env_factor:gen_factor",16,55.0017627471583,3.43761017169739,1.6824372254277e+30,0,"NoError_anova"
"8","Residuals                ",100,2.04323235348261e-28,2.04323235348261e-30,NA,NA,"NoError_anova"
