"","Fixed_effect","Df","Sum Sq","Mean Sq","F value","Pr(>F)","data_class"
"1","exp_env_factor           ",1,7.53150480473832,7.53150480473832,12.7347842756292,0.00256385789836548,"Raw_anova"
"2","gen_factor               ",1,0.23737108003588,0.23737108003588,0.401363283420899,0.535338087318482,"Raw_anova"
"3","exp_env_factor:gen_factor",1,1.76853140319817,1.76853140319817,2.99035405118978,0.103003880294797,"Raw_anova"
"4","Residuals                ",16,9.46259271202763,0.591412044501727,NA,NA,"Raw_anova"
"5","exp_env_factor           ",1,17.8967035711092,17.8967035711092,5.7538698285077e+32,7.02066446600897e-254,"NoError_anova"
"6","gen_factor               ",1,0.876991505553477,0.876991505553477,2.81956671160808e+31,2.11154081770689e-243,"NoError_anova"
"7","exp_env_factor:gen_factor",1,0.226304923337311,0.226304923337311,7.27580397842281e+30,1.07401552142991e-238,"NoError_anova"
"8","Residuals                ",16,4.97660297629662e-31,3.11037686018539e-32,NA,NA,"NoError_anova"
