"","Fixed_effect","Df","Sum Sq","Mean Sq","F value","Pr(>F)","data_class"
"1","exp_env_factor           ",4,3.64933548065719,0.912333870164296,5.79605684795459,0.000158436692862088,"Raw_anova"
"2","gen_factor               ",4,76.8441083980969,19.2110270995242,122.047650337027,4.35958218914431e-65,"Raw_anova"
"3","exp_env_factor:gen_factor",16,238.414471461967,14.900904466373,94.6654423314187,1.98086020960116e-116,"Raw_anova"
"4","Residuals                ",350,55.0920846592782,0.157405956169366,NA,NA,"Raw_anova"
"5","exp_env_factor           ",4,3.94715834865061,0.986789587162653,5.28243361205216e+28,0,"NoError_anova"
"6","gen_factor               ",4,88.2837034102982,22.0709258525746,1.18148997607464e+30,0,"NoError_anova"
"7","exp_env_factor:gen_factor",16,281.769138241052,17.6105711400657,9.42720455585688e+29,0,"NoError_anova"
"8","Residuals                ",350,6.53820532110302e-27,1.86805866317229e-29,NA,NA,"NoError_anova"
