"","Fixed_effect","Df","Sum Sq","Mean Sq","F value","Pr(>F)","data_class"
"1","exp_env_factor           ",2,6.3242031232142,3.1621015616071,4.12648065466095,0.0196528966834238,"Raw_anova"
"2","gen_factor               ",2,6.29918629322091,3.14959314661046,4.11015741788361,0.0199462533944837,"Raw_anova"
"3","exp_env_factor:gen_factor",4,14.3067142420249,3.57667856050623,4.66749552483331,0.00193017162214033,"Raw_anova"
"4","Residuals                ",81,62.0698963415399,0.766295016562221,NA,NA,"Raw_anova"
"5","exp_env_factor           ",2,6.66073800457187,3.33036900228593,3.92477711330241e+30,0,"NoError_anova"
"6","gen_factor               ",2,52.2292750342993,26.1146375171496,3.07756082221359e+31,0,"NoError_anova"
"7","exp_env_factor:gen_factor",4,30.1099869611288,7.5274967402822,8.87101306384954e+30,0,"NoError_anova"
"8","Residuals                ",81,6.87325372620148e-29,8.48549842740924e-31,NA,NA,"NoError_anova"
