"","Fixed_effect","Df","Sum Sq","Mean Sq","F value","Pr(>F)","data_class"
"1","exp_env_factor           ",1,0.394561710033381,0.394561710033381,0.394867743661855,0.533718457968833,"Raw_anova"
"2","gen_factor               ",1,0.86915517900588,0.86915517900588,0.86982932124111,0.357215822459532,"Raw_anova"
"3","exp_env_factor:gen_factor",1,1.76418412541914,1.76418412541914,1.76555247834207,0.192294705475494,"Raw_anova"
"4","Residuals                ",36,35.9720989855416,0.9992249718206,NA,NA,"Raw_anova"
"5","exp_env_factor           ",1,25.4902755651985,25.4902755651985,1.34383765756239e+32,0,"NoError_anova"
"6","gen_factor               ",1,1.70852206557631,1.70852206557631,9.00726351359022e+30,0,"NoError_anova"
"7","exp_env_factor:gen_factor",1,11.8012023692252,11.8012023692252,6.22154911888489e+31,0,"NoError_anova"
"8","Residuals                ",36,6.82857721081939e-30,1.89682700300538e-31,NA,NA,"NoError_anova"
