"","row","aov_coefs"
"(Intercept)",26723,0.324895082428297
"exp_env_factorE_2",26723,-0.335367972864268
"gen_factorG_2",26723,-0.772268567562767
"exp_env_factorE_2:gen_factorG_2",26723,0.915692751140882
