"","Fixed_effect","Df","Sum Sq","Mean Sq","F value","Pr(>F)","data_class"
"1","exp_env_factor           ",6,175.10925924069,29.184876540115,244.824146634429,8.55523808782685e-167,"Raw_anova"
"2","gen_factor               ",6,160.350095933623,26.7250159889371,224.189032435674,5.26641465349356e-158,"Raw_anova"
"3","exp_env_factor:gen_factor",36,316.764293996968,8.79900816658245,73.8125330991868,1.31430656084649e-209,"Raw_anova"
"4","Residuals                ",686,81.7763508287194,0.119207508496675,NA,NA,"Raw_anova"
"5","exp_env_factor           ",6,182.91144139405,30.4852402323417,7.09792107898797e+28,0,"NoError_anova"
"6","gen_factor               ",6,179.32555246566,29.88759207761,6.95876982405417e+28,0,"NoError_anova"
"7","exp_env_factor:gen_factor",36,371.76300614029,10.3267501705636,2.40439167132834e+28,0,"NoError_anova"
"8","Residuals                ",686,2.94633802865109e-25,4.29495339453511e-28,NA,NA,"NoError_anova"
