"","Fixed_effect","Df","Sum Sq","Mean Sq","F value","Pr(>F)","data_class"
"1","exp_env_factor           ",1,0.0131305699717314,0.0131305699717314,0.0128835826451119,0.910260150170587,"Raw_anova"
"2","gen_factor               ",1,1.02030111358398,1.02030111358398,1.00110914819836,0.323720476313814,"Raw_anova"
"3","exp_env_factor:gen_factor",1,1.27642303595627,1.27642303595627,1.25241339174699,0.270503743438134,"Raw_anova"
"4","Residuals                ",36,36.690145280488,1.01917070223578,NA,NA,"Raw_anova"
"5","exp_env_factor           ",1,24.5693439788329,24.5693439788329,1.17348931727106e+32,0,"NoError_anova"
"6","gen_factor               ",1,2.39538448671806,2.39538448671806,1.14409164051843e+31,0,"NoError_anova"
"7","exp_env_factor:gen_factor",1,12.035271534449,12.035271534449,5.74832709749998e+31,0,"NoError_anova"
"8","Residuals                ",36,7.53731943035389e-30,2.09369984176497e-31,NA,NA,"NoError_anova"
