"","Fixed_effect","Df","Sum Sq","Mean Sq","F value","Pr(>F)","data_class"
"1","exp_env_factor           ",9,78.0502696537794,8.67225218375327,350.253516099332,0,"Raw_anova"
"2","gen_factor               ",9,136.590295880069,15.1766995422299,612.954082148078,0,"Raw_anova"
"3","exp_env_factor:gen_factor",81,1249.6955338936,15.4283399246123,623.117293140389,0,"Raw_anova"
"4","Residuals                ",1400,34.6639005725537,0.0247599289803955,NA,NA,"Raw_anova"
"5","exp_env_factor           ",9,84.4122773257255,9.37914192508061,8.92449883416997e+27,0,"NoError_anova"
"6","gen_factor               ",9,139.157290102324,15.4619211224805,1.47124223232627e+28,0,"NoError_anova"
"7","exp_env_factor:gen_factor",81,1275.43043257195,15.7460547231105,1.49827828752009e+28,0,"NoError_anova"
"8","Residuals                ",1400,1.4713205681464e-24,1.05094326296171e-27,NA,NA,"NoError_anova"
