"","Fixed_effect","Df","Sum Sq","Mean Sq","F value","Pr(>F)","data_class"
"1","exp_env_factor           ",1,0.616690468802943,0.616690468802943,0.774405694256219,0.391883773951011,"Raw_anova"
"2","gen_factor               ",1,5.64064668512257,5.64064668512257,7.08321132435433,0.0170663912674727,"Raw_anova"
"3","exp_env_factor:gen_factor",1,0.00121792381841214,0.00121792381841214,0.00152940119535075,0.969288451408155,"Raw_anova"
"4","Residuals                ",16,12.7414449222561,0.796340307641005,NA,NA,"Raw_anova"
"5","exp_env_factor           ",1,1.97838693980453,1.97838693980453,3.66543168332325e+31,2.58855526547848e-244,"NoError_anova"
"6","gen_factor               ",1,14.1988064391426,14.1988064391426,2.63066612199481e+32,3.67733014580347e-251,"NoError_anova"
"7","exp_env_factor:gen_factor",1,2.82280662105282,2.82280662105282,5.22991969696481e+31,1.50694816268636e-245,"NoError_anova"
"8","Residuals                ",16,8.63586987063237e-31,5.39741866914523e-32,NA,NA,"NoError_anova"
