"","Fixed_effect","Df","Sum Sq","Mean Sq","F value","Pr(>F)","data_class"
"1","exp_env_factor           ",4,65.668946187812,16.417236546953,38.6477868018199,1.60037001767289e-19,"Raw_anova"
"2","gen_factor               ",4,1.64770867531871,0.411927168829678,0.96971700159619,0.427631353984805,"Raw_anova"
"3","exp_env_factor:gen_factor",16,14.2042333803845,0.887764586274032,2.08988500363007,0.0143146265346992,"Raw_anova"
"4","Residuals                ",100,42.4791117564847,0.424791117564847,NA,NA,"Raw_anova"
"5","exp_env_factor           ",4,114.73074494837,28.6826862370925,1.19748054422894e+31,0,"NoError_anova"
"6","gen_factor               ",4,1.76623751885382,0.441559379713454,1.84347714840205e+29,0,"NoError_anova"
"7","exp_env_factor:gen_factor",16,7.50301753277625,0.468938595798516,1.95778331312837e+29,0,"NoError_anova"
"8","Residuals                ",100,2.39525279766121e-28,2.39525279766121e-30,NA,NA,"NoError_anova"
