"","Fixed_effect","Df","Sum Sq","Mean Sq","F value","Pr(>F)","data_class"
"1","exp_env_factor           ",4,13.4728760103605,3.36821900259012,8.55038510990414,5.62592541774981e-06,"Raw_anova"
"2","gen_factor               ",4,48.7227977367406,12.1806994341851,30.9212883693681,9.44546785285774e-17,"Raw_anova"
"3","exp_env_factor:gen_factor",16,22.4117262787922,1.40073289242451,3.55582747354893,4.69875592375424e-05,"Raw_anova"
"4","Residuals                ",100,39.3925999741067,0.393925999741067,NA,NA,"Raw_anova"
"5","exp_env_factor           ",4,29.7511431357737,7.43778578394341,2.05236191175611e+30,0,"NoError_anova"
"6","gen_factor               ",4,69.3643005466315,17.3410751366579,4.78504801740984e+30,0,"NoError_anova"
"7","exp_env_factor:gen_factor",16,24.8845563175948,1.55528476984967,4.29160951430559e+29,0,"NoError_anova"
"8","Residuals                ",100,3.62401277344854e-28,3.62401277344854e-30,NA,NA,"NoError_anova"
