"","Fixed_effect","Df","Sum Sq","Mean Sq","F value","Pr(>F)","data_class"
"1","exp_env_factor           ",9,351.252000918019,39.0280001020021,98.8696931811452,6.50805499364163e-128,"Raw_anova"
"2","gen_factor               ",9,8.87362092394153,0.985957880437948,2.49772862748946,0.00800541042328229,"Raw_anova"
"3","exp_env_factor:gen_factor",81,283.606763162543,3.5013180637351,8.86989448053559,7.48925659451815e-71,"Raw_anova"
"4","Residuals                ",900,355.267614995496,0.394741794439439,NA,NA,"Raw_anova"
"5","exp_env_factor           ",9,549.969179024396,61.1076865582662,1.81617393605583e+29,0,"NoError_anova"
"6","gen_factor               ",9,18.7694460205588,2.08549400228431,6.19827073168288e+27,0,"NoError_anova"
"7","exp_env_factor:gen_factor",81,430.261374955043,5.31186882660547,1.57873391351997e+28,0,"NoError_anova"
"8","Residuals                ",900,3.02817460434852e-25,3.36463844927613e-28,NA,NA,"NoError_anova"
