"","Fixed_effect","Df","Sum Sq","Mean Sq","F value","Pr(>F)","data_class"
"1","exp_env_factor           ",1,0.0479209614669387,0.0479209614669387,0.0715417085639495,0.792522347620967,"Raw_anova"
"2","gen_factor               ",1,6.49580669475817,6.49580669475817,9.69765829437203,0.00667951562650073,"Raw_anova"
"3","exp_env_factor:gen_factor",1,1.73895235154055,1.73895235154055,2.59610029791115,0.12667557864893,"Raw_anova"
"4","Residuals                ",16,10.7173199922344,0.669832499514647,NA,NA,"Raw_anova"
"5","exp_env_factor           ",1,0.446540285974861,0.446540285974861,3.97015363711732e+30,1.36646958666529e-236,"NoError_anova"
"6","gen_factor               ",1,7.36018047262844,7.36018047262844,6.54387704559555e+31,2.50828818276343e-246,"NoError_anova"
"7","exp_env_factor:gen_factor",1,11.1932792413967,11.1932792413967,9.95185421948755e+31,8.76650394853804e-248,"NoError_anova"
"8","Residuals                ",16,1.79958894003543e-30,1.12474308752215e-31,NA,NA,"NoError_anova"
