"","Fixed_effect","Df","Sum Sq","Mean Sq","F value","Pr(>F)","data_class"
"1","exp_env_factor           ",9,422.606369549866,46.9562632833184,407.628426540548,2.51101287405723e-310,"Raw_anova"
"2","gen_factor               ",9,444.454646022395,49.3838495580439,428.702360117569,0,"Raw_anova"
"3","exp_env_factor:gen_factor",81,28.2645736079549,0.348945353184628,3.02920282240213,1.15358800612961e-15,"Raw_anova"
"4","Residuals                ",900,103.674410819783,0.115193789799759,NA,NA,"Raw_anova"
"5","exp_env_factor           ",9,483.688421688896,53.7431579654329,7.61718551367519e+29,0,"NoError_anova"
"6","gen_factor               ",9,495.882244439559,55.098027159951,7.80921535323256e+29,0,"NoError_anova"
"7","exp_env_factor:gen_factor",81,19.4293338715454,0.239868319401795,3.39972855505097e+27,0,"NoError_anova"
"8","Residuals                ",900,6.34996247394167e-26,7.05551385993519e-29,NA,NA,"NoError_anova"
