"","Fixed_effect","Df","Sum Sq","Mean Sq","F value","Pr(>F)","data_class"
"1","exp_env_factor           ",9,277.782985072524,30.8647761191693,184.38397271303,2.03110718695461e-230,"Raw_anova"
"2","gen_factor               ",9,64.4193440231762,7.15770489146402,42.759618871039,5.54080269618291e-68,"Raw_anova"
"3","exp_env_factor:gen_factor",81,922.44602997242,11.3882225922521,68.0324300941743,0,"Raw_anova"
"4","Residuals                ",1400,234.351640931877,0.167394029237055,NA,NA,"Raw_anova"
"5","exp_env_factor           ",9,300.009379790912,33.3343755323235,2.1120575489439e+28,0,"NoError_anova"
"6","gen_factor               ",9,76.8246678507726,8.53607420564139,5.40843488934966e+27,0,"NoError_anova"
"7","exp_env_factor:gen_factor",81,1122.16595235831,13.8539006463989,8.77779618645401e+27,0,"NoError_anova"
"8","Residuals                ",1400,2.20960483622184e-24,1.57828916872989e-27,NA,NA,"NoError_anova"
