"","Fixed_effect","Df","Sum Sq","Mean Sq","F value","Pr(>F)","data_class"
"1","exp_env_factor           ",1,6.44560376760924,6.44560376760924,11.0479916228352,0.00204860193245485,"Raw_anova"
"2","gen_factor               ",1,10.3196618013647,10.3196618013647,17.6882633873504,0.000164674204102232,"Raw_anova"
"3","exp_env_factor:gen_factor",1,1.23166495418803,1.23166495418803,2.1111170631353,0.154894287735529,"Raw_anova"
"4","Residuals                ",36,21.003069476838,0.583418596578834,NA,NA,"Raw_anova"
"5","exp_env_factor           ",1,21.8378108618107,21.8378108618107,5.27511420789697e+31,0,"NoError_anova"
"6","gen_factor               ",1,17.1044734027799,17.1044734027799,4.13173514673982e+31,0,"NoError_anova"
"7","exp_env_factor:gen_factor",1,0.057715735409376,0.057715735409376,1.39417406718934e+29,0,"NoError_anova"
"8","Residuals                ",36,1.4903207021533e-29,4.13977972820361e-31,NA,NA,"NoError_anova"
