"","Fixed_effect","Df","Sum Sq","Mean Sq","F value","Pr(>F)","data_class"
"1","exp_env_factor           ",4,18.3954361730219,4.59885904325548,11.3460627753398,1.24296550005565e-07,"Raw_anova"
"2","gen_factor               ",4,17.2294927096131,4.30737317740327,10.6269242018422,3.23495388972565e-07,"Raw_anova"
"3","exp_env_factor:gen_factor",16,47.8424287874556,2.99015179921598,7.37714500544545,4.81866622857392e-11,"Raw_anova"
"4","Residuals                ",100,40.5326423299094,0.405326423299094,NA,NA,"Raw_anova"
"5","exp_env_factor           ",4,32.547517676506,8.13687941912649,1.81286514486475e+30,0,"NoError_anova"
"6","gen_factor               ",4,29.1795450884313,7.29488627210783,1.62527234056964e+30,0,"NoError_anova"
"7","exp_env_factor:gen_factor",16,62.2729372350627,3.89205857719142,8.67135540902444e+29,0,"NoError_anova"
"8","Residuals                ",100,4.48840855160991e-28,4.48840855160991e-30,NA,NA,"NoError_anova"
