"","Fixed_effect","Df","Sum Sq","Mean Sq","F value","Pr(>F)","data_class"
"1","exp_env_factor           ",6,15.4950567986665,2.58250946644441,18.2732092390126,8.1357470413845e-17,"Raw_anova"
"2","gen_factor               ",6,62.5270193538952,10.4211698923159,73.7376650238447,1.31890095021855e-47,"Raw_anova"
"3","exp_env_factor:gen_factor",36,138.277707163965,3.84104742122124,27.1783178868964,2.54810397776916e-58,"Raw_anova"
"4","Residuals                ",196,27.7002166834738,0.141327636140173,NA,NA,"Raw_anova"
"5","exp_env_factor           ",6,19.2918767299358,3.21531278832263,3.65492662084145e+29,0,"NoError_anova"
"6","gen_factor               ",6,75.645285279338,12.6075475465563,1.43313152358878e+30,0,"NoError_anova"
"7","exp_env_factor:gen_factor",36,149.062837990726,4.14063438863129,4.70676287207349e+29,0,"NoError_anova"
"8","Residuals                ",196,1.7242515976043e-27,8.79720202859336e-30,NA,NA,"NoError_anova"
