"","Fixed_effect","Df","Sum Sq","Mean Sq","F value","Pr(>F)","data_class"
"1","exp_env_factor           ",1,3.20848565945422,3.20848565945422,3.51444458222995,0.0660549583087828,"Raw_anova"
"2","gen_factor               ",1,3.17254701799917,3.17254701799917,3.47507885734904,0.0675446899013879,"Raw_anova"
"3","exp_env_factor:gen_factor",1,1.49418992872275,1.49418992872275,1.63667482332319,0.206057806474902,"Raw_anova"
"4","Residuals                ",56,51.1247773938239,0.91294245346114,NA,NA,"Raw_anova"
"5","exp_env_factor           ",1,11.8076325876823,11.8076325876823,7.54278921544098e+31,0,"NoError_anova"
"6","gen_factor               ",1,47.1292875598927,47.1292875598927,3.01064823366047e+32,0,"NoError_anova"
"7","exp_env_factor:gen_factor",1,0.0630798524249609,0.0630798524249609,4.02958024861778e+29,0,"NoError_anova"
"8","Residuals                ",56,8.76635162436462e-30,1.56541993292225e-31,NA,NA,"NoError_anova"
