"","Fixed_effect","Df","Sum Sq","Mean Sq","F value","Pr(>F)","data_class"
"1","exp_env_factor           ",4,3.4265122151844,0.856628053796099,8.41238659714631,6.8360344029115e-06,"Raw_anova"
"2","gen_factor               ",4,25.5856814152445,6.39642035381113,62.8150813129016,1.92302986023424e-26,"Raw_anova"
"3","exp_env_factor:gen_factor",16,84.8048690556026,5.30030431597516,52.0508390904501,3.935203212386e-41,"Raw_anova"
"4","Residuals                ",100,10.1829373139685,0.101829373139685,NA,NA,"Raw_anova"
"5","exp_env_factor           ",4,2.72946803009073,0.682367007522684,1.4764304348194e+29,0,"NoError_anova"
"6","gen_factor               ",4,25.6174194174133,6.40435485435334,1.38570363427723e+30,0,"NoError_anova"
"7","exp_env_factor:gen_factor",16,95.6531125524961,5.978319534531,1.29352281287772e+30,0,"NoError_anova"
"8","Residuals                ",100,4.62173490487652e-28,4.62173490487652e-30,NA,NA,"NoError_anova"
