"","Fixed_effect","Df","Sum Sq","Mean Sq","F value","Pr(>F)","data_class"
"1","exp_env_factor           ",2,21.459939192844,10.729969596422,16.7969194516372,7.89972344023051e-07,"Raw_anova"
"2","gen_factor               ",2,4.36058214140459,2.1802910707023,3.41307337048954,0.0377466303110135,"Raw_anova"
"3","exp_env_factor:gen_factor",4,11.4362087279137,2.85905218197842,4.47562025010144,0.00256122338478343,"Raw_anova"
"4","Residuals                ",81,51.7432699378377,0.6388058017017,NA,NA,"Raw_anova"
"5","exp_env_factor           ",2,41.9687605729389,20.9843802864695,3.32049101239543e+31,0,"NoError_anova"
"6","gen_factor               ",2,9.60621275783659,4.8031063789183,7.60025854709701e+30,0,"NoError_anova"
"7","exp_env_factor:gen_factor",4,37.4250266692245,9.35625666730613,1.48049957870268e+31,0,"NoError_anova"
"8","Residuals                ",81,5.11892607707384e-29,6.31966182354795e-31,NA,NA,"NoError_anova"
