"","Fixed_effect","Df","Sum Sq","Mean Sq","F value","Pr(>F)","data_class"
"1","exp_env_factor           ",1,1.58115983613666,1.58115983613666,1.60052936013493,0.213956175006324,"Raw_anova"
"2","gen_factor               ",1,0.598850584793645,0.598850584793645,0.606186624141747,0.44131499864132,"Raw_anova"
"3","exp_env_factor:gen_factor",1,1.25565972752534,1.25565972752534,1.2710418101397,0.267029775758189,"Raw_anova"
"4","Residuals                ",36,35.5643298515443,0.987898051431787,NA,NA,"Raw_anova"
"5","exp_env_factor           ",1,15.7692307952864,15.7692307952864,2.31906705588773e+31,0,"NoError_anova"
"6","gen_factor               ",1,0.389032053572521,0.389032053572521,5.72121386792094e+29,0,"NoError_anova"
"7","exp_env_factor:gen_factor",1,22.8417371511411,22.8417371511411,3.35916956344453e+31,0,"NoError_anova"
"8","Residuals                ",36,2.44793399651395e-29,6.7998166569832e-31,NA,NA,"NoError_anova"
