"","Fixed_effect","Df","Sum Sq","Mean Sq","F value","Pr(>F)","data_class"
"1","exp_env_factor           ",9,481.720577138248,53.5245085709164,174.899302693133,7.46863368231531e-222,"Raw_anova"
"2","gen_factor               ",9,387.018683930261,43.0020759922512,140.515687228347,1.28569644585677e-188,"Raw_anova"
"3","exp_env_factor:gen_factor",81,201.818138844294,2.49158196104067,8.14161510724431,8.70668690291297e-72,"Raw_anova"
"4","Residuals                ",1400,428.442600087194,0.30603042863371,NA,NA,"Raw_anova"
"5","exp_env_factor           ",9,706.507809497161,78.5008677219067,1.29853076572391e+29,0,"NoError_anova"
"6","gen_factor               ",9,542.447026480814,60.2718918312016,9.96994149522731e+28,0,"NoError_anova"
"7","exp_env_factor:gen_factor",81,250.045164022021,3.0869773336052,5.10635762012102e+27,0,"NoError_anova"
"8","Residuals                ",1400,8.46350488657089e-25,6.04536063326492e-28,NA,NA,"NoError_anova"
