"","Fixed_effect","Df","Sum Sq","Mean Sq","F value","Pr(>F)","data_class"
"1","exp_env_factor           ",1,6.33003556368367,6.33003556368367,12.6226113928625,0.00265060852495002,"Raw_anova"
"2","gen_factor               ",1,4.23630709243758,4.23630709243758,8.44754466711858,0.0103017992293856,"Raw_anova"
"3","exp_env_factor:gen_factor",1,0.409915990626923,0.409915990626923,0.817406190115127,0.379351428753475,"Raw_anova"
"4","Residuals                ",16,8.02374135325182,0.501483834578239,NA,NA,"Raw_anova"
"5","exp_env_factor           ",1,13.4636407963603,13.4636407963603,2.56540256188561e+33,4.49587558787923e-259,"NoError_anova"
"6","gen_factor               ",1,2.66834241811182,2.66834241811182,5.084339800021e+32,1.88878243028726e-253,"NoError_anova"
"7","exp_env_factor:gen_factor",1,2.86801678552787,2.86801678552787,5.46480533787946e+32,1.06037847988286e-253,"NoError_anova"
"8","Residuals                ",16,8.39705455752835e-32,5.24815909845522e-33,NA,NA,"NoError_anova"
