"","Fixed_effect","Df","Sum Sq","Mean Sq","F value","Pr(>F)","data_class"
"1","exp_env_factor           ",2,0.313213167267366,0.156606583633683,0.187347751811445,0.829385894720932,"Raw_anova"
"2","gen_factor               ",2,22.5559406268327,11.2779703134163,13.4917851739684,4.90594219027122e-06,"Raw_anova"
"3","exp_env_factor:gen_factor",4,5.80569900208573,1.45142475052143,1.736332902643,0.146057229142124,"Raw_anova"
"4","Residuals                ",126,105.325147203814,0.835913866696938,NA,NA,"Raw_anova"
"5","exp_env_factor           ",2,4.39742300865154,2.19871150432577,1.17967053020785e+30,0,"NoError_anova"
"6","gen_factor               ",2,122.997302895926,61.4986514479628,3.29957552948415e+31,0,"NoError_anova"
"7","exp_env_factor:gen_factor",4,6.60527409542299,1.65131852385575,8.85978808382279e+29,0,"NoError_anova"
"8","Residuals                ",126,2.34843240083513e-28,1.86383523875804e-30,NA,NA,"NoError_anova"
