"","Fixed_effect","Df","Sum Sq","Mean Sq","F value","Pr(>F)","data_class"
"1","exp_env_factor           ",9,107.463318874659,11.9403687638509,173.758648784081,5.29190397573612e-190,"Raw_anova"
"2","gen_factor               ",9,271.946914455328,30.2163238283697,439.714024204595,0,"Raw_anova"
"3","exp_env_factor:gen_factor",81,557.743453046687,6.88572164255169,100.202406824763,0,"Raw_anova"
"4","Residuals                ",900,61.8463136233274,0.0687181262481415,NA,NA,"Raw_anova"
"5","exp_env_factor           ",9,112.544689129948,12.5049654588832,4.74367063491951e+28,0,"NoError_anova"
"6","gen_factor               ",9,291.964990794812,32.4405545327569,1.23060960402915e+29,0,"NoError_anova"
"7","exp_env_factor:gen_factor",81,594.490320075241,7.33938666759557,2.78414467659812e+28,0,"NoError_anova"
"8","Residuals                ",900,2.37252325870761e-25,2.63613695411957e-28,NA,NA,"NoError_anova"
