"","Fixed_effect","Df","Sum Sq","Mean Sq","F value","Pr(>F)","data_class"
"1","exp_env_factor           ",6,38.0560237325902,6.34267062209837,22.459462433713,4.53611403459874e-20,"Raw_anova"
"2","gen_factor               ",6,134.098186184972,22.3496976974953,79.1405112686859,1.07232901111861e-49,"Raw_anova"
"3","exp_env_factor:gen_factor",36,16.4943565563524,0.458176571009788,1.62240798832423,0.0204186784828741,"Raw_anova"
"4","Residuals                ",196,55.3514335260854,0.282405273092273,NA,NA,"Raw_anova"
"5","exp_env_factor           ",6,51.0074432776034,8.50124054626723,2.79003216083587e+30,0,"NoError_anova"
"6","gen_factor               ",6,184.775439240428,30.7959065400713,1.0106944886605e+31,0,"NoError_anova"
"7","exp_env_factor:gen_factor",36,8.21711748196863,0.228253263388017,7.49107077022934e+28,0,"NoError_anova"
"8","Residuals                ",196,5.97212881793156e-28,3.04700449894467e-30,NA,NA,"NoError_anova"
