"","Fixed_effect","Df","Sum Sq","Mean Sq","F value","Pr(>F)","data_class"
"1","exp_env_factor           ",4,10.5936090923865,2.64840227309663,3.6360071943294,0.00642340422229957,"Raw_anova"
"2","gen_factor               ",4,67.3818965122584,16.8454741280646,23.1272513785891,5.63053199376422e-17,"Raw_anova"
"3","exp_env_factor:gen_factor",16,41.0907866102199,2.56817416313874,3.52586154615593,6.66300365922951e-06,"Raw_anova"
"4","Residuals                ",350,254.933707785135,0.728382022243244,NA,NA,"Raw_anova"
"5","exp_env_factor           ",4,42.038808324276,10.509702081069,3.79289800108834e+29,0,"NoError_anova"
"6","gen_factor               ",4,204.222553285747,51.0556383214367,1.84257200670306e+30,0,"NoError_anova"
"7","exp_env_factor:gen_factor",16,127.738638389977,7.98366489937358,2.88126403627924e+29,0,"NoError_anova"
"8","Residuals                ",350,9.69811402077953e-27,2.77088972022272e-29,NA,NA,"NoError_anova"
