"","Fixed_effect","Df","Sum Sq","Mean Sq","F value","Pr(>F)","data_class"
"1","exp_env_factor           ",6,20.4177973034986,3.40296621724977,9.3062022025872,5.60169860528769e-09,"Raw_anova"
"2","gen_factor               ",6,39.8960032535546,6.64933387559244,18.1841492416538,9.59900462399087e-17,"Raw_anova"
"3","exp_env_factor:gen_factor",36,112.015569033097,3.1115435842527,8.50923926615438,1.91945918667326e-24,"Raw_anova"
"4","Residuals                ",196,71.6706304098495,0.365666481682906,NA,NA,"Raw_anova"
"5","exp_env_factor           ",6,27.2286221729065,4.53810369548442,5.31466147525957e+29,0,"NoError_anova"
"6","gen_factor               ",6,75.454377475833,12.5757295793055,1.47276814289019e+30,0,"NoError_anova"
"7","exp_env_factor:gen_factor",36,141.317000351261,3.92547223197946,4.59719685653315e+29,0,"NoError_anova"
"8","Residuals                ",196,1.67361238049786e-27,8.53883867600952e-30,NA,NA,"NoError_anova"
