"","Fixed_effect","Df","Sum Sq","Mean Sq","F value","Pr(>F)","data_class"
"1","exp_env_factor           ",6,39.6730428556063,6.61217380926772,110.226341784918,4.02132378431475e-97,"Raw_anova"
"2","gen_factor               ",6,187.989183054001,31.3315305090002,522.303268206452,6.61356084819551e-252,"Raw_anova"
"3","exp_env_factor:gen_factor",36,465.18652875551,12.9218480209864,215.409951029668,0,"Raw_anova"
"4","Residuals                ",686,41.1512453348815,0.0599872380974949,NA,NA,"Raw_anova"
"5","exp_env_factor           ",6,45.7319638198562,7.62199396997603,2.35129960374622e+28,0,"NoError_anova"
"6","gen_factor               ",6,199.967686877128,33.3279478128547,1.02812978853992e+29,0,"NoError_anova"
"7","exp_env_factor:gen_factor",36,488.300349303016,13.5638985917505,4.18431049797027e+28,0,"NoError_anova"
"8","Residuals                ",686,2.2237437777274e-25,3.24160900543352e-28,NA,NA,"NoError_anova"
