"","row","aov_coefs"
"(Intercept)",2235,-0.045815795254134
"exp_env_factorE_2",2235,0.743815897074093
"gen_factorG_2",2235,-0.582450911808377
"exp_env_factorE_2:gen_factorG_2",2235,-0.139466789514896
