"","Fixed_effect","Df","Sum Sq","Mean Sq","F value","Pr(>F)","data_class"
"1","exp_env_factor           ",4,54.9413673762624,13.7353418440656,20.5719346024179,3.06967818629332e-15,"Raw_anova"
"2","gen_factor               ",4,76.6472430797271,19.1618107699318,28.6993598337894,1.22010043710719e-20,"Raw_anova"
"3","exp_env_factor:gen_factor",16,8.72555793253241,0.545347370783276,0.816787130216291,0.666513356033962,"Raw_anova"
"4","Residuals                ",350,233.685831611478,0.667673804604223,NA,NA,"Raw_anova"
"5","exp_env_factor           ",4,183.02259216295,45.7556480407374,3.60581487584526e+30,0,"NoError_anova"
"6","gen_factor               ",4,189.81085467535,47.4527136688374,3.73955365453419e+30,0,"NoError_anova"
"7","exp_env_factor:gen_factor",16,1.16655316169932,0.0729095726062076,5.74570425187549e+27,0,"NoError_anova"
"8","Residuals                ",350,4.44129201461128e-27,1.26894057560322e-29,NA,NA,"NoError_anova"
