"","Fixed_effect","Df","Sum Sq","Mean Sq","F value","Pr(>F)","data_class"
"1","exp_env_factor           ",1,2.04846308812487,2.04846308812487,2.05919825697765,0.159921143487826,"Raw_anova"
"2","gen_factor               ",1,0.862728184880427,0.862728184880427,0.867249395339349,0.357921438978102,"Raw_anova"
"3","exp_env_factor:gen_factor",1,0.276486663002385,0.276486663002385,0.277935618089777,0.601291536409731,"Raw_anova"
"4","Residuals                ",36,35.8123220639923,0.994786723999787,NA,NA,"Raw_anova"
"5","exp_env_factor           ",1,10.5763270962216,10.5763270962216,2.10708931449922e+31,0,"NoError_anova"
"6","gen_factor               ",1,1.96923385518584,1.96923385518584,3.92324440825447e+30,0,"NoError_anova"
"7","exp_env_factor:gen_factor",1,26.4544390485925,26.4544390485925,5.27043701780684e+31,0,"NoError_anova"
"8","Residuals                ",36,1.80698451102188e-29,5.01940141950522e-31,NA,NA,"NoError_anova"
