"","Fixed_effect","Df","Sum Sq","Mean Sq","F value","Pr(>F)","data_class"
"1","exp_env_factor           ",6,82.1201839911004,13.6866973318501,64.6609131886155,7.56834669226109e-44,"Raw_anova"
"2","gen_factor               ",6,99.3277377227943,16.5546229537991,78.2100321013796,2.41567364427004e-49,"Raw_anova"
"3","exp_env_factor:gen_factor",36,21.0649952129431,0.585138755915085,2.76440732063777,3.99241829267755e-06,"Raw_anova"
"4","Residuals                ",196,41.4870830731621,0.211668791189603,NA,NA,"Raw_anova"
"5","exp_env_factor           ",6,112.960433922594,18.826738987099,2.78055669385971e+30,0,"NoError_anova"
"6","gen_factor               ",6,118.976232551252,19.8293720918753,2.92863747369531e+30,0,"NoError_anova"
"7","exp_env_factor:gen_factor",36,12.0633335261547,0.335092597948741,4.94904596556892e+28,0,"NoError_anova"
"8","Residuals                ",196,1.32708707203133e-27,6.77085240832312e-30,NA,NA,"NoError_anova"
