"","Fixed_effect","Df","Sum Sq","Mean Sq","F value","Pr(>F)","data_class"
"1","exp_env_factor           ",6,101.265373156248,16.877562192708,38.0740773218854,5.73299580047208e-40,"Raw_anova"
"2","gen_factor               ",6,77.3849292924701,12.8974882154117,29.095432027728,4.21406472552077e-31,"Raw_anova"
"3","exp_env_factor:gen_factor",36,251.2580825053,6.97939118070277,15.7448022670343,1.56577699970139e-67,"Raw_anova"
"4","Residuals                ",686,304.091615045982,0.443282237676359,NA,NA,"Raw_anova"
"5","exp_env_factor           ",6,172.363069027932,28.727178171322,1.44851841011838e+29,0,"NoError_anova"
"6","gen_factor               ",6,116.033644505676,19.3389407509461,9.75132731202218e+28,0,"NoError_anova"
"7","exp_env_factor:gen_factor",36,445.603286466394,12.3778690685109,6.2413269820117e+28,0,"NoError_anova"
"8","Residuals                ",686,1.36048282768573e-25,1.9832111190754e-28,NA,NA,"NoError_anova"
