"","Fixed_effect","Df","Sum Sq","Mean Sq","F value","Pr(>F)","data_class"
"1","exp_env_factor           ",6,115.04721208913,19.1745353481884,110.830633617922,1.60859660809061e-97,"Raw_anova"
"2","gen_factor               ",6,40.0708039410145,6.67846732350242,38.602174791698,1.78635559103243e-40,"Raw_anova"
"3","exp_env_factor:gen_factor",36,460.198811100849,12.7833003083569,73.8886886788227,9.95742034937367e-210,"Raw_anova"
"4","Residuals                ",686,118.683172869006,0.173007540625373,NA,NA,"Raw_anova"
"5","exp_env_factor           ",6,134.833481499822,22.4722469166369,1.538875562241e+29,0,"NoError_anova"
"6","gen_factor               ",6,40.2923876021691,6.71539793369486,4.59863306469636e+28,0,"NoError_anova"
"7","exp_env_factor:gen_factor",36,558.874130898008,15.5242814138336,1.06308627605076e+29,0,"NoError_anova"
"8","Residuals                ",686,1.0017678987873e-25,1.4603030594567e-28,NA,NA,"NoError_anova"
