"","Fixed_effect","Df","Sum Sq","Mean Sq","F value","Pr(>F)","data_class"
"1","exp_env_factor           ",1,6.3266767963298,6.3266767963298,10.3605959718044,0.00536171735914247,"Raw_anova"
"2","gen_factor               ",1,0.00920528341683942,0.00920528341683942,0.0150746158462135,0.903811319965135,"Raw_anova"
"3","exp_env_factor:gen_factor",1,2.89375055753038,2.89375055753038,4.73881965760419,0.0448075093661398,"Raw_anova"
"4","Residuals                ",16,9.77036736272298,0.610647960170186,NA,NA,"Raw_anova"
"5","exp_env_factor           ",1,13.5211490327142,13.5211490327142,3.71459363208165e+32,2.32684791562847e-252,"NoError_anova"
"6","gen_factor               ",1,1.12296614929686,1.12296614929686,3.08506540171166e+31,1.02788250758198e-243,"NoError_anova"
"7","exp_env_factor:gen_factor",1,4.35588481798891,4.35588481798891,1.19666915643298e+32,2.00569872291196e-248,"NoError_anova"
"8","Residuals                ",16,5.824012151827e-31,3.64000759489187e-32,NA,NA,"NoError_anova"
