"","Fixed_effect","Df","Sum Sq","Mean Sq","F value","Pr(>F)","data_class"
"1","exp_env_factor           ",9,433.625399503899,48.1805999448776,93.3266292112728,1.965794924148e-122,"Raw_anova"
"2","gen_factor               ",9,4.97286195476111,0.552540217195679,1.07027965682315,0.382240706761797,"Raw_anova"
"3","exp_env_factor:gen_factor",81,95.7697217540864,1.18234224387761,2.29021673290561,5.54675063180312e-09,"Raw_anova"
"4","Residuals                ",900,464.632016787253,0.516257796430282,NA,NA,"Raw_anova"
"5","exp_env_factor           ",9,869.867262796446,96.651918088494,4.9921437161118e+29,0,"NoError_anova"
"6","gen_factor               ",9,13.2907534968504,1.47675038853893,7.62752599038997e+27,0,"NoError_anova"
"7","exp_env_factor:gen_factor",81,115.841983706704,1.43014794699634,7.3868209011342e+27,0,"NoError_anova"
"8","Residuals                ",900,1.74247239715677e-25,1.93608044128531e-28,NA,NA,"NoError_anova"
