"","Fixed_effect","Df","Sum Sq","Mean Sq","F value","Pr(>F)","data_class"
"1","exp_env_factor           ",4,76.0964468805047,19.0241117201262,28.1533659976021,2.74282289834655e-20,"Raw_anova"
"2","gen_factor               ",4,5.77349424743473,1.44337356185868,2.13601690087218,0.0759404322471408,"Raw_anova"
"3","exp_env_factor:gen_factor",16,55.6240900081148,3.47650562550718,5.1448044832538,1.12115257901217e-09,"Raw_anova"
"4","Residuals                ",350,236.505968863946,0.675731339611274,NA,NA,"Raw_anova"
"5","exp_env_factor           ",4,169.161569311786,42.2903923279466,4.14084554130956e+30,0,"NoError_anova"
"6","gen_factor               ",4,33.7084789662373,8.42711974155931,8.25137798139031e+29,0,"NoError_anova"
"7","exp_env_factor:gen_factor",16,171.129951721976,10.6956219826235,1.04725721754564e+30,0,"NoError_anova"
"8","Residuals                ",350,3.57454465932585e-27,1.0212984740931e-29,NA,NA,"NoError_anova"
