"","Fixed_effect","Df","Sum Sq","Mean Sq","F value","Pr(>F)","data_class"
"1","exp_env_factor           ",6,10.9736362516172,1.82893937526953,10.3030139004969,6.06934602267052e-11,"Raw_anova"
"2","gen_factor               ",6,362.907165551246,60.4845275918743,340.729133491497,5.72539394589246e-202,"Raw_anova"
"3","exp_env_factor:gen_factor",36,238.343917337389,6.62066437048302,37.2963685740313,1.54570093381525e-136,"Raw_anova"
"4","Residuals                ",686,121.775280859748,0.177514986676018,NA,NA,"Raw_anova"
"5","exp_env_factor           ",6,14.2666536201325,2.37777560335542,9.61455737663644e+27,0,"NoError_anova"
"6","gen_factor               ",6,442.369375874344,73.7282293123907,2.981207688402e+29,0,"NoError_anova"
"7","exp_env_factor:gen_factor",36,277.363970505522,7.70455473626449,3.1153437468497e+28,0,"NoError_anova"
"8","Residuals                ",686,1.6965461851271e-25,2.47309939522901e-28,NA,NA,"NoError_anova"
