"","Fixed_effect","Df","Sum Sq","Mean Sq","F value","Pr(>F)","data_class"
"1","exp_env_factor           ",4,59.4392145817912,14.8598036454478,114.373569387684,2.90499917289318e-62,"Raw_anova"
"2","gen_factor               ",4,7.64247464325095,1.91061866081274,14.7057310574095,4.08511494254567e-11,"Raw_anova"
"3","exp_env_factor:gen_factor",16,261.445118815043,16.3403199259402,125.768870131672,2.89120504103207e-134,"Raw_anova"
"4","Residuals                ",350,45.4731919599144,0.129923405599756,NA,NA,"Raw_anova"
"5","exp_env_factor           ",4,62.9406441780017,15.7351610445004,4.43735262672613e+29,0,"NoError_anova"
"6","gen_factor               ",4,10.2386114539651,2.55965286349127,7.21828160842994e+28,0,"NoError_anova"
"7","exp_env_factor:gen_factor",16,300.820744368034,18.8012965230021,5.30201008278584e+29,0,"NoError_anova"
"8","Residuals                ",350,1.24112434346657e-26,3.54606955276164e-29,NA,NA,"NoError_anova"
