"","Fixed_effect","Df","Sum Sq","Mean Sq","F value","Pr(>F)","data_class"
"1","exp_env_factor           ",4,5.44674255309546,1.36168563827387,2.97424890867134,0.0202017867011836,"Raw_anova"
"2","gen_factor               ",4,120.860499542253,30.2151248855632,65.9970992498493,7.3278603473322e-37,"Raw_anova"
"3","exp_env_factor:gen_factor",16,19.6821229445516,1.23013268403447,2.68690561916217,0.000649051170541297,"Raw_anova"
"4","Residuals                ",225,103.0106349601,0.457825044267112,NA,NA,"Raw_anova"
"5","exp_env_factor           ",4,4.71075479615678,1.1776886990392,1.30042630772049e+29,0,"NoError_anova"
"6","gen_factor               ",4,232.026124005478,58.0065310013694,6.405191711131e+30,0,"NoError_anova"
"7","exp_env_factor:gen_factor",16,12.2631211983653,0.76644507489783,8.4632325981653e+28,0,"NoError_anova"
"8","Residuals                ",225,2.03763916271657e-27,9.05617405651811e-30,NA,NA,"NoError_anova"
