"","Fixed_effect","Df","Sum Sq","Mean Sq","F value","Pr(>F)","data_class"
"1","exp_env_factor           ",9,66.3934336747284,7.37704818608093,155.421110325419,1.09829972943302e-124,"Raw_anova"
"2","gen_factor               ",9,12.2824414709477,1.36471571899419,28.752100701312,1.82687923628223e-38,"Raw_anova"
"3","exp_env_factor:gen_factor",81,401.338162984318,4.95479213560887,104.388540744654,3.92360657327959e-225,"Raw_anova"
"4","Residuals                ",400,18.9859618700058,0.0474649046750146,NA,NA,"Raw_anova"
"5","exp_env_factor           ",9,71.6874196944756,7.96526885494174,7.09037323458241e+28,0,"NoError_anova"
"6","gen_factor               ",9,10.6323094585194,1.18136771761326,1.05160769808392e+28,0,"NoError_anova"
"7","exp_env_factor:gen_factor",81,416.680270847005,5.14420087465438,4.57916799284632e+28,0,"NoError_anova"
"8","Residuals                ",400,4.49356816145708e-26,1.12339204036427e-28,NA,NA,"NoError_anova"
