"","Fixed_effect","Df","Sum Sq","Mean Sq","F value","Pr(>F)","data_class"
"1","exp_env_factor           ",2,5.31280718828183,2.65640359414091,6.61310887405864,0.0035802106659136,"Raw_anova"
"2","gen_factor               ",2,8.96596914604609,4.48298457302304,11.1603768070169,0.000169288993658013,"Raw_anova"
"3","exp_env_factor:gen_factor",4,15.2604713613808,3.81511784034519,9.4977245555661,2.39126350098758e-05,"Raw_anova"
"4","Residuals                ",36,14.4607523042913,0.401687564008092,NA,NA,"Raw_anova"
"5","exp_env_factor           ",2,11.6250077443714,5.81250387218568,4.06953142627825e+30,0,"NoError_anova"
"6","gen_factor               ",2,13.651078455749,6.82553922787449,4.77879189415238e+30,0,"NoError_anova"
"7","exp_env_factor:gen_factor",4,18.7239137998796,4.68097844996991,3.27731203742332e+30,0,"NoError_anova"
"8","Residuals                ",36,5.14187304335556e-29,1.42829806759877e-30,NA,NA,"NoError_anova"
