"","Fixed_effect","Df","Sum Sq","Mean Sq","F value","Pr(>F)","data_class"
"1","exp_env_factor           ",1,0.705693735464397,0.705693735464397,0.906734379364068,0.345074444305496,"Raw_anova"
"2","gen_factor               ",1,13.5404752748967,13.5404752748967,17.3979359992454,0.000106442381257384,"Raw_anova"
"3","exp_env_factor:gen_factor",1,1.17011994327651,1.17011994327651,1.50346804460457,0.225269662933081,"Raw_anova"
"4","Residuals                ",56,43.5837110463623,0.778280554399327,NA,NA,"Raw_anova"
"5","exp_env_factor           ",1,11.5886142566338,11.5886142566338,4.07475517584127e+31,0,"NoError_anova"
"6","gen_factor               ",1,47.3930403368913,47.3930403368913,1.66642043763822e+32,0,"NoError_anova"
"7","exp_env_factor:gen_factor",1,0.0183454064748973,0.0183454064748973,6.45055899964122e+28,0,"NoError_anova"
"8","Residuals                ",56,1.5926414480534e-29,2.84400258580963e-31,NA,NA,"NoError_anova"
