"","Fixed_effect","Df","Sum Sq","Mean Sq","F value","Pr(>F)","data_class"
"1","exp_env_factor           ",1,1.16675406526747,1.16675406526747,1.17678002195156,0.285223946684878,"Raw_anova"
"2","gen_factor               ",1,2.06895602635829,2.06895602635829,2.08673463465207,0.157231459637627,"Raw_anova"
"3","exp_env_factor:gen_factor",1,0.0710035115069011,0.0710035115069011,0.0716136470547241,0.790528922561005,"Raw_anova"
"4","Residuals                ",36,35.6932863968673,0.991480177690759,NA,NA,"Raw_anova"
"5","exp_env_factor           ",1,31.2528329519908,31.2528329519908,3.73100827000925e+31,0,"NoError_anova"
"6","gen_factor               ",1,2.40671044215626,2.40671044215626,2.87316563493507e+30,0,"NoError_anova"
"7","exp_env_factor:gen_factor",1,5.3404566058529,5.3404566058529,6.37551411504711e+30,0,"NoError_anova"
"8","Residuals                ",36,3.01554406972376e-29,8.37651130478822e-31,NA,NA,"NoError_anova"
