"","Fixed_effect","Df","Sum Sq","Mean Sq","F value","Pr(>F)","data_class"
"1","exp_env_factor           ",6,21.6054809487466,3.60091349145777,6.96512875497928,3.34045657979316e-07,"Raw_anova"
"2","gen_factor               ",6,223.98831429152,37.3313857152533,72.2088738664116,1.07081885358662e-69,"Raw_anova"
"3","exp_env_factor:gen_factor",36,133.749924590599,3.7152756830722,7.18633578791293,3.7122832874838e-29,"Raw_anova"
"4","Residuals                ",686,354.656280169135,0.516991662054132,NA,NA,"Raw_anova"
"5","exp_env_factor           ",6,92.655457422689,15.4425762371148,1.70950018910696e+29,0,"NoError_anova"
"6","gen_factor               ",6,457.291410602791,76.2152351004651,8.43706107171008e+29,0,"NoError_anova"
"7","exp_env_factor:gen_factor",36,184.053131974524,5.11258699929233,5.65965698204573e+28,0,"NoError_anova"
"8","Residuals                ",686,6.19690326223061e-26,9.03338667963645e-29,NA,NA,"NoError_anova"
