"","row","aov_coefs"
"(Intercept)",10291,0.776792323281653
"exp_env_factorE_2",10291,-1.03335280020278
"gen_factorG_2",10291,-1.02366061320983
"exp_env_factorE_2:gen_factorG_2",10291,1.00685753369859
