"","Fixed_effect","Df","Sum Sq","Mean Sq","F value","Pr(>F)","data_class"
"1","exp_env_factor           ",1,6.74559146196682,6.74559146196682,19.8070185803214,4.12698919189255e-05,"Raw_anova"
"2","gen_factor               ",1,18.4769181169857,18.4769181169857,54.2536058570475,8.60464118772291e-10,"Raw_anova"
"3","exp_env_factor:gen_factor",1,14.7058103325841,14.7058103325841,43.1805365235158,1.7642659555349e-08,"Raw_anova"
"4","Residuals                ",56,19.0716800884635,0.340565715865419,NA,NA,"Raw_anova"
"5","exp_env_factor           ",1,9.1860883951244,9.1860883951244,3.73499066374613e+30,0,"NoError_anova"
"6","gen_factor               ",1,14.4372530025252,14.4372530025252,5.87007253306996e+30,0,"NoError_anova"
"7","exp_env_factor:gen_factor",1,35.3766586023503,35.3766586023503,1.438386872746e+31,0,"NoError_anova"
"8","Residuals                ",56,1.37730183670931e-28,2.45946756555234e-30,NA,NA,"NoError_anova"
