"","Fixed_effect","Df","Sum Sq","Mean Sq","F value","Pr(>F)","data_class"
"1","exp_env_factor           ",2,23.0950646490611,11.5475323245305,16.4863995602587,4.3652247539696e-07,"Raw_anova"
"2","gen_factor               ",2,8.4376991589568,4.2188495794784,6.02324703643883,0.00317501155528495,"Raw_anova"
"3","exp_env_factor:gen_factor",4,14.2133352979279,3.55333382448196,5.0730909041879,0.000799622800041991,"Raw_anova"
"4","Residuals                ",126,88.2539008940543,0.700427784873447,NA,NA,"Raw_anova"
"5","exp_env_factor           ",2,74.3286727404653,37.1643363702326,8.8228089497347e+30,0,"NoError_anova"
"6","gen_factor               ",2,26.271482224161,13.1357411120805,3.11842334787091e+30,0,"NoError_anova"
"7","exp_env_factor:gen_factor",4,33.3998450353736,8.3499612588434,1.98227979077998e+30,0,"NoError_anova"
"8","Residuals                ",126,5.30750060363726e-28,4.21230206637878e-30,NA,NA,"NoError_anova"
