"","Fixed_effect","Df","Sum Sq","Mean Sq","F value","Pr(>F)","data_class"
"1","exp_env_factor           ",4,94.8704605938759,23.717615148469,47.8315493291356,4.51745321047182e-32,"Raw_anova"
"2","gen_factor               ",4,30.2083786140963,7.55209465352406,15.2303840709573,1.71622553149208e-11,"Raw_anova"
"3","exp_env_factor:gen_factor",16,75.3711625504352,4.7106976594022,9.50011061651302,1.16125372014468e-19,"Raw_anova"
"4","Residuals                ",350,173.549998241593,0.495857137833122,NA,NA,"Raw_anova"
"5","exp_env_factor           ",4,161.531130889937,40.3827827224841,4.26845411757424e+30,0,"NoError_anova"
"6","gen_factor               ",4,68.3496662724338,17.0874165681085,1.8061373855804e+30,0,"NoError_anova"
"7","exp_env_factor:gen_factor",16,144.11920283763,9.00745017735187,9.5208614182389e+29,0,"NoError_anova"
"8","Residuals                ",350,3.31126294521394e-27,9.46075127203984e-30,NA,NA,"NoError_anova"
