"","row","aov_coefs"
"(Intercept)",24214,0.319005474574237
"exp_env_factorE_2",24214,-0.689484548440817
"gen_factorG_2",24214,-0.83538640519262
"exp_env_factorE_2:gen_factorG_2",24214,1.77372000896993
