"","Fixed_effect","Df","Sum Sq","Mean Sq","F value","Pr(>F)","data_class"
"1","exp_env_factor           ",9,87.6589327254176,9.73988141393529,87.2326598291676,3.15766724861636e-116,"Raw_anova"
"2","gen_factor               ",9,399.169088714975,44.3521209683305,397.227986328148,2.73978763595295e-306,"Raw_anova"
"3","exp_env_factor:gen_factor",81,411.683316518252,5.08251008047224,45.5201510250232,2.63604902611948e-264,"Raw_anova"
"4","Residuals                ",900,100.488662041356,0.11165406893484,NA,NA,"Raw_anova"
"5","exp_env_factor           ",9,98.054090540805,10.8948989489783,4.29233631675892e+28,0,"NoError_anova"
"6","gen_factor               ",9,444.880265655086,49.4311406283429,1.94747175803545e+29,0,"NoError_anova"
"7","exp_env_factor:gen_factor",81,456.065643804107,5.63044004696428,2.21826217995211e+28,0,"NoError_anova"
"8","Residuals                ",900,2.28439906160112e-25,2.5382211795568e-28,NA,NA,"NoError_anova"
