"","Fixed_effect","Df","Sum Sq","Mean Sq","F value","Pr(>F)","data_class"
"1","exp_env_factor           ",6,41.5183637631396,6.9197272938566,118.109911483062,1.64833914792783e-88,"Raw_anova"
"2","gen_factor               ",6,77.3802373129466,12.8967062188244,220.128448021464,3.23303079561537e-129,"Raw_anova"
"3","exp_env_factor:gen_factor",36,344.264450116883,9.56290139213565,163.2251372029,1.35908554543967e-230,"Raw_anova"
"4","Residuals                ",441,25.8369488070303,0.05858718550347,NA,NA,"Raw_anova"
"5","exp_env_factor           ",6,42.9057340580538,7.1509556763423,7.13476098810162e+28,0,"NoError_anova"
"6","gen_factor               ",6,91.8178541307589,15.3029756884598,1.52683192129276e+29,0,"NoError_anova"
"7","exp_env_factor:gen_factor",36,354.276411811188,9.84101143919966,9.81872461217344e+28,0,"NoError_anova"
"8","Residuals                ",441,4.42000994641033e-26,1.00226982911799e-28,NA,NA,"NoError_anova"
