"","Fixed_effect","Df","Sum Sq","Mean Sq","F value","Pr(>F)","data_class"
"1","exp_env_factor           ",6,220.349271158298,36.724878526383,74.8229837182402,9.44877443967851e-72,"Raw_anova"
"2","gen_factor               ",6,126.005494061832,21.000915676972,42.7871033157361,1.97578227516573e-44,"Raw_anova"
"3","exp_env_factor:gen_factor",36,50.9403158211625,1.41500877281007,2.88292793924626,8.62289679216379e-08,"Raw_anova"
"4","Residuals                ",686,336.704918958708,0.490823497024355,NA,NA,"Raw_anova"
"5","exp_env_factor           ",6,388.549762827048,64.7582938045081,1.17143782760627e+30,0,"NoError_anova"
"6","gen_factor               ",6,245.860168026284,40.9766946710473,7.41243281252037e+29,0,"NoError_anova"
"7","exp_env_factor:gen_factor",36,99.5900691466666,2.76639080962963,5.00423135008057e+28,0,"NoError_anova"
"8","Residuals                ",686,3.79227889888698e-26,5.5281033511472e-29,NA,NA,"NoError_anova"
