"","Fixed_effect","Df","Sum Sq","Mean Sq","F value","Pr(>F)","data_class"
"1","exp_env_factor           ",1,19.378465606607,19.378465606607,41.4845080320482,2.89004222459558e-08,"Raw_anova"
"2","gen_factor               ",1,2.24477581760118,2.24477581760118,4.80551052523342,0.0325420335538716,"Raw_anova"
"3","exp_env_factor:gen_factor",1,11.2177386078643,11.2177386078643,24.0144073749937,8.5464460443365e-06,"Raw_anova"
"4","Residuals                ",56,26.1590199679274,0.467125356570133,NA,NA,"Raw_anova"
"5","exp_env_factor           ",1,26.3976632317621,26.3976632317621,2.83228742630092e+31,0,"NoError_anova"
"6","gen_factor               ",1,25.7113028864024,25.7113028864024,2.75864568918933e+31,0,"NoError_anova"
"7","exp_env_factor:gen_factor",1,6.89103388183542,6.89103388183542,7.39360467113334e+30,0,"NoError_anova"
"8","Residuals                ",56,5.21934718648719e-29,9.32026283301283e-31,NA,NA,"NoError_anova"
