"","Fixed_effect","Df","Sum Sq","Mean Sq","F value","Pr(>F)","data_class"
"1","exp_env_factor           ",6,33.6460536008868,5.6076756001478,56.435664422477,1.13174238401762e-56,"Raw_anova"
"2","gen_factor               ",6,172.954466542255,28.8257444237092,290.102380205742,1.9483230116114e-184,"Raw_anova"
"3","exp_env_factor:gen_factor",36,459.235748622938,12.7565485728594,128.381943924849,8.62490084986191e-278,"Raw_anova"
"4","Residuals                ",686,68.1637312339194,0.099364039699591,NA,NA,"Raw_anova"
"5","exp_env_factor           ",6,40.0250762845282,6.67084604742137,5.43527832219152e+28,0,"NoError_anova"
"6","gen_factor               ",6,176.708107637923,29.4513512729872,2.39964001560481e+29,0,"NoError_anova"
"7","exp_env_factor:gen_factor",36,517.26681607755,14.3685226688208,1.17071986414599e+29,0,"NoError_anova"
"8","Residuals                ",686,8.41944076690064e-26,1.22732372695345e-28,NA,NA,"NoError_anova"
