"","Fixed_effect","Df","Sum Sq","Mean Sq","F value","Pr(>F)","data_class"
"1","exp_env_factor           ",6,13.259578678921,2.20992977982017,9.22824870254966,6.63752891768063e-09,"Raw_anova"
"2","gen_factor               ",6,15.2964696737411,2.54941161229018,10.6458606143116,3.13894780284565e-10,"Raw_anova"
"3","exp_env_factor:gen_factor",36,168.506959504389,4.68074887512191,19.5459218334618,1.94745665566849e-47,"Raw_anova"
"4","Residuals                ",196,46.9369921429491,0.239474449708924,NA,NA,"Raw_anova"
"5","exp_env_factor           ",6,18.5727523835303,3.09545873058839,3.66127164318335e+28,0,"NoError_anova"
"6","gen_factor               ",6,26.3936363961747,4.39893939936245,5.20301302156477e+28,0,"NoError_anova"
"7","exp_env_factor:gen_factor",36,199.033611220295,5.52871142278597,6.53929388738532e+28,0,"NoError_anova"
"8","Residuals                ",196,1.65710160382367e-26,8.4546000195085e-29,NA,NA,"NoError_anova"
