"","Fixed_effect","Df","Sum Sq","Mean Sq","F value","Pr(>F)","data_class"
"1","exp_env_factor           ",9,146.683968866699,16.2982187629665,88.2364487816177,2.90826987930892e-117,"Raw_anova"
"2","gen_factor               ",9,160.846100576085,17.8717889528983,96.7555543039765,7.68488271424089e-126,"Raw_anova"
"3","exp_env_factor:gen_factor",81,525.230274618958,6.48432437801183,35.105293663373,1.47998026012172e-225,"Raw_anova"
"4","Residuals                ",900,166.239655938258,0.184710728820287,NA,NA,"Raw_anova"
"5","exp_env_factor           ",9,185.887606920731,20.6541785467479,1.02849346974022e+29,0,"NoError_anova"
"6","gen_factor               ",9,195.222875386778,21.6914305985309,1.08014437221106e+29,0,"NoError_anova"
"7","exp_env_factor:gen_factor",81,617.889517692491,7.62826565052459,3.79856375757123e+28,0,"NoError_anova"
"8","Residuals                ",900,1.80737760996852e-25,2.00819734440947e-28,NA,NA,"NoError_anova"
