"","Fixed_effect","Df","Sum Sq","Mean Sq","F value","Pr(>F)","data_class"
"1","exp_env_factor           ",9,98.5876391128562,10.9541821236507,128.232631517542,1.21478624458797e-154,"Raw_anova"
"2","gen_factor               ",9,45.0753298649467,5.00836998499407,58.6293395106732,3.53524886132377e-84,"Raw_anova"
"3","exp_env_factor:gen_factor",81,778.455165660672,9.61055760074903,112.503797872246,0,"Raw_anova"
"4","Residuals                ",900,76.8818653615241,0.0854242948461379,NA,NA,"Raw_anova"
"5","exp_env_factor           ",9,101.167189616206,11.2407988462451,2.52436390802054e+28,0,"NoError_anova"
"6","gen_factor               ",9,56.5138894231804,6.27932104702004,1.41015702129267e+28,0,"NoError_anova"
"7","exp_env_factor:gen_factor",81,841.318920960612,10.3866533451927,2.33254710704869e+28,0,"NoError_anova"
"8","Residuals                ",900,4.00763096377557e-25,4.45292329308397e-28,NA,NA,"NoError_anova"
