"","Fixed_effect","Df","Sum Sq","Mean Sq","F value","Pr(>F)","data_class"
"1","exp_env_factor           ",1,1.70639799591151,1.70639799591151,2.61712630620601,0.125257504883544,"Raw_anova"
"2","gen_factor               ",1,1.12095976557644,1.12095976557644,1.71923156128739,0.208298495414613,"Raw_anova"
"3","exp_env_factor:gen_factor",1,5.74044877889878,5.74044877889878,8.80420602033059,0.00907973090227646,"Raw_anova"
"4","Residuals                ",16,10.4321934596133,0.652012091225829,NA,NA,"Raw_anova"
"5","exp_env_factor           ",1,0.0093020770994503,0.0093020770994503,1.28455174737565e+29,1.13774685478291e-224,"NoError_anova"
"6","gen_factor               ",1,5.47855176333577,5.47855176333577,7.56549657183211e+31,7.85884941081967e-247,"NoError_anova"
"7","exp_env_factor:gen_factor",1,13.5121461595648,13.5121461595648,1.86593282064818e+32,5.73971657387423e-250,"NoError_anova"
"8","Residuals                ",16,1.15863945454336e-30,7.24149659089601e-32,NA,NA,"NoError_anova"
