"","Fixed_effect","Df","Sum Sq","Mean Sq","F value","Pr(>F)","data_class"
"1","exp_env_factor           ",2,3.79693433131904,1.89846716565952,1.99239938682867,0.140641235271456,"Raw_anova"
"2","gen_factor               ",2,1.90500879767996,0.952504398839979,0.999632342622636,0.370914175795985,"Raw_anova"
"3","exp_env_factor:gen_factor",4,8.23836178454101,2.05959044613525,2.16149471332706,0.0771003580087773,"Raw_anova"
"4","Residuals                ",126,120.05969508646,0.952854722908413,NA,NA,"Raw_anova"
"5","exp_env_factor           ",2,87.8253454553927,43.9126727276964,5.18949344019917e+30,0,"NoError_anova"
"6","gen_factor               ",2,7.49323038782041,3.7466151939102,4.42765920724396e+29,0,"NoError_anova"
"7","exp_env_factor:gen_factor",4,38.681424156787,9.67035603919676,1.14281928456043e+30,0,"NoError_anova"
"8","Residuals                ",126,1.06619207201029e-27,8.46184184135147e-30,NA,NA,"NoError_anova"
