"","Fixed_effect","Df","Sum Sq","Mean Sq","F value","Pr(>F)","data_class"
"1","exp_env_factor           ",2,15.210447512941,7.60522375647048,19.8217564852871,1.56875310332889e-06,"Raw_anova"
"2","gen_factor               ",2,9.44828757787464,4.72414378893732,12.3126985851176,8.42679195198532e-05,"Raw_anova"
"3","exp_env_factor:gen_factor",4,5.5287627005048,1.3821906751262,3.60245113830826,0.0143457065832825,"Raw_anova"
"4","Residuals                ",36,13.8125022086796,0.383680616907767,NA,NA,"Raw_anova"
"5","exp_env_factor           ",2,19.042208841478,9.52110442073898,5.41445719037975e+30,0,"NoError_anova"
"6","gen_factor               ",2,16.2503799860373,8.12518999301866,4.62062922921781e+30,0,"NoError_anova"
"7","exp_env_factor:gen_factor",4,8.70741117248475,2.17685279312119,1.23793162402881e+30,0,"NoError_anova"
"8","Residuals                ",36,6.33045469000307e-29,1.75845963611196e-30,NA,NA,"NoError_anova"
