"","row","aov_coefs"
"(Intercept)",16023,-0.723686726263886
"exp_env_factorE_2",16023,1.68802842407317
"gen_factorG_2",16023,0.745178728965138
"exp_env_factorE_2:gen_factorG_2",16023,-1.97166740102108
