"","Fixed_effect","Df","Sum Sq","Mean Sq","F value","Pr(>F)","data_class"
"1","exp_env_factor           ",1,0.251825634443132,0.251825634443132,0.218036338379568,0.646835624047055,"Raw_anova"
"2","gen_factor               ",1,0.238169483165939,0.238169483165939,0.206212533279579,0.655851754659747,"Raw_anova"
"3","exp_env_factor:gen_factor",1,0.0304698606833478,0.0304698606833478,0.0263814955495842,0.87300570970001,"Raw_anova"
"4","Residuals                ",16,18.4795350217076,1.15497093885672,NA,NA,"Raw_anova"
"5","exp_env_factor           ",1,8.1181597313985,8.1181597313985,7.87517893889293e+31,5.70131495294572e-247,"NoError_anova"
"6","gen_factor               ",1,8.17927698586959,8.17927698586959,7.93446692177803e+31,5.36928486685264e-247,"NoError_anova"
"7","exp_env_factor:gen_factor",1,2.70256328273192,2.70256328273192,2.62167414160122e+31,3.779451646924e-243,"NoError_anova"
"8","Residuals                ",16,1.64936640437323e-30,1.03085400273327e-31,NA,NA,"NoError_anova"
