"","Fixed_effect","Df","Sum Sq","Mean Sq","F value","Pr(>F)","data_class"
"1","exp_env_factor           ",1,0.343279260388315,0.343279260388315,0.339891481870789,0.562232360555418,"Raw_anova"
"2","gen_factor               ",1,0.81124783163453,0.81124783163453,0.803241731955535,0.373962515831818,"Raw_anova"
"3","exp_env_factor:gen_factor",1,1.28730770790437,1.28730770790437,1.2746034350236,0.263718069138223,"Raw_anova"
"4","Residuals                ",56,56.5581652000728,1.00996723571559,NA,NA,"Raw_anova"
"5","exp_env_factor           ",1,14.9340128474616,14.9340128474616,1.36799434435293e+31,0,"NoError_anova"
"6","gen_factor               ",1,17.0195524020035,17.0195524020035,1.55903518144599e+31,0,"NoError_anova"
"7","exp_env_factor:gen_factor",1,27.046434750535,27.046434750535,2.47752363357122e+31,0,"NoError_anova"
"8","Residuals                ",56,6.11336386667175e-29,1.09167211904853e-30,NA,NA,"NoError_anova"
