"","Fixed_effect","Df","Sum Sq","Mean Sq","F value","Pr(>F)","data_class"
"1","exp_env_factor           ",4,8.16123988355794,2.04030997088948,2.15746524515961,0.074708224869006,"Raw_anova"
"2","gen_factor               ",4,1.66984861857828,0.417462154644571,0.441432969825884,0.778580844755419,"Raw_anova"
"3","exp_env_factor:gen_factor",16,26.3869237091464,1.64918273182165,1.74387935048489,0.0402984008869347,"Raw_anova"
"4","Residuals                ",225,212.781987788717,0.945697723505411,NA,NA,"Raw_anova"
"5","exp_env_factor           ",4,53.0825242166922,13.270631054173,1.20881758524472e+30,0,"NoError_anova"
"6","gen_factor               ",4,86.250606842931,21.5626517107327,1.96413512409754e+30,0,"NoError_anova"
"7","exp_env_factor:gen_factor",16,109.666868940377,6.85417930877356,6.2434502526996e+29,0,"NoError_anova"
"8","Residuals                ",225,2.47009310886593e-27,1.09781915949597e-29,NA,NA,"NoError_anova"
