"","Fixed_effect","Df","Sum Sq","Mean Sq","F value","Pr(>F)","data_class"
"1","exp_env_factor           ",6,75.3386662360346,12.5564443726724,314.360035942384,8.38703786005549e-156,"Raw_anova"
"2","gen_factor               ",6,33.9472014558071,5.65786690930118,141.648956677263,1.5066474381308e-99,"Raw_anova"
"3","exp_env_factor:gen_factor",36,362.099323378173,10.0583145382826,251.817475228567,1.5043675507917e-269,"Raw_anova"
"4","Residuals                ",441,17.6148089299857,0.0399428773922579,NA,NA,"Raw_anova"
"5","exp_env_factor           ",6,84.4005189128458,14.066753152141,2.23874804513902e+29,0,"NoError_anova"
"6","gen_factor               ",6,35.7320378634354,5.95533964390591,9.47802583988902e+28,0,"NoError_anova"
"7","exp_env_factor:gen_factor",36,368.86744322372,10.2463178673255,1.63071917501138e+29,0,"NoError_anova"
"8","Residuals                ",441,2.7709407289327e-26,6.28331231050499e-29,NA,NA,"NoError_anova"
