"","Fixed_effect","Df","Sum Sq","Mean Sq","F value","Pr(>F)","data_class"
"1","exp_env_factor           ",6,95.7540257293197,15.95900428822,89.7516771990179,5.63779949075381e-83,"Raw_anova"
"2","gen_factor               ",6,74.258187940715,12.3763646567858,69.6033076695835,1.27497279721438e-67,"Raw_anova"
"3","exp_env_factor:gen_factor",36,442.008150033668,12.2780041676019,69.0501391438446,7.19745201457459e-202,"Raw_anova"
"4","Residuals                ",686,121.979636296297,0.177812880898393,NA,NA,"Raw_anova"
"5","exp_env_factor           ",6,121.560445067516,20.2600741779194,6.52081957728467e+28,0,"NoError_anova"
"6","gen_factor               ",6,85.5403827808289,14.2567304634715,4.58860941464838e+28,0,"NoError_anova"
"7","exp_env_factor:gen_factor",36,526.899172151655,14.6360881153237,4.71070782264369e+28,0,"NoError_anova"
"8","Residuals                ",686,2.13139019126797e-25,3.10698278610492e-28,NA,NA,"NoError_anova"
