"","Fixed_effect","Df","Sum Sq","Mean Sq","F value","Pr(>F)","data_class"
"1","exp_env_factor           ",4,42.8683970305958,10.7170992576489,24.152503494236,1.15846528358888e-17,"Raw_anova"
"2","gen_factor               ",4,170.527638050336,42.6319095125839,96.0770558072185,4.46421047856477e-55,"Raw_anova"
"3","exp_env_factor:gen_factor",16,5.29978533071634,0.331236583169772,0.746488629067876,0.745507012070039,"Raw_anova"
"4","Residuals                ",350,155.304179588352,0.443726227395291,NA,NA,"Raw_anova"
"5","exp_env_factor           ",4,64.8865973701766,16.2216493425441,1.50061008207569e+30,0,"NoError_anova"
"6","gen_factor               ",4,306.270223049881,76.5675557624703,7.08300640155713e+30,0,"NoError_anova"
"7","exp_env_factor:gen_factor",16,2.84317957994173,0.177698723746358,1.64383097424263e+28,0,"NoError_anova"
"8","Residuals                ",350,3.78351267774842e-27,1.08100362221383e-29,NA,NA,"NoError_anova"
