"","Fixed_effect","Df","Sum Sq","Mean Sq","F value","Pr(>F)","data_class"
"1","exp_env_factor           ",4,47.6468485880721,11.911712147018,31.3245936316883,6.63129343244668e-17,"Raw_anova"
"2","gen_factor               ",4,35.4058640009698,8.85146600024245,23.2769707729809,1.28767845479745e-13,"Raw_anova"
"3","exp_env_factor:gen_factor",16,2.92057815153448,0.182536134470905,0.480020853830968,0.951581366091962,"Raw_anova"
"4","Residuals                ",100,38.0267092594236,0.380267092594236,NA,NA,"Raw_anova"
"5","exp_env_factor           ",4,62.1928648388815,15.5482162097204,9.99996585657666e+30,0,"NoError_anova"
"6","gen_factor               ",4,60.2417099087349,15.0604274771837,9.68624043593711e+30,0,"NoError_anova"
"7","exp_env_factor:gen_factor",16,1.56542525238355,0.0978390782739721,6.29260250167468e+28,0,"NoError_anova"
"8","Residuals                ",100,1.55482692968345e-28,1.55482692968345e-30,NA,NA,"NoError_anova"
