"","Fixed_effect","Df","Sum Sq","Mean Sq","F value","Pr(>F)","data_class"
"1","exp_env_factor           ",1,3.9479542557225,3.9479542557225,6.11065523599872,0.025045397955623,"Raw_anova"
"2","gen_factor               ",1,0.0247525729935355,0.0247525729935355,0.0383121054526271,0.847281989429231,"Raw_anova"
"3","exp_env_factor:gen_factor",1,4.69005998564574,4.69005998564574,7.259288672581,0.015956947374467,"Raw_anova"
"4","Residuals                ",16,10.3372331856382,0.646077074102389,NA,NA,"Raw_anova"
"5","exp_env_factor           ",1,2.25107485267013,2.25107485267013,1.82628888841342e+32,6.81557754468202e-250,"NoError_anova"
"6","gen_factor               ",1,8.56248710340714e-05,8.56248710340714e-05,6.94671482629154e+27,1.55533058186694e-214,"NoError_anova"
"7","exp_env_factor:gen_factor",1,16.7488395224588,16.7488395224588,1.35882729432136e+33,7.25678711795326e-257,"NoError_anova"
"8","Residuals                ",16,1.97215226305253e-31,1.23259516440783e-32,NA,NA,"NoError_anova"
