"","Fixed_effect","Df","Sum Sq","Mean Sq","F value","Pr(>F)","data_class"
"1","exp_env_factor           ",9,32.0283041030785,3.55870045589761,52.0064717851326,5.95366732900677e-62,"Raw_anova"
"2","gen_factor               ",9,55.5872548911712,6.17636165457458,90.2606954713161,1.22107485314443e-90,"Raw_anova"
"3","exp_env_factor:gen_factor",81,384.013228664328,4.7409040575843,69.2830700876141,7.03286035598109e-192,"Raw_anova"
"4","Residuals                ",400,27.3712123414222,0.0684280308535554,NA,NA,"Raw_anova"
"5","exp_env_factor           ",9,34.1700927974706,3.79667697749674,3.90621693351358e+27,0,"NoError_anova"
"6","gen_factor               ",9,58.6725124337609,6.51916804819566,6.70725604870199e+27,0,"NoError_anova"
"7","exp_env_factor:gen_factor",81,406.157394768769,5.01428882430578,5.15895875027677e+27,0,"NoError_anova"
"8","Residuals                ",400,3.88783013551855e-25,9.71957533879636e-28,NA,NA,"NoError_anova"
