"","Fixed_effect","Df","Sum Sq","Mean Sq","F value","Pr(>F)","data_class"
"1","exp_env_factor           ",1,0.0363224715798958,0.0363224715798958,0.0494239496502548,0.826881657700695,"Raw_anova"
"2","gen_factor               ",1,2.66022476763062,2.66022476763062,3.61976510008502,0.0752520292683033,"Raw_anova"
"3","exp_env_factor:gen_factor",1,4.54479022186112,4.54479022186112,6.18409137170503,0.0243117315031453,"Raw_anova"
"4","Residuals                ",16,11.7586625389284,0.734916408683022,NA,NA,"Raw_anova"
"5","exp_env_factor           ",1,9.74363824598776,9.74363824598776,1.1394563571023e+32,2.96808894892604e-248,"NoError_anova"
"6","gen_factor               ",1,4.99350486833027,4.99350486833027,5.83958550470937e+31,6.23738142426428e-246,"NoError_anova"
"7","exp_env_factor:gen_factor",1,4.26285688568199,4.26285688568199,4.98513928286265e+31,2.21126149131631e-245,"NoError_anova"
"8","Residuals                ",16,1.36818063249269e-30,8.55112895307933e-32,NA,NA,"NoError_anova"
