"","Fixed_effect","Df","Sum Sq","Mean Sq","F value","Pr(>F)","data_class"
"1","exp_env_factor           ",1,1.42564926591024,1.42564926591024,1.42822044725075,0.239868884847644,"Raw_anova"
"2","gen_factor               ",1,1.61477665445914,1.61477665445914,1.61768893008142,0.211569531211074,"Raw_anova"
"3","exp_env_factor:gen_factor",1,0.0243837723054495,0.0243837723054495,0.0244277488302948,0.876674640292773,"Raw_anova"
"4","Residuals                ",36,35.9351903073252,0.998199730759033,NA,NA,"Raw_anova"
"5","exp_env_factor           ",1,29.4229372277451,29.4229372277451,3.51470761970448e+31,0,"NoError_anova"
"6","gen_factor               ",1,1.85863776065453,1.85863776065453,2.22022983262287e+30,0,"NoError_anova"
"7","exp_env_factor:gen_factor",1,7.71842501160034,7.71842501160034,9.22002007835178e+30,0,"NoError_anova"
"8","Residuals                ",36,3.01369517697715e-29,8.37137549160319e-31,NA,NA,"NoError_anova"
