"","Fixed_effect","Df","Sum Sq","Mean Sq","F value","Pr(>F)","data_class"
"1","exp_env_factor           ",2,18.6478873303644,9.3239436651822,37.5958748585908,1.570014932834e-13,"Raw_anova"
"2","gen_factor               ",2,81.5530929289876,40.7765464644938,164.418618676271,7.55815029444043e-36,"Raw_anova"
"3","exp_env_factor:gen_factor",4,2.55046105617013,0.637615264042534,2.570983323761,0.0410485037713595,"Raw_anova"
"4","Residuals                ",126,31.2485586844778,0.248004434003792,NA,NA,"Raw_anova"
"5","exp_env_factor           ",2,21.051052207554,10.525526103777,6.36620349011501e+30,0,"NoError_anova"
"6","gen_factor               ",2,110.833766288652,55.416883144326,3.35180542432084e+31,0,"NoError_anova"
"7","exp_env_factor:gen_factor",4,2.11518150379414,0.528795375948536,3.19833795928949e+29,0,"NoError_anova"
"8","Residuals                ",126,2.08321378846146e-28,1.65334427655671e-30,NA,NA,"NoError_anova"
