"","Fixed_effect","Df","Sum Sq","Mean Sq","F value","Pr(>F)","data_class"
"1","exp_env_factor           ",4,100.523825507579,25.1309563768947,90.3229767868201,1.1345828585624e-45,"Raw_anova"
"2","gen_factor               ",4,34.9177639325895,8.72944098314738,31.37441661423,9.10351275075087e-21,"Raw_anova"
"3","exp_env_factor:gen_factor",16,50.9556777231249,3.18472985769531,11.4462130567133,1.83477487376201e-21,"Raw_anova"
"4","Residuals                ",225,62.6027328367063,0.278234368163139,NA,NA,"Raw_anova"
"5","exp_env_factor           ",4,139.866525111924,34.9666312779809,6.34282317454619e+30,0,"NoError_anova"
"6","gen_factor               ",4,49.9651300296766,12.4912825074192,2.26587444292222e+30,0,"NoError_anova"
"7","exp_env_factor:gen_factor",16,59.1683448583997,3.69802155364998,6.70808023340613e+29,0,"NoError_anova"
"8","Residuals                ",225,1.24037700895053e-27,5.51278670644679e-30,NA,NA,"NoError_anova"
