"","Fixed_effect","Df","Sum Sq","Mean Sq","F value","Pr(>F)","data_class"
"1","exp_env_factor           ",4,68.3344734446113,17.0836183611528,109.424942607036,2.19320343901788e-60,"Raw_anova"
"2","gen_factor               ",4,120.374207399973,30.0935518499932,192.756892270283,4.10337705180975e-87,"Raw_anova"
"3","exp_env_factor:gen_factor",16,130.648691213849,8.16554320086559,52.302391520393,1.60603846408444e-82,"Raw_anova"
"4","Residuals                ",350,54.6426279415661,0.15612179411876,NA,NA,"Raw_anova"
"5","exp_env_factor           ",4,78.7344719778264,19.6836179944566,8.21947652050749e+29,0,"NoError_anova"
"6","gen_factor               ",4,134.723334264518,33.6808335661295,1.40644276253424e+30,0,"NoError_anova"
"7","exp_env_factor:gen_factor",16,160.542193757656,10.0338871098535,4.18994615380617e+29,0,"NoError_anova"
"8","Residuals                ",350,8.38163632546571e-27,2.39475323584735e-29,NA,NA,"NoError_anova"
