"","Fixed_effect","Df","Sum Sq","Mean Sq","F value","Pr(>F)","data_class"
"1","exp_env_factor           ",6,32.7400335602865,5.45667226004775,30.6888600635784,7.61598260113402e-26,"Raw_anova"
"2","gen_factor               ",6,11.2374427801542,1.87290713002569,10.5334134223656,3.98790557646721e-10,"Raw_anova"
"3","exp_env_factor:gen_factor",36,165.172491408324,4.58812476134233,25.8040637305642,1.49096587428823e-56,"Raw_anova"
"4","Residuals                ",196,34.8500322512355,0.177806286996099,NA,NA,"Raw_anova"
"5","exp_env_factor           ",6,26.3530391969794,4.39217319949657,8.23202018909265e+28,0,"NoError_anova"
"6","gen_factor               ",6,12.5769023506939,2.09615039178232,3.92870489408395e+28,0,"NoError_anova"
"7","exp_env_factor:gen_factor",36,205.070058452327,5.69639051256463,1.06764463909945e+29,0,"NoError_anova"
"8","Residuals                ",196,1.04575295896622e-26,5.33547428043989e-29,NA,NA,"NoError_anova"
