"","Fixed_effect","Df","Sum Sq","Mean Sq","F value","Pr(>F)","data_class"
"1","exp_env_factor           ",6,91.8319455141498,15.3053242523583,83.2517699044081,3.43317930576552e-78,"Raw_anova"
"2","gen_factor               ",6,5.59331577210181,0.932219295350302,5.07071297525726,4.1877738411805e-05,"Raw_anova"
"3","exp_env_factor:gen_factor",36,510.457871178397,14.179385310511,77.1273384211197,9.10974241376966e-215,"Raw_anova"
"4","Residuals                ",686,126.116867535351,0.18384383022646,NA,NA,"Raw_anova"
"5","exp_env_factor           ",6,121.623031639976,20.2705052733294,8.35220679790073e+28,0,"NoError_anova"
"6","gen_factor               ",6,5.82338436368087,0.970564060613479,3.99908716410728e+27,0,"NoError_anova"
"7","exp_env_factor:gen_factor",36,606.553583996345,16.8487106665651,6.94229935897569e+28,0,"NoError_anova"
"8","Residuals                ",686,1.66489730845733e-25,2.42696400649757e-28,NA,NA,"NoError_anova"
