"","Fixed_effect","Df","Sum Sq","Mean Sq","F value","Pr(>F)","data_class"
"1","exp_env_factor           ",4,23.1968734065841,5.79921835164602,48.4483932530613,1.34624707706141e-22,"Raw_anova"
"2","gen_factor               ",4,31.5258166848315,7.88145417120789,65.8440099921879,3.57434961511193e-27,"Raw_anova"
"3","exp_env_factor:gen_factor",16,57.3074220294242,3.58171387683901,29.922701975136,5.40883180945774e-31,"Raw_anova"
"4","Residuals                ",100,11.9698878791601,0.119698878791601,NA,NA,"Raw_anova"
"5","exp_env_factor           ",4,26.0113750924368,6.50284377310919,5.18324417231978e+29,0,"NoError_anova"
"6","gen_factor               ",4,33.6126504726603,8.40316261816507,6.697937885233e+29,0,"NoError_anova"
"7","exp_env_factor:gen_factor",16,64.3759744349028,4.02349840218143,3.20702378422257e+29,0,"NoError_anova"
"8","Residuals                ",100,1.25458951130192e-27,1.25458951130192e-29,NA,NA,"NoError_anova"
