"","Fixed_effect","Df","Sum Sq","Mean Sq","F value","Pr(>F)","data_class"
"1","exp_env_factor           ",1,0.207224406381404,0.207224406381404,0.408272624805847,0.526892384235051,"Raw_anova"
"2","gen_factor               ",1,4.25976883346123,4.25976883346123,8.3925780417119,0.00637293298943302,"Raw_anova"
"3","exp_env_factor:gen_factor",1,16.2607098279832,16.2607098279832,32.0367798301614,1.97846720790697e-06,"Raw_anova"
"4","Residuals                ",36,18.2722969321741,0.507563803671504,NA,NA,"Raw_anova"
"5","exp_env_factor           ",1,0.0563655102965728,0.0563655102965728,5.01905136887094e+28,0,"NoError_anova"
"6","gen_factor               ",1,5.88378514467548,5.88378514467548,5.23920030691561e+30,0,"NoError_anova"
"7","exp_env_factor:gen_factor",1,33.0598493450279,33.0598493450279,2.94380519641846e+31,0,"NoError_anova"
"8","Residuals                ",36,4.04291213925768e-29,1.1230311497938e-30,NA,NA,"NoError_anova"
