"","row","aov_coefs"
"(Intercept)",16139,0.684859889294652
"exp_env_factorE_2",16139,-0.586352150924434
"gen_factorG_2",16139,-1.4078960225108
"exp_env_factorE_2:gen_factorG_2",16139,1.24905678969186
