"","Fixed_effect","Df","Sum Sq","Mean Sq","F value","Pr(>F)","data_class"
"1","exp_env_factor           ",2,39.9827476266975,19.9913738133488,32.2555365359857,4.87944333070089e-12,"Raw_anova"
"2","gen_factor               ",2,10.3179681845454,5.15898409227271,8.32388016104015,0.000402394497033368,"Raw_anova"
"3","exp_env_factor:gen_factor",4,5.60685817464525,1.40171454366131,2.26162819515185,0.066158131697966,"Raw_anova"
"4","Residuals                ",126,78.0924260141118,0.619781158842157,NA,NA,"Raw_anova"
"5","exp_env_factor           ",2,86.7045592956783,43.3522796478391,1.14664103234731e+31,0,"NoError_anova"
"6","gen_factor               ",2,27.3068064404876,13.6534032202438,3.61124085992438e+30,0,"NoError_anova"
"7","exp_env_factor:gen_factor",4,19.9886342638339,4.99715856595848,1.32171758980602e+30,0,"NoError_anova"
"8","Residuals                ",126,4.76381629606047e-28,3.78080658417498e-30,NA,NA,"NoError_anova"
