"","Fixed_effect","Df","Sum Sq","Mean Sq","F value","Pr(>F)","data_class"
"1","exp_env_factor           ",2,9.62893449085443,4.81446724542721,12.4940629850062,1.86520309892718e-05,"Raw_anova"
"2","gen_factor               ",2,34.5487784352478,17.2743892176239,44.8289075219065,7.80787647894054e-14,"Raw_anova"
"3","exp_env_factor:gen_factor",4,13.6097145626498,3.40242864066244,8.8296701527675,5.73592602723238e-06,"Raw_anova"
"4","Residuals                ",81,31.212572511248,0.385340401373432,NA,NA,"Raw_anova"
"5","exp_env_factor           ",2,15.1801274272547,7.59006371362737,5.37822828066116e+30,0,"NoError_anova"
"6","gen_factor               ",2,49.9219881742134,24.9609940871067,1.76870615817974e+31,0,"NoError_anova"
"7","exp_env_factor:gen_factor",4,23.8978843985317,5.97447109963294,4.23343869595561e+30,0,"NoError_anova"
"8","Residuals                ",81,1.14311838159506e-28,1.41125726122847e-30,NA,NA,"NoError_anova"
