"","Fixed_effect","Df","Sum Sq","Mean Sq","F value","Pr(>F)","data_class"
"1","exp_env_factor           ",2,20.2122370348986,10.1061185174493,14.5717345092577,2.02830828185045e-06,"Raw_anova"
"2","gen_factor               ",2,4.30674504624471,2.15337252312236,3.10488865258123,0.048276880452298,"Raw_anova"
"3","exp_env_factor:gen_factor",4,22.0946513617653,5.52366284044132,7.96441762389683,9.32773550705053e-06,"Raw_anova"
"4","Residuals                ",126,87.3863665570913,0.693542591722947,NA,NA,"Raw_anova"
"5","exp_env_factor           ",2,52.3909178394556,26.1954589197278,3.49500703315248e+30,0,"NoError_anova"
"6","gen_factor               ",2,40.5293551614747,20.2646775807374,2.70372017097612e+30,0,"NoError_anova"
"7","exp_env_factor:gen_factor",4,41.0797269990694,10.2699317497674,1.37021778490017e+30,0,"NoError_anova"
"8","Residuals                ",126,9.44383743030282e-28,7.49510907166891e-30,NA,NA,"NoError_anova"
