"","Fixed_effect","Df","Sum Sq","Mean Sq","F value","Pr(>F)","data_class"
"1","exp_env_factor           ",1,0.372690533066094,0.372690533066094,0.356139660124772,0.559008485151491,"Raw_anova"
"2","gen_factor               ",1,0.309956450961499,0.309956450961499,0.296191545813514,0.593783945739926,"Raw_anova"
"3","exp_env_factor:gen_factor",1,1.57378526233222,1.57378526233222,1.50389478322749,0.237815586115399,"Raw_anova"
"4","Residuals                ",16,16.7435677536402,1.04647298460251,NA,NA,"Raw_anova"
"5","exp_env_factor           ",1,11.9976311648195,11.9976311648195,1.18291502695375e+32,2.2000375178718e-248,"NoError_anova"
"6","gen_factor               ",1,6.84014791194107,6.84014791194107,6.74409276336771e+31,1.97092544039e-246,"NoError_anova"
"7","exp_env_factor:gen_factor",1,0.162220923239377,0.162220923239377,1.5994287968183e+30,1.96942383505404e-233,"NoError_anova"
"8","Residuals                ",16,1.62278857114068e-30,1.01424285696293e-31,NA,NA,"NoError_anova"
