"","Fixed_effect","Df","Sum Sq","Mean Sq","F value","Pr(>F)","data_class"
"1","exp_env_factor           ",9,590.884750002062,65.6538611113402,562.579960170277,0,"Raw_anova"
"2","gen_factor               ",9,619.538933143618,68.8376592381798,589.861539548375,0,"Raw_anova"
"3","exp_env_factor:gen_factor",81,125.194376395479,1.54560958512937,13.2441407728675,3.36464074356043e-122,"Raw_anova"
"4","Residuals                ",1400,163.381940458839,0.116701386042028,NA,NA,"Raw_anova"
"5","exp_env_factor           ",9,658.982261283483,73.2202512537204,2.82269242459767e+29,0,"NoError_anova"
"6","gen_factor               ",9,712.185728443376,79.1317476048195,3.05058478610383e+29,0,"NoError_anova"
"7","exp_env_factor:gen_factor",81,127.83201027314,1.57817296633506,6.08396830180568e+27,0,"NoError_anova"
"8","Residuals                ",1400,3.63158064484547e-25,2.59398617488962e-28,NA,NA,"NoError_anova"
