"","Fixed_effect","Df","Sum Sq","Mean Sq","F value","Pr(>F)","data_class"
"1","exp_env_factor           ",9,176.003370905016,19.5559301005574,53.8851801898992,1.32914344176031e-63,"Raw_anova"
"2","gen_factor               ",9,10.7605096625366,1.19561218472629,3.29443691401714,0.000686700435700221,"Raw_anova"
"3","exp_env_factor:gen_factor",81,167.068709531324,2.06257666088055,5.68330498501124,1.75038177508218e-32,"Raw_anova"
"4","Residuals                ",400,145.167409901123,0.362918524752807,NA,NA,"Raw_anova"
"5","exp_env_factor           ",9,257.378430417009,28.5976033796677,2.27489752419199e+29,0,"NoError_anova"
"6","gen_factor               ",9,16.2319036495331,1.80354484994812,1.43469355087051e+28,0,"NoError_anova"
"7","exp_env_factor:gen_factor",81,225.389665933458,2.7825884683143,2.21350843054e+28,0,"NoError_anova"
"8","Residuals                ",400,5.02837654453471e-26,1.25709413613368e-28,NA,NA,"NoError_anova"
