"","Fixed_effect","Df","Sum Sq","Mean Sq","F value","Pr(>F)","data_class"
"1","exp_env_factor           ",4,25.647512933926,6.4118782334815,11.5030413349661,1.01094023104397e-07,"Raw_anova"
"2","gen_factor               ",4,16.8677703256319,4.21694258140798,7.56528166237124,2.29173887796662e-05,"Raw_anova"
"3","exp_env_factor:gen_factor",16,25.7439952497602,1.60899970311001,2.88657853734273,0.00065624431478143,"Raw_anova"
"4","Residuals                ",100,55.7407214906819,0.557407214906819,NA,NA,"Raw_anova"
"5","exp_env_factor           ",4,53.1940919009516,13.2985229752379,3.71240805369555e+30,0,"NoError_anova"
"6","gen_factor               ",4,46.1244735488302,11.5311183872076,3.21902040162625e+30,0,"NoError_anova"
"7","exp_env_factor:gen_factor",16,24.6814345502182,1.54258965938864,4.30628445408946e+29,0,"NoError_anova"
"8","Residuals                ",100,3.58218244947501e-28,3.58218244947501e-30,NA,NA,"NoError_anova"
