"","Fixed_effect","Df","Sum Sq","Mean Sq","F value","Pr(>F)","data_class"
"1","exp_env_factor           ",2,3.02183770603885,1.51091885301943,4.60074601948744,0.0166224541851927,"Raw_anova"
"2","gen_factor               ",2,9.29111127933715,4.64555563966857,14.1457111179735,2.92880472262808e-05,"Raw_anova"
"3","exp_env_factor:gen_factor",4,19.864386064569,4.96609651614224,15.1217576863064,2.41182835644697e-07,"Raw_anova"
"4","Residuals                ",36,11.822664950055,0.328407359723751,NA,NA,"Raw_anova"
"5","exp_env_factor           ",2,3.97324153913202,1.98662076956601,6.31535063338972e+30,0,"NoError_anova"
"6","gen_factor               ",2,28.8212658437405,14.4106329218702,4.58105548602319e+31,0,"NoError_anova"
"7","exp_env_factor:gen_factor",4,11.2054926171275,2.80137315428188,8.90540056526232e+30,0,"NoError_anova"
"8","Residuals                ",36,1.13245252490422e-29,3.14570145806727e-31,NA,NA,"NoError_anova"
