"","Fixed_effect","Df","Sum Sq","Mean Sq","F value","Pr(>F)","data_class"
"1","exp_env_factor           ",2,43.8062651807741,21.903132590387,69.4100563165772,2.75367390620531e-18,"Raw_anova"
"2","gen_factor               ",2,6.51730419334635,3.25865209667318,10.3265240537094,0.00010122011705586,"Raw_anova"
"3","exp_env_factor:gen_factor",4,13.1159595072641,3.27898987681602,10.3909735775044,7.6434856923787e-07,"Raw_anova"
"4","Residuals                ",81,25.5604711186155,0.31556137183476,NA,NA,"Raw_anova"
"5","exp_env_factor           ",2,57.4421136006877,28.7210568003438,3.30177675786034e+31,0,"NoError_anova"
"6","gen_factor               ",2,11.3664590735451,5.68322953677254,6.53344872528378e+30,0,"NoError_anova"
"7","exp_env_factor:gen_factor",4,20.1914273257672,5.0478568314418,5.8030233632843e+30,0,"NoError_anova"
"8","Residuals                ",81,7.04592033755619e-29,8.69866708340271e-31,NA,NA,"NoError_anova"
