"","Fixed_effect","Df","Sum Sq","Mean Sq","F value","Pr(>F)","data_class"
"1","exp_env_factor           ",4,29.3477194313276,7.3369298578319,16.0840532073825,1.34260259702122e-11,"Raw_anova"
"2","gen_factor               ",4,95.3885691629281,23.847142290732,52.277820952414,4.28827257134789e-31,"Raw_anova"
"3","exp_env_factor:gen_factor",16,21.6273176605123,1.35170735378202,2.96321941470281,0.000175614212775296,"Raw_anova"
"4","Residuals                ",225,102.636393745232,0.456161749978809,NA,NA,"Raw_anova"
"5","exp_env_factor           ",4,53.2688277939768,13.3172069484942,2.28951371118313e+30,0,"NoError_anova"
"6","gen_factor               ",4,185.402270101726,46.3505675254314,7.96865741300159e+30,0,"NoError_anova"
"7","exp_env_factor:gen_factor",16,10.3289021042979,0.64555638151862,1.10984998021358e+29,0,"NoError_anova"
"8","Residuals                ",225,1.3087371125036e-27,5.81660938890487e-30,NA,NA,"NoError_anova"
