"","Fixed_effect","Df","Sum Sq","Mean Sq","F value","Pr(>F)","data_class"
"1","exp_env_factor           ",2,4.16317226853156,2.08158613426578,3.00160990245641,0.0532744890775727,"Raw_anova"
"2","gen_factor               ",2,39.0495151096228,19.5247575548114,28.1543504997712,7.80689531962782e-11,"Raw_anova"
"3","exp_env_factor:gen_factor",4,3.40758592823117,0.851896482057792,1.22841946067938,0.302151288462461,"Raw_anova"
"4","Residuals                ",126,87.3797266936145,0.693489894393766,NA,NA,"Raw_anova"
"5","exp_env_factor           ",2,27.5166275432699,13.7583137716349,1.92488074701204e+30,0,"NoError_anova"
"6","gen_factor               ",2,93.6281693059481,46.8140846529741,6.54960569537826e+30,0,"NoError_anova"
"7","exp_env_factor:gen_factor",4,12.8552031507819,3.21380078769547,4.49632372371167e+29,0,"NoError_anova"
"8","Residuals                ",126,9.00599965954755e-28,7.14761877741869e-30,NA,NA,"NoError_anova"
