"","Fixed_effect","Df","Sum Sq","Mean Sq","F value","Pr(>F)","data_class"
"1","exp_env_factor           ",4,11.1033480994809,2.77583702487023,14.3505599842712,2.71350026044984e-09,"Raw_anova"
"2","gen_factor               ",4,0.440240385519587,0.110060096379897,0.568990182357054,0.685725897535638,"Raw_anova"
"3","exp_env_factor:gen_factor",16,93.1133543248085,5.81958464530053,30.086167807288,4.34491360641564e-31,"Raw_anova"
"4","Residuals                ",100,19.343057190191,0.19343057190191,NA,NA,"Raw_anova"
"5","exp_env_factor           ",4,6.7604391039004,1.6901097759751,1.04689180173613e+29,0,"NoError_anova"
"6","gen_factor               ",4,0.115960093685556,0.028990023421389,1.79570689924448e+27,0,"NoError_anova"
"7","exp_env_factor:gen_factor",16,117.123600802414,7.32022505015088,4.53431114404682e+29,0,"NoError_anova"
"8","Residuals                ",100,1.61440730854161e-27,1.61440730854161e-29,NA,NA,"NoError_anova"
