"","Fixed_effect","Df","Sum Sq","Mean Sq","F value","Pr(>F)","data_class"
"1","exp_env_factor           ",1,0.301101429464068,0.301101429464068,0.284528240449232,0.601080504756467,"Raw_anova"
"2","gen_factor               ",1,0.0409244997991763,0.0409244997991763,0.0386719383559557,0.846576199968993,"Raw_anova"
"3","exp_env_factor:gen_factor",1,1.72600674187442,1.72600674187442,1.63100408438163,0.219787025273078,"Raw_anova"
"4","Residuals                ",16,16.9319673288623,1.0582479580539,NA,NA,"Raw_anova"
"5","exp_env_factor           ",1,1.22496640227787,1.22496640227787,1.06006486705968e+32,5.28930910234694e-248,"NoError_anova"
"6","gen_factor               ",1,9.67691186263353,9.67691186263353,8.37423317744508e+32,3.48737043644962e-255,"NoError_anova"
"7","exp_env_factor:gen_factor",1,8.09812173508861,8.09812173508861,7.00797534085553e+32,1.44983292295649e-254,"NoError_anova"
"8","Residuals                ",16,1.84889274661175e-31,1.15555796663234e-32,NA,NA,"NoError_anova"
