"","Fixed_effect","Df","Sum Sq","Mean Sq","F value","Pr(>F)","data_class"
"1","exp_env_factor           ",6,125.67958617175,20.9465976952917,343.475585096219,7.29804862736012e-203,"Raw_anova"
"2","gen_factor               ",6,103.352419424614,17.2254032374357,282.456632889189,1.33699831172853e-181,"Raw_anova"
"3","exp_env_factor:gen_factor",36,463.132805404846,12.8648001501346,210.952863228315,0,"Raw_anova"
"4","Residuals                ",686,41.8351889987894,0.0609842405230166,NA,NA,"Raw_anova"
"5","exp_env_factor           ",6,132.156712543634,22.0261187572723,3.99557459116083e+28,0,"NoError_anova"
"6","gen_factor               ",6,116.244403219721,19.3740672032869,3.51448802659966e+28,0,"NoError_anova"
"7","exp_env_factor:gen_factor",36,485.598884236645,13.4888578954624,2.44690126593883e+28,0,"NoError_anova"
"8","Residuals                ",686,3.78166321833048e-25,5.51262859814939e-28,NA,NA,"NoError_anova"
