"","Fixed_effect","Df","Sum Sq","Mean Sq","F value","Pr(>F)","data_class"
"1","exp_env_factor           ",4,7.04585401164111,1.76146350291028,2.0812850328062,0.0841490141700513,"Raw_anova"
"2","gen_factor               ",4,31.4534767427807,7.86336918569517,9.29108810178421,5.7559456165959e-07,"Raw_anova"
"3","exp_env_factor:gen_factor",16,20.0753877931665,1.25471173707291,1.48252447725516,0.107398562478643,"Raw_anova"
"4","Residuals                ",225,190.425281452412,0.846334584232941,NA,NA,"Raw_anova"
"5","exp_env_factor           ",4,9.87626306634808,2.46906576658702,1.46834904503534e+29,0,"NoError_anova"
"6","gen_factor               ",4,209.148153482917,52.2870383707291,3.10950092534445e+30,0,"NoError_anova"
"7","exp_env_factor:gen_factor",16,29.9755834507346,1.87347396567091,1.11415165428908e+29,0,"NoError_anova"
"8","Residuals                ",225,3.78343146243343e-27,1.68152509441486e-29,NA,NA,"NoError_anova"
