"","Fixed_effect","Df","Sum Sq","Mean Sq","F value","Pr(>F)","data_class"
"1","exp_env_factor           ",1,2.50828737223454,2.50828737223454,3.04803844747188,0.089364851086486,"Raw_anova"
"2","gen_factor               ",1,6.84747242634598,6.84747242634598,8.32096013181799,0.00657935577297824,"Raw_anova"
"3","exp_env_factor:gen_factor",1,0.0191724876775143,0.0191724876775143,0.0232981596214328,0.879536576322607,"Raw_anova"
"4","Residuals                ",36,29.625067713742,0.822918547603944,NA,NA,"Raw_anova"
"5","exp_env_factor           ",1,0.157906216851741,0.157906216851741,1.92644725963913e+29,0,"NoError_anova"
"6","gen_factor               ",1,17.2899531247892,17.2899531247892,2.10936488002954e+31,0,"NoError_anova"
"7","exp_env_factor:gen_factor",1,21.5521406583591,21.5521406583591,2.62934944161416e+31,0,"NoError_anova"
"8","Residuals                ",36,2.95083282359235e-29,8.19675784331208e-31,NA,NA,"NoError_anova"
