"","Fixed_effect","Df","Sum Sq","Mean Sq","F value","Pr(>F)","data_class"
"1","exp_env_factor           ",2,4.72403624151469,2.36201812075734,3.96575467788563,0.0277635355938451,"Raw_anova"
"2","gen_factor               ",2,5.80648117037262,2.90324058518631,4.87445029762871,0.013384221030595,"Raw_anova"
"3","exp_env_factor:gen_factor",4,12.0277497392719,3.00693743481798,5.04855407054004,0.00246736269221297,"Raw_anova"
"4","Residuals                ",36,21.4417328488408,0.595603690245577,NA,NA,"Raw_anova"
"5","exp_env_factor           ",2,6.41109620601466,3.20554810300733,3.96229842682123e+30,0,"NoError_anova"
"6","gen_factor               ",2,18.4630823423391,9.23154117116953,1.14108788526194e+31,0,"NoError_anova"
"7","exp_env_factor:gen_factor",4,19.1258214516463,4.78145536291157,5.91023826615062e+30,0,"NoError_anova"
"8","Residuals                ",36,2.91244422497585e-29,8.09012284715514e-31,NA,NA,"NoError_anova"
