"","row","aov_coefs"
"(Intercept)",21212,0.0483598047862315
"exp_env_factorE_2",21212,0.45274320515499
"gen_factorG_2",21212,-0.262796628489311
"exp_env_factorE_2:gen_factorG_2",21212,-0.573332372476284
