"","Fixed_effect","Df","Sum Sq","Mean Sq","F value","Pr(>F)","data_class"
"1","exp_env_factor           ",6,114.888622320382,19.1481037200637,126.269363545157,1.75886875911904e-92,"Raw_anova"
"2","gen_factor               ",6,98.3547092999447,16.3924515499908,108.097619191049,2.11993263530994e-83,"Raw_anova"
"3","exp_env_factor:gen_factor",36,208.881271977377,5.80225755492713,38.2621370396091,7.51514515775822e-113,"Raw_anova"
"4","Residuals                ",441,66.8753964022968,0.151644889801127,NA,NA,"Raw_anova"
"5","exp_env_factor           ",6,137.105724962243,22.8509541603738,8.03625449078671e+29,0,"NoError_anova"
"6","gen_factor               ",6,115.607689721964,19.2679482869941,6.77617813518335e+29,0,"NoError_anova"
"7","exp_env_factor:gen_factor",36,236.286585315792,6.56351625877201,2.30826628243716e+29,0,"NoError_anova"
"8","Residuals                ",441,1.25397606512812e-26,2.84348314088008e-29,NA,NA,"NoError_anova"
