"","Fixed_effect","Df","Sum Sq","Mean Sq","F value","Pr(>F)","data_class"
"1","exp_env_factor           ",6,254.420381668453,42.4033969447421,71.4172793666903,4.54308800283114e-69,"Raw_anova"
"2","gen_factor               ",6,13.3923194231853,2.23205323719755,3.75930187409264,0.00108745080663806,"Raw_anova"
"3","exp_env_factor:gen_factor",36,58.8806840100588,1.63557455583497,2.75469168499247,3.35284338953669e-07,"Raw_anova"
"4","Residuals                ",686,407.306614898303,0.593741421134553,NA,NA,"Raw_anova"
"5","exp_env_factor           ",6,625.341617620592,104.223602936765,8.42968316278192e+29,0,"NoError_anova"
"6","gen_factor               ",6,10.815641253018,1.80260687550299,1.45796195865172e+28,0,"NoError_anova"
"7","exp_env_factor:gen_factor",36,97.842741126392,2.71785392017756,2.19822063182003e+28,0,"NoError_anova"
"8","Residuals                ",686,8.48162264630427e-26,1.23638814086068e-28,NA,NA,"NoError_anova"
