"","Fixed_effect","Df","Sum Sq","Mean Sq","F value","Pr(>F)","data_class"
"1","exp_env_factor           ",9,158.525039154405,17.6138932393783,169.981602600102,2.67006701357096e-187,"Raw_anova"
"2","gen_factor               ",9,82.2441089520102,9.13823432800113,88.1878693653147,3.263135564916e-117,"Raw_anova"
"3","exp_env_factor:gen_factor",81,664.970736251923,8.20951526236941,79.2253332016221,0,"Raw_anova"
"4","Residuals                ",900,93.2601156416618,0.103622350712958,NA,NA,"Raw_anova"
"5","exp_env_factor           ",9,180.724475788704,20.080497309856,2.16331498349998e+29,0,"NoError_anova"
"6","gen_factor               ",9,88.2615455386903,9.80683839318781,1.05651170433578e+29,0,"NoError_anova"
"7","exp_env_factor:gen_factor",81,730.013978672606,9.01251825521735,9.70937894601308e+28,0,"NoError_anova"
"8","Residuals                ",900,8.35405279245622e-26,9.28228088050691e-29,NA,NA,"NoError_anova"
