"","Fixed_effect","Df","Sum Sq","Mean Sq","F value","Pr(>F)","data_class"
"1","exp_env_factor           ",2,9.95448741478466,4.97724370739233,5.89570871831875,0.00406983691191697,"Raw_anova"
"2","gen_factor               ",2,0.556729748895155,0.278364874447577,0.329732340555637,0.720076863825746,"Raw_anova"
"3","exp_env_factor:gen_factor",4,10.1073957019597,2.52684892548993,2.99313558179985,0.023374694494742,"Raw_anova"
"4","Residuals                ",81,68.3813871343604,0.844214655979759,NA,NA,"Raw_anova"
"5","exp_env_factor           ",2,52.6546954902255,26.3273477451127,1.76138438696972e+31,0,"NoError_anova"
"6","gen_factor               ",2,2.91536412807857,1.45768206403929,9.7523626520306e+29,0,"NoError_anova"
"7","exp_env_factor:gen_factor",4,33.4299403816961,8.35748509542401,5.59142679465108e+30,0,"NoError_anova"
"8","Residuals                ",81,1.21070402527123e-28,1.49469632749534e-30,NA,NA,"NoError_anova"
