"","Fixed_effect","Df","Sum Sq","Mean Sq","F value","Pr(>F)","data_class"
"1","exp_env_factor           ",6,89.982451047481,14.9970751745802,85.3389054675108,1.15026093408118e-70,"Raw_anova"
"2","gen_factor               ",6,102.315773040076,17.0526288400126,97.0357662150696,2.02265730214542e-77,"Raw_anova"
"3","exp_env_factor:gen_factor",36,219.202420656384,6.088956129344,34.6484128050958,6.32478202210606e-106,"Raw_anova"
"4","Residuals                ",441,77.499355256059,0.175735499446846,NA,NA,"Raw_anova"
"5","exp_env_factor           ",6,118.378720534451,19.7297867557418,1.03396474330771e+30,0,"NoError_anova"
"6","gen_factor               ",6,102.711476945592,17.1185794909319,8.97121082364613e+29,0,"NoError_anova"
"7","exp_env_factor:gen_factor",36,267.909802519958,7.44193895888771,3.90004342195877e+29,0,"NoError_anova"
"8","Residuals                ",441,8.41502190050278e-27,1.90816823140653e-29,NA,NA,"NoError_anova"
