"","row","aov_coefs"
"(Intercept)",26985,-0.730273447911833
"exp_env_factorE_2",26985,1.20903298561343
"gen_factorG_2",26985,0.798878359870763
"exp_env_factorE_2:gen_factorG_2",26985,-1.09472889932106
