"","Fixed_effect","Df","Sum Sq","Mean Sq","F value","Pr(>F)","data_class"
"1","exp_env_factor           ",2,7.80636960787056,3.90318480393528,5.88225371314849,0.00615955804528434,"Raw_anova"
"2","gen_factor               ",2,6.57527975288041,3.2876398764402,4.95460318742471,0.0125674995771729,"Raw_anova"
"3","exp_env_factor:gen_factor",4,5.73045667990137,1.43261416997534,2.15900615629327,0.0934617113124444,"Raw_anova"
"4","Residuals                ",36,23.8878939593477,0.663552609981879,NA,NA,"Raw_anova"
"5","exp_env_factor           ",2,15.0991946037181,7.54959730185905,1.99468996371698e+31,0,"NoError_anova"
"6","gen_factor               ",2,24.8126922240773,12.4063461120386,3.27789855360747e+31,0,"NoError_anova"
"7","exp_env_factor:gen_factor",4,4.08811317220461,1.02202829305115,2.70031565562037e+30,0,"NoError_anova"
"8","Residuals                ",36,1.36254509628389e-29,3.78484748967747e-31,NA,NA,"NoError_anova"
