"","Fixed_effect","Df","Sum Sq","Mean Sq","F value","Pr(>F)","data_class"
"1","exp_env_factor           ",9,72.9624986845125,8.10694429827916,152.53866638972,2.609300958644e-174,"Raw_anova"
"2","gen_factor               ",9,131.438103643363,14.6042337381515,274.790384156735,3.57151454709983e-251,"Raw_anova"
"3","exp_env_factor:gen_factor",81,746.767264081746,9.21934893928082,173.469452908155,0,"Raw_anova"
"4","Residuals                ",900,47.8321335903783,0.0531468151004204,NA,NA,"Raw_anova"
"5","exp_env_factor           ",9,77.9453025513733,8.66058917237481,3.58334720289806e+28,0,"NoError_anova"
"6","gen_factor               ",9,149.931926009104,16.6591028899004,6.89275851274985e+28,0,"NoError_anova"
"7","exp_env_factor:gen_factor",81,771.122771439524,9.52003421530276,3.93894541097886e+28,0,"NoError_anova"
"8","Residuals                ",900,2.17520932630627e-25,2.41689925145141e-28,NA,NA,"NoError_anova"
