"","Fixed_effect","Df","Sum Sq","Mean Sq","F value","Pr(>F)","data_class"
"1","exp_env_factor           ",4,41.987921176834,10.4969802942085,40.5653821583473,3.6943525760342e-20,"Raw_anova"
"2","gen_factor               ",4,34.5513520679091,8.63783801697729,33.3807619295912,1.13407139771192e-17,"Raw_anova"
"3","exp_env_factor:gen_factor",16,21.5840315641861,1.34900197276163,5.21319265385609,8.53380378731051e-08,"Raw_anova"
"4","Residuals                ",100,25.8766951910707,0.258766951910707,NA,NA,"Raw_anova"
"5","exp_env_factor           ",4,61.2045945105985,15.3011486276496,3.77439567860489e+30,0,"NoError_anova"
"6","gen_factor               ",4,40.8852227925032,10.2213056981258,2.52133045665551e+30,0,"NoError_anova"
"7","exp_env_factor:gen_factor",16,21.9101826968983,1.36938641855614,3.37792038121812e+29,0,"NoError_anova"
"8","Residuals                ",100,4.05393337915894e-28,4.05393337915894e-30,NA,NA,"NoError_anova"
