"","Fixed_effect","Df","Sum Sq","Mean Sq","F value","Pr(>F)","data_class"
"1","exp_env_factor           ",6,56.7697063603875,9.46161772673125,54.4749046553051,3.55176614960295e-50,"Raw_anova"
"2","gen_factor               ",6,188.863668820837,31.4772781368061,181.229233185626,1.18453664134451e-115,"Raw_anova"
"3","exp_env_factor:gen_factor",36,166.770374786017,4.63251041072268,26.6715027204982,1.26732601785678e-88,"Raw_anova"
"4","Residuals                ",441,76.5962500327595,0.173687641797641,NA,NA,"Raw_anova"
"5","exp_env_factor           ",6,61.7037528527549,10.2839588087925,8.99387191102796e+28,0,"NoError_anova"
"6","gen_factor               ",6,213.403450732587,35.5672417887645,3.11054548957562e+29,0,"NoError_anova"
"7","exp_env_factor:gen_factor",36,213.892796414657,5.94146656707381,5.19613023169929e+28,0,"NoError_anova"
"8","Residuals                ",441,5.04257329828831e-26,1.14344065720823e-28,NA,NA,"NoError_anova"
