"","Fixed_effect","Df","Sum Sq","Mean Sq","F value","Pr(>F)","data_class"
"1","exp_env_factor           ",1,10.1540903293716,10.1540903293716,13.5645425370987,0.000751745118367268,"Raw_anova"
"2","gen_factor               ",1,1.42196743654117,1.42196743654117,1.8995633438023,0.176633411155727,"Raw_anova"
"3","exp_env_factor:gen_factor",1,0.475207998662956,0.475207998662956,0.634816010370481,0.430817709647669,"Raw_anova"
"4","Residuals                ",36,26.9487342354242,0.748575950984007,NA,NA,"Raw_anova"
"5","exp_env_factor           ",1,30.6454530240272,30.6454530240272,1.01898577286559e+32,0,"NoError_anova"
"6","gen_factor               ",1,6.27028455465111,6.27028455465111,2.08491966100121e+31,0,"NoError_anova"
"7","exp_env_factor:gen_factor",1,2.08426242132172,2.08426242132172,6.93033890730883e+30,0,"NoError_anova"
"8","Residuals                ",36,1.08268077753673e-29,3.00744660426869e-31,NA,NA,"NoError_anova"
