"","Fixed_effect","Df","Sum Sq","Mean Sq","F value","Pr(>F)","data_class"
"1","exp_env_factor           ",9,42.30103134164,4.70011459351555,40.6416543544159,3.03333100556736e-51,"Raw_anova"
"2","gen_factor               ",9,101.982441538103,11.3313823931226,97.9818932956147,1.92869426849776e-95,"Raw_anova"
"3","exp_env_factor:gen_factor",81,308.457439805275,3.80811654080587,32.9285920829016,1.23564394186947e-134,"Raw_anova"
"4","Residuals                ",400,46.2590873149814,0.115647718287453,NA,NA,"Raw_anova"
"5","exp_env_factor           ",9,48.7475433603986,5.41639370671096,6.62304761449512e+28,0,"NoError_anova"
"6","gen_factor               ",9,123.18801548258,13.6875572758422,1.67368453020156e+29,0,"NoError_anova"
"7","exp_env_factor:gen_factor",81,327.064441157022,4.03783260687681,4.9373732898278e+28,0,"NoError_anova"
"8","Residuals                ",400,3.27123947885062e-26,8.17809869712654e-29,NA,NA,"NoError_anova"
