"","Fixed_effect","Df","Sum Sq","Mean Sq","F value","Pr(>F)","data_class"
"1","exp_env_factor           ",4,4.36340579164726,1.09085144791181,1.21717223358695,0.308332724729321,"Raw_anova"
"2","gen_factor               ",4,2.48530676095858,0.621326690239644,0.693276428054309,0.598321796021133,"Raw_anova"
"3","exp_env_factor:gen_factor",16,27.5295052697702,1.72059407936064,1.91983917029294,0.0268240940418846,"Raw_anova"
"4","Residuals                ",100,89.6217821776239,0.896217821776239,NA,NA,"Raw_anova"
"5","exp_env_factor           ",4,8.96527740473108,2.24131935118277,1.59827131141485e+29,0,"NoError_anova"
"6","gen_factor               ",4,23.6123864172537,5.90309660431342,4.20946258559973e+29,0,"NoError_anova"
"7","exp_env_factor:gen_factor",16,91.4223361780154,5.71389601112596,4.07454478371015e+29,0,"NoError_anova"
"8","Residuals                ",100,1.40233972491108e-27,1.40233972491108e-29,NA,NA,"NoError_anova"
