"","Fixed_effect","Df","Sum Sq","Mean Sq","F value","Pr(>F)","data_class"
"1","exp_env_factor           ",9,284.846802481415,31.6496447201572,421.515009750788,1.36675781262168e-315,"Raw_anova"
"2","gen_factor               ",9,248.527428724231,27.6141587471368,367.769764762825,2.23373466730138e-294,"Raw_anova"
"3","exp_env_factor:gen_factor",81,398.04886266002,4.91418348962988,65.4478784790041,3.55727265005698e-322,"Raw_anova"
"4","Residuals                ",900,67.576906134333,0.07508545126037,NA,NA,"Raw_anova"
"5","exp_env_factor           ",9,333.037905579186,37.0042117310207,2.34810940950043e+29,0,"NoError_anova"
"6","gen_factor               ",9,257.870297148804,28.652255238756,1.818134395581e+29,0,"NoError_anova"
"7","exp_env_factor:gen_factor",81,408.091797272011,5.03817033669149,3.19698072755701e+28,0,"NoError_anova"
"8","Residuals                ",900,1.41832362764579e-25,1.57591514182866e-28,NA,NA,"NoError_anova"
