"","Fixed_effect","Df","Sum Sq","Mean Sq","F value","Pr(>F)","data_class"
"1","exp_env_factor           ",6,4.19115640781996,0.698526067969993,1.99093234771744,0.0686849212210471,"Raw_anova"
"2","gen_factor               ",6,157.306137193752,26.2176895322919,74.725409065901,5.37558593650834e-48,"Raw_anova"
"3","exp_env_factor:gen_factor",36,13.7353726017356,0.381538127825989,1.08745633900802,0.348943487009503,"Raw_anova"
"4","Residuals                ",196,68.7673337966927,0.350853743860677,NA,NA,"Raw_anova"
"5","exp_env_factor           ",6,4.36810052776214,0.728016754627023,1.04490014725172e+29,0,"NoError_anova"
"6","gen_factor               ",6,232.227928719759,38.7046547866264,5.55516054113236e+30,0,"NoError_anova"
"7","exp_env_factor:gen_factor",36,7.40397075247932,0.205665854235537,2.95185900612218e+28,0,"NoError_anova"
"8","Residuals                ",196,1.36559731838685e-27,6.96733325707575e-30,NA,NA,"NoError_anova"
