"","Fixed_effect","Df","Sum Sq","Mean Sq","F value","Pr(>F)","data_class"
"1","exp_env_factor           ",6,240.430427328969,40.0717378881615,205.817030401428,1.01829999963424e-149,"Raw_anova"
"2","gen_factor               ",6,23.6527303982469,3.94212173304116,20.2475817455165,7.15058983485191e-22,"Raw_anova"
"3","exp_env_factor:gen_factor",36,336.355435144989,9.34320653180525,47.9887103516789,7.66700708184939e-162,"Raw_anova"
"4","Residuals                ",686,133.561407127795,0.194695928757718,NA,NA,"Raw_anova"
"5","exp_env_factor           ",6,280.597510992231,46.7662518320385,3.68550945058752e+29,0,"NoError_anova"
"6","gen_factor               ",6,24.3786542079993,4.06310903466654,3.20201559017657e+28,0,"NoError_anova"
"7","exp_env_factor:gen_factor",36,429.02383479977,11.9173287444381,9.39169293941474e+28,0,"NoError_anova"
"8","Residuals                ",686,8.70480707942946e-26,1.26892231478564e-28,NA,NA,"NoError_anova"
