"","Fixed_effect","Df","Sum Sq","Mean Sq","F value","Pr(>F)","data_class"
"1","exp_env_factor           ",4,29.9777630418185,7.49444076045464,43.9468338308028,3.12355462048143e-27,"Raw_anova"
"2","gen_factor               ",4,62.1020535711302,15.5255133927825,91.0404363739515,6.56993251386037e-46,"Raw_anova"
"3","exp_env_factor:gen_factor",16,118.549975021315,7.4093734388322,43.4480054902682,1.26814347295658e-59,"Raw_anova"
"4","Residuals                ",225,38.3702083657363,0.170534259403272,NA,NA,"Raw_anova"
"5","exp_env_factor           ",4,43.9881010293127,10.9970252573282,3.09217439524609e+29,0,"NoError_anova"
"6","gen_factor               ",4,76.3919627384188,19.0979906846047,5.37002656752384e+29,0,"NoError_anova"
"7","exp_env_factor:gen_factor",16,128.619936232269,8.0387460145168,2.26035714334757e+29,0,"NoError_anova"
"8","Residuals                ",225,8.00191181552655e-27,3.55640525134514e-29,NA,NA,"NoError_anova"
