"","Fixed_effect","Df","Sum Sq","Mean Sq","F value","Pr(>F)","data_class"
"1","exp_env_factor           ",9,43.3064087965207,4.81182319961341,34.8335919577587,3.14427179192191e-45,"Raw_anova"
"2","gen_factor               ",9,65.9071951499444,7.32302168332715,53.0125772774302,7.70295283586518e-63,"Raw_anova"
"3","exp_env_factor:gen_factor",81,334.531420276722,4.13001753428051,29.8978868506795,1.29943220178074e-127,"Raw_anova"
"4","Residuals                ",400,55.2549757768135,0.138137439442034,NA,NA,"Raw_anova"
"5","exp_env_factor           ",9,35.5700674523923,3.95222971693248,1.4120325002112e+28,0,"NoError_anova"
"6","gen_factor               ",9,66.1924753974884,7.35471948860982,2.62765671321205e+28,0,"NoError_anova"
"7","exp_env_factor:gen_factor",81,397.23745715012,4.9041661376558,1.75213549534766e+28,0,"NoError_anova"
"8","Residuals                ",400,1.11958604815154e-25,2.79896512037884e-28,NA,NA,"NoError_anova"
