"","Fixed_effect","Df","Sum Sq","Mean Sq","F value","Pr(>F)","data_class"
"1","exp_env_factor           ",6,216.445136644235,36.0741894407059,169.732249309825,5.73385567548611e-132,"Raw_anova"
"2","gen_factor               ",6,123.0618034074,20.5103005679,96.5027767327191,8.66339635628031e-88,"Raw_anova"
"3","exp_env_factor:gen_factor",36,248.693460538403,6.90815168162231,32.5034641574544,1.18230539817405e-123,"Raw_anova"
"4","Residuals                ",686,145.799599409962,0.212535859198195,NA,NA,"Raw_anova"
"5","exp_env_factor           ",6,261.795890944348,43.6326484907247,3.71751309732205e+29,0,"NoError_anova"
"6","gen_factor               ",6,149.424310523198,24.9040517538663,2.12183174237211e+29,0,"NoError_anova"
"7","exp_env_factor:gen_factor",36,322.779798532452,8.96610551479033,7.63914541889201e+28,0,"NoError_anova"
"8","Residuals                ",686,8.05161840215143e-26,1.17370530643607e-28,NA,NA,"NoError_anova"
