"","Fixed_effect","Df","Sum Sq","Mean Sq","F value","Pr(>F)","data_class"
"1","exp_env_factor           ",6,169.88949773272,28.3149162887867,409.275190720998,9.98888518725015e-177,"Raw_anova"
"2","gen_factor               ",6,7.77646551347406,1.29607758557901,18.7340268152984,1.907171189768e-19,"Raw_anova"
"3","exp_env_factor:gen_factor",36,280.824300599612,7.80067501665588,112.754094789915,2.42627000891837e-198,"Raw_anova"
"4","Residuals                ",441,30.5097361541937,0.0691830751795775,NA,NA,"Raw_anova"
"5","exp_env_factor           ",6,189.067191542816,31.5111985904694,3.17956232455693e+29,0,"NoError_anova"
"6","gen_factor               ",6,10.2557373639418,1.70928956065696,1.72471785648519e+28,0,"NoError_anova"
"7","exp_env_factor:gen_factor",36,289.677071093242,8.0465853081456,8.11921495580661e+28,0,"NoError_anova"
"8","Residuals                ",441,4.37055077394447e-26,9.91054597266321e-29,NA,NA,"NoError_anova"
