"","Fixed_effect","Df","Sum Sq","Mean Sq","F value","Pr(>F)","data_class"
"1","exp_env_factor           ",1,1.4163730439004,1.4163730439004,1.74908998074996,0.19433194923293,"Raw_anova"
"2","gen_factor               ",1,7.25696439145622,7.25696439145622,8.96168121980152,0.00495937631498447,"Raw_anova"
"3","exp_env_factor:gen_factor",1,1.17468631322632,1.17468631322632,1.45062917558092,0.236286001713306,"Raw_anova"
"4","Residuals                ",36,29.1519762514171,0.809777118094918,NA,NA,"Raw_anova"
"5","exp_env_factor           ",1,16.7600363938285,16.7600363938285,3.79755507587977e+31,0,"NoError_anova"
"6","gen_factor               ",1,21.4887103657325,21.4887103657325,4.86899665406139e+31,0,"NoError_anova"
"7","exp_env_factor:gen_factor",1,0.751253240438976,0.751253240438976,1.70221918942294e+30,0,"NoError_anova"
"8","Residuals                ",36,1.58881516692169e-29,4.41337546367137e-31,NA,NA,"NoError_anova"
