"","Fixed_effect","Df","Sum Sq","Mean Sq","F value","Pr(>F)","data_class"
"1","exp_env_factor           ",4,16.2822010703813,4.07055026759534,8.63962522339297,1.66957701805716e-06,"Raw_anova"
"2","gen_factor               ",4,91.5934169177893,22.8983542294473,48.6010946357357,1.9943453814758e-29,"Raw_anova"
"3","exp_env_factor:gen_factor",16,35.1158704702527,2.19474190439079,4.6582762205302,4.36158377493889e-08,"Raw_anova"
"4","Residuals                ",225,106.008511541577,0.471148940184785,NA,NA,"Raw_anova"
"5","exp_env_factor           ",4,21.0890495005643,5.27226237514107,4.14659711314973e+29,0,"NoError_anova"
"6","gen_factor               ",4,180.734275975172,45.1835689937931,3.55365578228551e+30,0,"NoError_anova"
"7","exp_env_factor:gen_factor",16,47.1766745242623,2.9485421577664,2.3190075776658e+29,0,"NoError_anova"
"8","Residuals                ",225,2.86080128364741e-27,1.27146723717663e-29,NA,NA,"NoError_anova"
