"","Fixed_effect","Df","Sum Sq","Mean Sq","F value","Pr(>F)","data_class"
"1","exp_env_factor           ",4,2.16422259525282,0.541055648813206,1.06526097338316,0.377800629821733,"Raw_anova"
"2","gen_factor               ",4,61.1132530832505,15.2783132708126,30.0808075883108,1.99005485324639e-16,"Raw_anova"
"3","exp_env_factor:gen_factor",16,9.93162309333391,0.62072644333337,1.22212134127123,0.264855584071695,"Raw_anova"
"4","Residuals                ",100,50.7909012281628,0.507909012281628,NA,NA,"Raw_anova"
"5","exp_env_factor           ",4,4.27672436976343,1.06918109244086,3.45556344844412e+29,0,"NoError_anova"
"6","gen_factor               ",4,107.873005154014,26.9682512885034,8.71606354432078e+30,0,"NoError_anova"
"7","exp_env_factor:gen_factor",16,11.8502704762231,0.740641904763945,2.39373396385598e+29,0,"NoError_anova"
"8","Residuals                ",100,3.09408612630817e-28,3.09408612630817e-30,NA,NA,"NoError_anova"
