"","Fixed_effect","Df","Sum Sq","Mean Sq","F value","Pr(>F)","data_class"
"1","exp_env_factor           ",1,2.45888703156496,2.45888703156496,3.1275770639419,0.0824245203771381,"Raw_anova"
"2","gen_factor               ",1,11.6236294933631,11.6236294933631,14.7846552267444,0.000310504684894538,"Raw_anova"
"3","exp_env_factor:gen_factor",1,0.890535152945605,0.890535152945605,1.13271463195851,0.291764738959425,"Raw_anova"
"4","Residuals                ",56,44.0269483221264,0.786195505752256,NA,NA,"Raw_anova"
"5","exp_env_factor           ",1,25.2739686096489,25.2739686096489,5.0778214390167e+31,0,"NoError_anova"
"6","gen_factor               ",1,33.2648764624021,33.2648764624021,6.68328371677019e+31,0,"NoError_anova"
"7","exp_env_factor:gen_factor",1,0.461154927948985,0.461154927948985,9.26511548706117e+29,0,"NoError_anova"
"8","Residuals                ",56,2.78730211201443e-29,4.97732520002577e-31,NA,NA,"NoError_anova"
