"","Fixed_effect","Df","Sum Sq","Mean Sq","F value","Pr(>F)","data_class"
"1","exp_env_factor           ",2,11.8819368301372,5.94096841506859,7.37189767879955,0.000938212196814763,"Raw_anova"
"2","gen_factor               ",2,13.1298964424041,6.56494822120207,8.14616795985104,0.000470878951933101,"Raw_anova"
"3","exp_env_factor:gen_factor",4,7.44551747835249,1.86137936958812,2.30970732300613,0.0614534642947255,"Raw_anova"
"4","Residuals                ",126,101.542649249106,0.805894041659573,NA,NA,"Raw_anova"
"5","exp_env_factor           ",2,52.9896859301902,26.4948429650951,2.75885513412604e+31,0,"NoError_anova"
"6","gen_factor               ",2,47.9943163042014,23.9971581521007,2.49877619805399e+31,0,"NoError_anova"
"7","exp_env_factor:gen_factor",4,33.0159977656081,8.25399944140203,8.59472493042714e+30,0,"NoError_anova"
"8","Residuals                ",126,1.21004911505059e-28,9.60356440516337e-31,NA,NA,"NoError_anova"
