"","Fixed_effect","Df","Sum Sq","Mean Sq","F value","Pr(>F)","data_class"
"1","exp_env_factor           ",4,9.93018519240437,2.48254629810109,5.06603903251192,0.0009278209196285,"Raw_anova"
"2","gen_factor               ",4,24.4560884978767,6.11402212446917,12.4766554210466,2.85497980119824e-08,"Raw_anova"
"3","exp_env_factor:gen_factor",16,40.6100316644734,2.53812697902959,5.17946044151151,9.65784433962511e-08,"Raw_anova"
"4","Residuals                ",100,49.0036946452456,0.490036946452456,NA,NA,"Raw_anova"
"5","exp_env_factor           ",4,12.7258005005256,3.18145012513139,1.6019834766119e+30,0,"NoError_anova"
"6","gen_factor               ",4,45.4876107447064,11.3719026861766,5.72619386894867e+30,0,"NoError_anova"
"7","exp_env_factor:gen_factor",16,65.7865887547681,4.111661797173,2.07038111597475e+30,0,"NoError_anova"
"8","Residuals                ",100,1.98594440678001e-28,1.98594440678001e-30,NA,NA,"NoError_anova"
