"","Fixed_effect","Df","Sum Sq","Mean Sq","F value","Pr(>F)","data_class"
"1","exp_env_factor           ",6,30.9830406691205,5.16384011152008,85.8768813332629,3.84595910458281e-80,"Raw_anova"
"2","gen_factor               ",6,28.1068262184869,4.68447103641448,77.904767501574,3.88023256588463e-74,"Raw_anova"
"3","exp_env_factor:gen_factor",36,633.660447964234,17.6016791101176,292.723491735065,0,"Raw_anova"
"4","Residuals                ",686,41.2496851481575,0.0601307363675765,NA,NA,"Raw_anova"
"5","exp_env_factor           ",6,32.7906747876627,5.46511246461045,3.2404741526668e+28,0,"NoError_anova"
"6","gen_factor               ",6,30.4351954184941,5.07253256974901,3.00769852171813e+28,0,"NoError_anova"
"7","exp_env_factor:gen_factor",36,670.774129793842,18.6326147164956,1.10479897305657e+29,0,"NoError_anova"
"8","Residuals                ",686,1.15695017892286e-25,1.68651629580592e-28,NA,NA,"NoError_anova"
