"","Fixed_effect","Df","Sum Sq","Mean Sq","F value","Pr(>F)","data_class"
"1","exp_env_factor           ",6,47.4584579892626,7.90974299821044,47.7685444494841,4.34893281532776e-45,"Raw_anova"
"2","gen_factor               ",6,97.5543952880756,16.2590658813459,98.1918011035105,4.60618497655127e-78,"Raw_anova"
"3","exp_env_factor:gen_factor",36,270.964267285763,7.52678520238231,45.4557845410483,2.58849179342668e-125,"Raw_anova"
"4","Residuals                ",441,73.0228794368984,0.165584760627888,NA,NA,"Raw_anova"
"5","exp_env_factor           ",6,56.1648991156551,9.36081651927585,7.91040575447055e+28,0,"NoError_anova"
"6","gen_factor               ",6,113.749997233529,18.9583328722548,1.60208359109525e+29,0,"NoError_anova"
"7","exp_env_factor:gen_factor",36,319.085103650816,8.86347510141155,7.49012485208249e+28,0,"NoError_anova"
"8","Residuals                ",441,5.21859461212549e-26,1.18335478733004e-28,NA,NA,"NoError_anova"
