"","Fixed_effect","Df","Sum Sq","Mean Sq","F value","Pr(>F)","data_class"
"1","exp_env_factor           ",9,146.705079813553,16.3005644237281,51.6649525254012,1.58290271589899e-75,"Raw_anova"
"2","gen_factor               ",9,280.602091395329,31.1780101550365,98.8193029777331,7.28767190774394e-128,"Raw_anova"
"3","exp_env_factor:gen_factor",81,287.738092277184,3.55232212687881,11.2591533194377,8.77354335897443e-91,"Raw_anova"
"4","Residuals                ",900,283.954736513935,0.315505262793261,NA,NA,"Raw_anova"
"5","exp_env_factor           ",9,190.52324630558,21.1692495895089,1.94473585779865e+29,0,"NoError_anova"
"6","gen_factor               ",9,411.59048925455,45.7322765838389,4.2012447231683e+29,0,"NoError_anova"
"7","exp_env_factor:gen_factor",81,396.886264439869,4.89983042518357,4.50128186391152e+28,0,"NoError_anova"
"8","Residuals                ",900,9.79687012719783e-26,1.0885411252442e-28,NA,NA,"NoError_anova"
