"","Fixed_effect","Df","Sum Sq","Mean Sq","F value","Pr(>F)","data_class"
"1","exp_env_factor           ",2,10.6356595023919,5.31782975119594,10.9763893229179,0.000189717881088559,"Raw_anova"
"2","gen_factor               ",2,4.31594405287554,2.15797202643777,4.4542120034625,0.0186872051861228,"Raw_anova"
"3","exp_env_factor:gen_factor",4,11.6071536634349,2.90178841585872,5.98950340184083,0.000842573659382211,"Raw_anova"
"4","Residuals                ",36,17.4412427812976,0.484478966147157,NA,NA,"Raw_anova"
"5","exp_env_factor           ",2,6.05750648154275,3.02875324077137,1.96579030631876e+31,0,"NoError_anova"
"6","gen_factor               ",2,6.59198492254047,3.29599246127024,2.1392399825925e+31,0,"NoError_anova"
"7","exp_env_factor:gen_factor",4,31.3505085959168,7.83762714897919,5.08695501059707e+31,0,"NoError_anova"
"8","Residuals                ",36,5.54663009158663e-30,1.54073058099629e-31,NA,NA,"NoError_anova"
