"","Fixed_effect","Df","Sum Sq","Mean Sq","F value","Pr(>F)","data_class"
"1","exp_env_factor           ",1,1.7707534638728,1.7707534638728,1.7394062244141,0.192582104798499,"Raw_anova"
"2","gen_factor               ",1,0.209348802525515,0.209348802525515,0.20564274904204,0.651956653238773,"Raw_anova"
"3","exp_env_factor:gen_factor",1,0.0106766643378291,0.0106766643378291,0.0104876578157771,0.918797664637466,"Raw_anova"
"4","Residuals                ",56,57.0092210692639,1.01802180480828,NA,NA,"Raw_anova"
"5","exp_env_factor           ",1,13.2714244176652,13.2714244176652,8.93796744709603e+30,0,"NoError_anova"
"6","gen_factor               ",1,0.788878360058338,0.788878360058338,5.31289549638287e+29,0,"NoError_anova"
"7","exp_env_factor:gen_factor",1,44.9396972222765,44.9396972222765,3.02657452745169e+31,0,"NoError_anova"
"8","Residuals                ",56,8.31508697909523e-29,1.48483696055272e-30,NA,NA,"NoError_anova"
