"","Fixed_effect","Df","Sum Sq","Mean Sq","F value","Pr(>F)","data_class"
"1","exp_env_factor           ",2,25.5032110628914,12.7516055314457,31.8947113661529,6.19737873263617e-12,"Raw_anova"
"2","gen_factor               ",2,14.4776822751159,7.23884113755797,18.1060140339575,1.22493186482186e-07,"Raw_anova"
"3","exp_env_factor:gen_factor",4,43.6439118995403,10.9109779748851,27.2908766173194,2.55675495397731e-16,"Raw_anova"
"4","Residuals                ",126,50.3751947624524,0.399803133035336,NA,NA,"Raw_anova"
"5","exp_env_factor           ",2,31.2901400152092,15.6450700076046,2.91675551256155e+30,0,"NoError_anova"
"6","gen_factor               ",2,40.5623081567463,20.2811540783731,3.78107403357424e+30,0,"NoError_anova"
"7","exp_env_factor:gen_factor",4,62.1475518280446,15.5368879570112,2.89658682093694e+30,0,"NoError_anova"
"8","Residuals                ",126,6.7584643706629e-28,5.36386061163722e-30,NA,NA,"NoError_anova"
