"","Fixed_effect","Df","Sum Sq","Mean Sq","F value","Pr(>F)","data_class"
"1","exp_env_factor           ",1,1.274319325924,1.274319325924,1.35600692766643,0.261300479831273,"Raw_anova"
"2","gen_factor               ",1,1.39699158756231,1.39699158756231,1.48654284062799,0.240423747787502,"Raw_anova"
"3","exp_env_factor:gen_factor",1,1.29254966953308,1.29254966953308,1.37540588970425,0.25805058412565,"Raw_anova"
"4","Residuals                ",16,15.0361394169806,0.939758713561288,NA,NA,"Raw_anova"
"5","exp_env_factor           ",1,15.5945332421119,15.5945332421119,1.14084460673948e+32,2.93931768961651e-248,"NoError_anova"
"6","gen_factor               ",1,2.89454431936625,2.89454431936625,2.11755313509478e+31,2.0863345182784e-242,"NoError_anova"
"7","exp_env_factor:gen_factor",1,0.510922438521829,0.510922438521829,3.73774001055562e+30,2.21404152413261e-236,"NoError_anova"
"8","Residuals                ",16,2.18708604484614e-30,1.36692877802884e-31,NA,NA,"NoError_anova"
