"","Fixed_effect","Df","Sum Sq","Mean Sq","F value","Pr(>F)","data_class"
"1","exp_env_factor           ",4,54.5867987264713,13.6466996816178,62.5018837342846,8.00266083824464e-40,"Raw_anova"
"2","gen_factor               ",4,75.8227766321889,18.9556941580472,86.8170781221787,3.64903452778542e-51,"Raw_anova"
"3","exp_env_factor:gen_factor",16,167.171209680204,10.4482006050127,47.8527581527001,6.69452194897636e-78,"Raw_anova"
"4","Residuals                ",350,76.4192149611362,0.218340614174675,NA,NA,"Raw_anova"
"5","exp_env_factor           ",4,74.3254308038938,18.5813577009734,4.78675613982927e+29,0,"NoError_anova"
"6","gen_factor               ",4,109.667535956189,27.4168839890472,7.06288204993133e+29,0,"NoError_anova"
"7","exp_env_factor:gen_factor",16,190.007033239917,11.8754395774948,3.05924003108593e+29,0,"NoError_anova"
"8","Residuals                ",350,1.35863933849212e-26,3.88182668140604e-29,NA,NA,"NoError_anova"
