"","row","aov_coefs"
"(Intercept)",26503,-0.279466480914326
"exp_env_factorE_2",26503,0.458218780068709
"gen_factorG_2",26503,0.506633473281697
"exp_env_factorE_2:gen_factorG_2",26503,-0.81183858304351
