"","Fixed_effect","Df","Sum Sq","Mean Sq","F value","Pr(>F)","data_class"
"1","exp_env_factor           ",6,7.22332136056835,1.20388689342806,5.14555429513509,6.19516168011452e-05,"Raw_anova"
"2","gen_factor               ",6,41.2866218235044,6.88110363725074,29.4106469380224,5.37450441537757e-25,"Raw_anova"
"3","exp_env_factor:gen_factor",36,149.632639407079,4.1564622057522,17.7652087352448,1.89819556701315e-44,"Raw_anova"
"4","Residuals                ",196,45.8574174088478,0.233966415351264,NA,NA,"Raw_anova"
"5","exp_env_factor           ",6,10.0343444244266,1.67239073740444,5.09792142617987e+28,0,"NoError_anova"
"6","gen_factor               ",6,57.7331972995144,9.62219954991907,2.93311940537543e+29,0,"NoError_anova"
"7","exp_env_factor:gen_factor",36,176.232458276059,4.89534606322387,1.49224036142453e+29,0,"NoError_anova"
"8","Residuals                ",196,6.42984771887506e-27,3.28053455044646e-29,NA,NA,"NoError_anova"
