"","Fixed_effect","Df","Sum Sq","Mean Sq","F value","Pr(>F)","data_class"
"1","exp_env_factor           ",9,12.8217114738464,1.42463460820516,7.60532629338333,2.54818572455617e-10,"Raw_anova"
"2","gen_factor               ",9,301.688196332671,33.5209107036301,178.949368549777,2.62363184523971e-134,"Raw_anova"
"3","exp_env_factor:gen_factor",81,109.561835166846,1.35261524897341,7.22085526955504,1.86372963375699e-42,"Raw_anova"
"4","Residuals                ",400,74.9282570266366,0.187320642566592,NA,NA,"Raw_anova"
"5","exp_env_factor           ",9,10.0937997261754,1.12153330290838,1.15586390774614e+28,0,"NoError_anova"
"6","gen_factor               ",9,387.535004375686,43.0594449306317,4.43775126015725e+29,0,"NoError_anova"
"7","exp_env_factor:gen_factor",81,101.371195898139,1.25149624565604,1.28980507068526e+28,0,"NoError_anova"
"8","Residuals                ",400,3.88119499325935e-26,9.70298748314837e-29,NA,NA,"NoError_anova"
