"","Fixed_effect","Df","Sum Sq","Mean Sq","F value","Pr(>F)","data_class"
"1","exp_env_factor           ",1,0.0860814815820908,0.0860814815820908,0.0821452245040663,0.775468783813104,"Raw_anova"
"2","gen_factor               ",1,0.0187374714517684,0.0187374714517684,0.0178806610987081,0.894104500792197,"Raw_anova"
"3","exp_env_factor:gen_factor",1,0.211757905813703,0.211757905813703,0.202074829497318,0.654786418625927,"Raw_anova"
"4","Residuals                ",56,58.6834231411524,1.04791827037772,NA,NA,"Raw_anova"
"5","exp_env_factor           ",1,55.3091361903111,55.3091361903111,4.5745140030142e+32,0,"NoError_anova"
"6","gen_factor               ",1,0.885391631848244,0.885391631848244,7.3229066606737e+30,0,"NoError_anova"
"7","exp_env_factor:gen_factor",1,2.8054721778406,2.8054721778406,2.32035295551167e+31,0,"NoError_anova"
"8","Residuals                ",56,6.77079931248777e-30,1.20907130580139e-31,NA,NA,"NoError_anova"
