"","Fixed_effect","Df","Sum Sq","Mean Sq","F value","Pr(>F)","data_class"
"1","exp_env_factor           ",4,64.9250534687983,16.2312633671996,62.1132548578356,1.25555572959174e-39,"Raw_anova"
"2","gen_factor               ",4,59.9178700578112,14.9794675144528,57.3229244274412,3.56150512875762e-37,"Raw_anova"
"3","exp_env_factor:gen_factor",16,157.696047880985,9.85600299256158,37.71662204642,3.31423674967444e-66,"Raw_anova"
"4","Residuals                ",350,91.4610285924051,0.261317224549729,NA,NA,"Raw_anova"
"5","exp_env_factor           ",4,97.5253911667348,24.3813477916837,3.47559578891858e+29,0,"NoError_anova"
"6","gen_factor               ",4,73.9259854739029,18.4814963684757,2.63456358114452e+29,0,"NoError_anova"
"7","exp_env_factor:gen_factor",16,202.548623359362,12.6592889599602,1.80459963804579e+29,0,"NoError_anova"
"8","Residuals                ",350,2.45525436366824e-26,7.01501246762354e-29,NA,NA,"NoError_anova"
