"","Fixed_effect","Df","Sum Sq","Mean Sq","F value","Pr(>F)","data_class"
"1","exp_env_factor           ",1,1.21349422573726,1.21349422573726,1.26703656729376,0.267771838808293,"Raw_anova"
"2","gen_factor               ",1,0.0935581692219193,0.0935581692219193,0.0976861851165456,0.75642753026103,"Raw_anova"
"3","exp_env_factor:gen_factor",1,3.21423305629726,3.21423305629726,3.3560529022367,0.0752421309635626,"Raw_anova"
"4","Residuals                ",36,34.4787145487435,0.957742070798432,NA,NA,"Raw_anova"
"5","exp_env_factor           ",1,6.37834360433177,6.37834360433177,1.86511658303516e+31,0,"NoError_anova"
"6","gen_factor               ",1,32.4069365120596,32.4069365120596,9.47623998383544e+31,0,"NoError_anova"
"7","exp_env_factor:gen_factor",1,0.214719883608641,0.214719883608641,6.27870871293098e+29,0,"NoError_anova"
"8","Residuals                ",36,1.2311314576501e-29,3.4198096045836e-31,NA,NA,"NoError_anova"
