"","Fixed_effect","Df","Sum Sq","Mean Sq","F value","Pr(>F)","data_class"
"1","exp_env_factor           ",6,51.7119704471609,8.61866174119348,46.1249956225069,8.44836163123069e-44,"Raw_anova"
"2","gen_factor               ",6,72.7792728936655,12.1298788156109,64.9161811975366,1.32770204579705e-57,"Raw_anova"
"3","exp_env_factor:gen_factor",36,282.105934142445,7.83627594840125,41.9378558609856,2.02760462711796e-119,"Raw_anova"
"4","Residuals                ",441,82.4028225167287,0.186854472827049,NA,NA,"Raw_anova"
"5","exp_env_factor           ",6,61.3175220211836,10.2195870035306,1.80943301855716e+29,0,"NoError_anova"
"6","gen_factor               ",6,87.7907497511064,14.6317916251844,2.59063765278482e+29,0,"NoError_anova"
"7","exp_env_factor:gen_factor",36,339.891728227711,9.44143689521419,1.67165734338603e+29,0,"NoError_anova"
"8","Residuals                ",441,2.49074589793368e-26,5.64794988193578e-29,NA,NA,"NoError_anova"
