"","Fixed_effect","Df","Sum Sq","Mean Sq","F value","Pr(>F)","data_class"
"1","exp_env_factor           ",1,1.1352714671433,1.1352714671433,2.31449711762989,0.147688817666925,"Raw_anova"
"2","gen_factor               ",1,0.238377151742262,0.238377151742262,0.485983526041219,0.495729781413625,"Raw_anova"
"3","exp_env_factor:gen_factor",1,9.77827788993048,9.77827788993048,19.935140313688,0.000390945389834397,"Raw_anova"
"4","Residuals                ",16,7.84807349118395,0.490504593198997,NA,NA,"Raw_anova"
"5","exp_env_factor           ",1,0.0707383587653632,0.0707383587653632,3.47405588077848e+29,3.97524663462922e-228,"NoError_anova"
"6","gen_factor               ",1,17.3512401851673,17.3512401851673,8.52142727880137e+31,3.03360995355803e-247,"NoError_anova"
"7","exp_env_factor:gen_factor",1,1.57802145606732,1.57802145606732,7.74987547792754e+30,6.48187544865948e-239,"NoError_anova"
"8","Residuals                ",16,3.25790309392545e-30,2.03618943370341e-31,NA,NA,"NoError_anova"
