"","row","aov_coefs"
"(Intercept)",5052,-0.422246439159462
"exp_env_factorE_2",5052,0.566418462679843
"gen_factorG_2",5052,0.40985391138753
"exp_env_factorE_2:gen_factorG_2",5052,-0.263558991496899
