"","Fixed_effect","Df","Sum Sq","Mean Sq","F value","Pr(>F)","data_class"
"1","exp_env_factor           ",2,8.92852953597351,4.46426476798675,6.10975511876507,0.00519319588724515,"Raw_anova"
"2","gen_factor               ",2,2.21594191865876,1.10797095932938,1.51635971252183,0.233198867682289,"Raw_anova"
"3","exp_env_factor:gen_factor",4,6.55111396188977,1.63777849047244,2.24144983230462,0.0838080699217761,"Raw_anova"
"4","Residuals                ",36,26.304414583478,0.730678182874388,NA,NA,"Raw_anova"
"5","exp_env_factor           ",2,0.148806104423059,0.0744030522115297,2.00156416910138e+29,0,"NoError_anova"
"6","gen_factor               ",2,9.87866609173046,4.93933304586523,1.32876162334779e+31,0,"NoError_anova"
"7","exp_env_factor:gen_factor",4,33.9725278038465,8.49313195096162,2.28479183194861e+31,0,"NoError_anova"
"8","Residuals                ",36,1.33820834773317e-29,3.71724541036991e-31,NA,NA,"NoError_anova"
