"","Fixed_effect","Df","Sum Sq","Mean Sq","F value","Pr(>F)","data_class"
"1","exp_env_factor           ",1,1.20688896711145,1.20688896711145,1.20271661440347,0.280061436277503,"Raw_anova"
"2","gen_factor               ",1,0.875328774593449,0.875328774593449,0.872302663258793,0.356541194561739,"Raw_anova"
"3","exp_env_factor:gen_factor",1,0.792894403842604,0.792894403842604,0.790153277522649,0.379955126205877,"Raw_anova"
"4","Residuals                ",36,36.1248878544525,1.00346910706812,NA,NA,"Raw_anova"
"5","exp_env_factor           ",1,37.5315952989678,37.5315952989678,5.04400632500663e+31,0,"NoError_anova"
"6","gen_factor               ",1,0.787945030362555,0.787945030362555,1.05894771731581e+30,0,"NoError_anova"
"7","exp_env_factor:gen_factor",1,0.680459670669691,0.680459670669691,9.14494269542613e+29,0,"NoError_anova"
"8","Residuals                ",36,2.67869892245043e-29,7.44083034014008e-31,NA,NA,"NoError_anova"
