"","Fixed_effect","Df","Sum Sq","Mean Sq","F value","Pr(>F)","data_class"
"1","exp_env_factor           ",9,109.720891032419,12.1912101147132,397.941293274587,1.77063363550908e-193,"Raw_anova"
"2","gen_factor               ",9,31.9522507007576,3.55025007786196,115.886043644472,1.18762292368879e-105,"Raw_anova"
"3","exp_env_factor:gen_factor",81,345.072578230295,4.26015528679376,139.058525644741,7.27324465169865e-249,"Raw_anova"
"4","Residuals                ",400,12.254280036529,0.0306357000913224,NA,NA,"Raw_anova"
"5","exp_env_factor           ",9,108.889284207022,12.0988093563358,1.26120126690734e+29,0,"NoError_anova"
"6","gen_factor               ",9,32.4335281038313,3.60372534487015,3.7565869803182e+28,0,"NoError_anova"
"7","exp_env_factor:gen_factor",81,357.677187689147,4.41576774924873,4.60307433210743e+28,0,"NoError_anova"
"8","Residuals                ",400,3.83723349279659e-26,9.59308373199147e-29,NA,NA,"NoError_anova"
