"","Fixed_effect","Df","Sum Sq","Mean Sq","F value","Pr(>F)","data_class"
"1","exp_env_factor           ",4,7.45841243449915,1.86460310862479,16.4105502939371,2.47120764724143e-12,"Raw_anova"
"2","gen_factor               ",4,77.4128789202588,19.3532197300647,170.329537830751,8.60850524541968e-81,"Raw_anova"
"3","exp_env_factor:gen_factor",16,249.360932651783,15.5850582907364,137.165588607596,7.03537762683795e-140,"Raw_anova"
"4","Residuals                ",350,39.7677759934586,0.113622217124167,NA,NA,"Raw_anova"
"5","exp_env_factor           ",4,8.18044605606488,2.04511151401622,8.09884123111093e+27,0,"NoError_anova"
"6","gen_factor               ",4,86.8464748531208,21.7116187132802,8.59801295059741e+28,0,"NoError_anova"
"7","exp_env_factor:gen_factor",16,278.973079090815,17.4358174431759,6.9047539089742e+28,0,"NoError_anova"
"8","Residuals                ",350,8.83816597312763e-26,2.52519027803647e-28,NA,NA,"NoError_anova"
