"","Fixed_effect","Df","Sum Sq","Mean Sq","F value","Pr(>F)","data_class"
"1","exp_env_factor           ",6,115.40122016499,19.2335366941651,96.1229354690255,6.55188988408911e-77,"Raw_anova"
"2","gen_factor               ",6,72.2141146120704,12.0356857686784,60.1504270828732,2.77266791446192e-54,"Raw_anova"
"3","exp_env_factor:gen_factor",36,213.143605576357,5.92065571045437,29.5895037839284,2.57689559446908e-95,"Raw_anova"
"4","Residuals                ",441,88.2410596465817,0.200093105774562,NA,NA,"Raw_anova"
"5","exp_env_factor           ",6,148.2212240504,24.7035373417333,5.81960091875175e+29,0,"NoError_anova"
"6","gen_factor               ",6,81.9837480131303,13.6639580021884,3.21892291955228e+29,0,"NoError_anova"
"7","exp_env_factor:gen_factor",36,258.795027936469,7.18875077601303,1.69350891097232e+29,0,"NoError_anova"
"8","Residuals                ",441,1.87199433772189e-26,4.24488511955077e-29,NA,NA,"NoError_anova"
