"","Fixed_effect","Df","Sum Sq","Mean Sq","F value","Pr(>F)","data_class"
"1","exp_env_factor           ",2,5.59421030633882,2.79710515316941,2.88925654795033,0.0685948303401061,"Raw_anova"
"2","gen_factor               ",2,0.0143206608134846,0.00716033040674232,0.00739622945162658,0.992632563295689,"Raw_anova"
"3","exp_env_factor:gen_factor",4,3.53967105542902,0.884917763857255,0.914071621771196,0.466275765142232,"Raw_anova"
"4","Residuals                ",36,34.8517979774187,0.968105499372741,NA,NA,"Raw_anova"
"5","exp_env_factor           ",2,7.48754567559626,3.74377283779813,9.38842949587758e+30,0,"NoError_anova"
"6","gen_factor               ",2,18.8225528648516,9.41127643242581,2.36010861449624e+31,0,"NoError_anova"
"7","exp_env_factor:gen_factor",4,17.6899014595521,4.42247536488802,1.10904427056334e+31,0,"NoError_anova"
"8","Residuals                ",36,1.43555237028634e-29,3.98764547301762e-31,NA,NA,"NoError_anova"
