"","Fixed_effect","Df","Sum Sq","Mean Sq","F value","Pr(>F)","data_class"
"1","exp_env_factor           ",1,16.6703282133842,16.6703282133842,31.3234773000002,6.81742147456079e-07,"Raw_anova"
"2","gen_factor               ",1,12.5093714045948,12.5093714045948,23.5050567819356,1.02894092710485e-05,"Raw_anova"
"3","exp_env_factor:gen_factor",1,0.0171475899932993,0.0171475899932993,0.0322202501972084,0.858193032365708,"Raw_anova"
"4","Residuals                ",56,29.8031527920276,0.532199157000494,NA,NA,"Raw_anova"
"5","exp_env_factor           ",1,43.7077991207554,43.7077991207554,4.54285235717592e+31,0,"NoError_anova"
"6","gen_factor               ",1,14.0053810616616,14.0053810616616,1.45567563796419e+31,0,"NoError_anova"
"7","exp_env_factor:gen_factor",1,1.28681981758298,1.28681981758298,1.33748039461259e+30,0,"NoError_anova"
"8","Residuals                ",56,5.3878853159205e-29,9.62122377842947e-31,NA,NA,"NoError_anova"
