"","Fixed_effect","Df","Sum Sq","Mean Sq","F value","Pr(>F)","data_class"
"1","exp_env_factor           ",2,17.5702380922497,8.78511904612484,14.9955840078408,1.43894341265288e-06,"Raw_anova"
"2","gen_factor               ",2,29.4827945922949,14.7413972961475,25.1625345526588,6.39084656233322e-10,"Raw_anova"
"3","exp_env_factor:gen_factor",4,13.1302357208109,3.28255893020273,5.603098596627,0.000348728474747047,"Raw_anova"
"4","Residuals                ",126,73.8167315946444,0.585847076147972,NA,NA,"Raw_anova"
"5","exp_env_factor           ",2,49.8902461414548,24.9451230707274,3.01046066427833e+30,0,"NoError_anova"
"6","gen_factor               ",2,50.4306013534579,25.215300676729,3.0430665990308e+30,0,"NoError_anova"
"7","exp_env_factor:gen_factor",4,33.679152505087,8.41978812627175,1.01612811786219e+30,0,"NoError_anova"
"8","Residuals                ",126,1.04405466718334e-27,8.28614815224875e-30,NA,NA,"NoError_anova"
