"","Fixed_effect","Df","Sum Sq","Mean Sq","F value","Pr(>F)","data_class"
"1","exp_env_factor           ",6,61.0846157457018,10.1807692909503,74.7818980180743,1.01729809693123e-71,"Raw_anova"
"2","gen_factor               ",6,247.861815017767,41.3103025029612,303.44100142003,2.92977532483656e-189,"Raw_anova"
"3","exp_env_factor:gen_factor",36,331.661880623546,9.21283001732073,67.6719897213999,1.49055722225513e-199,"Raw_anova"
"4","Residuals                ",686,93.3916886129838,0.136139487774029,NA,NA,"Raw_anova"
"5","exp_env_factor           ",6,68.6316224811882,11.4386037468647,2.11034501491709e+28,0,"NoError_anova"
"6","gen_factor               ",6,303.359640207892,50.5599400346486,9.32796692392404e+28,0,"NoError_anova"
"7","exp_env_factor:gen_factor",36,362.008737310919,10.0557982586366,1.85522675632001e+28,0,"NoError_anova"
"8","Residuals                ",686,3.71829350882585e-25,5.42025292831756e-28,NA,NA,"NoError_anova"
