"","Fixed_effect","Df","Sum Sq","Mean Sq","F value","Pr(>F)","data_class"
"1","exp_env_factor           ",1,2.53328719429558,2.53328719429558,2.93313287777939,0.0953809206154412,"Raw_anova"
"2","gen_factor               ",1,3.85532897183874,3.85532897183874,4.46384136288189,0.0416205275617985,"Raw_anova"
"3","exp_env_factor:gen_factor",1,1.5189162250729,1.5189162250729,1.75865694516832,0.193144871781765,"Raw_anova"
"4","Residuals                ",36,31.0924676087928,0.863679655799799,NA,NA,"Raw_anova"
"5","exp_env_factor           ",1,23.8516565134373,23.8516565134373,1.04696968877527e+32,0,"NoError_anova"
"6","gen_factor               ",1,12.8360573203,12.8360573203,5.63439395924758e+31,0,"NoError_anova"
"7","exp_env_factor:gen_factor",1,2.31228616626274,2.31228616626274,1.01497920133455e+31,0,"NoError_anova"
"8","Residuals                ",36,8.20138007517862e-30,2.27816113199406e-31,NA,NA,"NoError_anova"
