"","Fixed_effect","Df","Sum Sq","Mean Sq","F value","Pr(>F)","data_class"
"1","exp_env_factor           ",1,4.5699430315931,4.5699430315931,7.71172518844096,0.01346483874502,"Raw_anova"
"2","gen_factor               ",1,0.860447132801274,0.860447132801274,1.45199443001201,0.245729062576913,"Raw_anova"
"3","exp_env_factor:gen_factor",1,4.08806235838389,4.08806235838389,6.89855721244653,0.0183257646462508,"Raw_anova"
"4","Residuals                ",16,9.48154747722173,0.592596717326358,NA,NA,"Raw_anova"
"5","exp_env_factor           ",1,5.49120551874043,5.49120551874043,4.24127469907402e+31,8.05540283137392e-245,"NoError_anova"
"6","gen_factor               ",1,12.0695855618035,12.0695855618035,9.32225677893188e+31,1.4787337572972e-247,"NoError_anova"
"7","exp_env_factor:gen_factor",1,1.4392089194561,1.4392089194561,1.11161025678947e+31,3.61774635622888e-240,"NoError_anova"
"8","Residuals                ",16,2.07153024818291e-30,1.29470640511432e-31,NA,NA,"NoError_anova"
