"","Fixed_effect","Df","Sum Sq","Mean Sq","F value","Pr(>F)","data_class"
"1","exp_env_factor           ",9,93.4825072912089,10.3869452545788,102.698362985229,2.43051137824468e-147,"Raw_anova"
"2","gen_factor               ",9,139.375669756952,15.4861855285502,153.115845293068,3.20632214133885e-201,"Raw_anova"
"3","exp_env_factor:gen_factor",81,1124.5453755138,13.8832762409112,137.267474494947,0,"Raw_anova"
"4","Residuals                ",1400,141.596447438036,0.101140319598597,NA,NA,"Raw_anova"
"5","exp_env_factor           ",9,101.745362887582,11.3050403208424,2.06789233734389e+28,0,"NoError_anova"
"6","gen_factor               ",9,151.408792865338,16.8231992072597,3.07726144648637e+28,0,"NoError_anova"
"7","exp_env_factor:gen_factor",81,1245.84584424708,15.3808128919393,2.81342341280489e+28,0,"NoError_anova"
"8","Residuals                ",1400,7.65371395955191e-25,5.46693854253708e-28,NA,NA,"NoError_anova"
