"","Fixed_effect","Df","Sum Sq","Mean Sq","F value","Pr(>F)","data_class"
"1","exp_env_factor           ",1,5.49223775172832,5.49223775172832,9.19319130692702,0.00793111066569626,"Raw_anova"
"2","gen_factor               ",1,3.8852148973164,3.8852148973164,6.50327342590235,0.0213966953976632,"Raw_anova"
"3","exp_env_factor:gen_factor",1,0.0637552956393845,0.0637552956393845,0.106716907777365,0.74814773874142,"Raw_anova"
"4","Residuals                ",16,9.5587920553159,0.597424503457244,NA,NA,"Raw_anova"
"5","exp_env_factor           ",1,11.8785684484731,11.8785684484731,1.29276591107927e+32,1.08118333772498e-248,"NoError_anova"
"6","gen_factor               ",1,7.09195958404903,7.09195958404903,7.71830682525473e+31,6.69702877707637e-247,"NoError_anova"
"7","exp_env_factor:gen_factor",1,0.0294719674778873,0.0294719674778873,3.20748708509124e+29,7.52903206219677e-228,"NoError_anova"
"8","Residuals                ",16,1.470158623048e-30,9.18849139404998e-32,NA,NA,"NoError_anova"
