"","Fixed_effect","Df","Sum Sq","Mean Sq","F value","Pr(>F)","data_class"
"1","exp_env_factor           ",2,29.4187977469115,14.7093988734557,20.0217464349328,2.81427884915308e-08,"Raw_anova"
"2","gen_factor               ",2,1.67096222724981,0.835481113624906,1.13721785316188,0.323979279063236,"Raw_anova"
"3","exp_env_factor:gen_factor",4,10.3416789325993,2.58541973314983,3.51915253439831,0.00927841722515107,"Raw_anova"
"4","Residuals                ",126,92.5685610932393,0.734671119787614,NA,NA,"Raw_anova"
"5","exp_env_factor           ",2,106.767411114995,53.3837055574977,5.23273660213483e+31,0,"NoError_anova"
"6","gen_factor               ",2,0.997321023990979,0.498660511995489,4.88793178725228e+29,0,"NoError_anova"
"7","exp_env_factor:gen_factor",4,26.2352678610137,6.55881696525342,6.42903321198245e+30,0,"NoError_anova"
"8","Residuals                ",126,1.28543578851275e-28,1.02018713374028e-30,NA,NA,"NoError_anova"
