"","Fixed_effect","Df","Sum Sq","Mean Sq","F value","Pr(>F)","data_class"
"1","exp_env_factor           ",6,62.4575855630505,10.4095975938417,41.2395464459457,5.58567353849342e-43,"Raw_anova"
"2","gen_factor               ",6,107.167260722342,17.8612101203903,70.7604878767259,1.51387067628408e-68,"Raw_anova"
"3","exp_env_factor:gen_factor",36,391.216509529822,10.8671252647173,43.0521269480527,1.10163784162902e-150,"Raw_anova"
"4","Residuals                ",686,173.158644184785,0.252417848665867,NA,NA,"Raw_anova"
"5","exp_env_factor           ",6,78.8051100174472,13.1341850029079,2.37783748463248e+28,0,"NoError_anova"
"6","gen_factor               ",6,144.915112186358,24.1525186977264,4.37261728040421e+28,0,"NoError_anova"
"7","exp_env_factor:gen_factor",36,510.279777796194,14.1744382721165,2.56616688736955e+28,0,"NoError_anova"
"8","Residuals                ",686,3.78917860039849e-25,5.52358396559547e-28,NA,NA,"NoError_anova"
