"","Fixed_effect","Df","Sum Sq","Mean Sq","F value","Pr(>F)","data_class"
"1","exp_env_factor           ",2,30.2639245687513,15.1319622843757,29.0160032824755,4.31581254990052e-11,"Raw_anova"
"2","gen_factor               ",2,15.2724083922106,7.6362041961053,14.6426565078494,1.91483028507794e-06,"Raw_anova"
"3","exp_env_factor:gen_factor",4,22.754160830688,5.68854020767199,10.9079508814752,1.25900814834029e-07,"Raw_anova"
"4","Residuals                ",126,65.7095062083501,0.521504017526588,NA,NA,"Raw_anova"
"5","exp_env_factor           ",2,43.3257328551882,21.6628664275941,1.36217998437642e+31,0,"NoError_anova"
"6","gen_factor               ",2,42.2234657731186,21.1117328865593,1.32752422536939e+31,0,"NoError_anova"
"7","exp_env_factor:gen_factor",4,48.4508013716933,12.1127003429233,7.61657189690387e+30,0,"NoError_anova"
"8","Residuals                ",126,2.0037889274422e-28,1.59030867257317e-30,NA,NA,"NoError_anova"
