"","Fixed_effect","Df","Sum Sq","Mean Sq","F value","Pr(>F)","data_class"
"1","exp_env_factor           ",9,57.5089331698959,6.38988146332176,14.7601336501136,4.40770882069397e-23,"Raw_anova"
"2","gen_factor               ",9,76.3870445537577,8.48744939486197,19.6053538920602,3.15892216963673e-31,"Raw_anova"
"3","exp_env_factor:gen_factor",81,759.023192609767,9.37065669888601,21.6454946869998,7.33733945595958e-192,"Raw_anova"
"4","Residuals                ",1400,606.08082966658,0.432914878333272,NA,NA,"Raw_anova"
"5","exp_env_factor           ",9,109.949351973371,12.2165946637079,8.17880600336993e+27,0,"NoError_anova"
"6","gen_factor               ",9,104.615243911299,11.6239159901444,7.78201753433684e+27,0,"NoError_anova"
"7","exp_env_factor:gen_factor",81,1284.43540411533,15.8572272113004,1.0616148663577e+28,0,"NoError_anova"
"8","Residuals                ",1400,2.09116496003743e-24,1.4936892571696e-27,NA,NA,"NoError_anova"
