"","Fixed_effect","Df","Sum Sq","Mean Sq","F value","Pr(>F)","data_class"
"1","exp_env_factor           ",9,29.1337122785383,3.23707914205981,4.89618618309958,3.06607038028766e-06,"Raw_anova"
"2","gen_factor               ",9,11.2646580609995,1.25162867344438,1.89312857312168,0.0514386507381242,"Raw_anova"
"3","exp_env_factor:gen_factor",81,194.144436162927,2.39684489090034,3.62530488840369,9.65366919839695e-18,"Raw_anova"
"4","Residuals                ",400,264.457193497535,0.661142983743837,NA,NA,"Raw_anova"
"5","exp_env_factor           ",9,87.0692525336068,9.67436139262298,7.53940668043839e+28,0,"NoError_anova"
"6","gen_factor               ",9,19.7657388856227,2.19619320951363,1.71153351454976e+28,0,"NoError_anova"
"7","exp_env_factor:gen_factor",81,392.165008580771,4.84154331581198,3.77310320934454e+28,0,"NoError_anova"
"8","Residuals                ",400,5.13269110033494e-26,1.28317277508373e-28,NA,NA,"NoError_anova"
