"","Fixed_effect","Df","Sum Sq","Mean Sq","F value","Pr(>F)","data_class"
"1","exp_env_factor           ",6,60.433983606976,10.0723306011627,45.003790972021,1.73858775919447e-46,"Raw_anova"
"2","gen_factor               ",6,89.4394030371661,14.906567172861,66.6034565108882,3.3977724082941e-65,"Raw_anova"
"3","exp_env_factor:gen_factor",36,430.592463384061,11.9609017606684,53.4420427593849,2.83189174740343e-173,"Raw_anova"
"4","Residuals                ",686,153.534149971795,0.2238107142446,NA,NA,"Raw_anova"
"5","exp_env_factor           ",6,66.2518925272776,11.0419820878796,2.30676365469765e+28,0,"NoError_anova"
"6","gen_factor               ",6,93.7050852025349,15.6175142004225,3.26263109716538e+28,0,"NoError_anova"
"7","exp_env_factor:gen_factor",36,574.043022270187,15.9456395075052,3.33117925514471e+28,0,"NoError_anova"
"8","Residuals                ",686,3.2837346369922e-25,4.78678518511983e-28,NA,NA,"NoError_anova"
