"","Fixed_effect","Df","Sum Sq","Mean Sq","F value","Pr(>F)","data_class"
"1","exp_env_factor           ",9,47.6054333451059,5.28949259390065,15.4107900922771,3.49801693021046e-24,"Raw_anova"
"2","gen_factor               ",9,503.94260615209,55.9936229057878,163.135868665784,6.94826472844012e-211,"Raw_anova"
"3","exp_env_factor:gen_factor",81,466.925680726142,5.76451457686595,16.7947534760497,1.81268142533069e-153,"Raw_anova"
"4","Residuals                ",1400,480.526279776661,0.343233056983329,NA,NA,"Raw_anova"
"5","exp_env_factor           ",9,75.5341785935813,8.39268651039793,8.43951539338595e+27,0,"NoError_anova"
"6","gen_factor               ",9,788.640134334712,87.6266815927458,8.81156143812935e+28,0,"NoError_anova"
"7","exp_env_factor:gen_factor",81,634.825687071707,7.83735416137909,7.88108444255953e+27,0,"NoError_anova"
"8","Residuals                ",1400,1.39223172977034e-24,9.9445123555024e-28,NA,NA,"NoError_anova"
