"","Fixed_effect","Df","Sum Sq","Mean Sq","F value","Pr(>F)","data_class"
"1","exp_env_factor           ",4,17.2844832860087,4.32112082150219,12.8002091867625,2.10023254467892e-09,"Raw_anova"
"2","gen_factor               ",4,80.3790731099074,20.0947682774768,59.5255833234964,3.17363997004502e-34,"Raw_anova"
"3","exp_env_factor:gen_factor",16,75.3804829902951,4.71128018689345,13.9559559708681,9.76691167776282e-26,"Raw_anova"
"4","Residuals                ",225,75.9559606137887,0.337582047172394,NA,NA,"Raw_anova"
"5","exp_env_factor           ",4,28.1089789531618,7.02724473829044,1.61489185477914e+29,0,"NoError_anova"
"6","gen_factor               ",4,119.24919527961,29.8122988199026,6.85099784189596e+29,0,"NoError_anova"
"7","exp_env_factor:gen_factor",16,101.641825767228,6.35261411045175,1.4598587590987e+29,0,"NoError_anova"
"8","Residuals                ",225,9.7909346773663e-27,4.35152652327391e-29,NA,NA,"NoError_anova"
