"","Fixed_effect","Df","Sum Sq","Mean Sq","F value","Pr(>F)","data_class"
"1","exp_env_factor           ",9,109.563052568448,12.1736725076054,235.848802986119,6.09420727312882e-154,"Raw_anova"
"2","gen_factor               ",9,15.2534785310063,1.69483094788959,32.8351078997619,4.62136240519047e-43,"Raw_anova"
"3","exp_env_factor:gen_factor",81,353.536898125587,4.36465306327885,84.5593800704682,6.26468195905433e-208,"Raw_anova"
"4","Residuals                ",400,20.6465707749586,0.0516164269373964,NA,NA,"Raw_anova"
"5","exp_env_factor           ",9,112.68193827982,12.5202153644245,1.01232779682526e+29,0,"NoError_anova"
"6","gen_factor               ",9,15.1377645761284,1.68197384179204,1.35996771941896e+28,0,"NoError_anova"
"7","exp_env_factor:gen_factor",81,371.180297144052,4.58247280424755,3.70517955395319e+28,0,"NoError_anova"
"8","Residuals                ",400,4.94709931059438e-26,1.2367748276486e-28,NA,NA,"NoError_anova"
