"","Fixed_effect","Df","Sum Sq","Mean Sq","F value","Pr(>F)","data_class"
"1","exp_env_factor           ",9,15.2383852648483,1.69315391831647,3.32137135944263,0.000502811631468761,"Raw_anova"
"2","gen_factor               ",9,648.831930725869,72.0924367473188,141.419957190341,1.53868001728458e-189,"Raw_anova"
"3","exp_env_factor:gen_factor",81,121.243911142004,1.49683840916054,2.93626950752521,1.35162138550084e-15,"Raw_anova"
"4","Residuals                ",1400,713.68577286728,0.509775552048057,NA,NA,"Raw_anova"
"5","exp_env_factor           ",9,23.5704624931301,2.61894027701445,1.97154949436023e+28,0,"NoError_anova"
"6","gen_factor               ",9,1303.64835811737,144.849817568597,1.09043565098435e+30,0,"NoError_anova"
"7","exp_env_factor:gen_factor",81,171.781179389498,2.12075530110492,1.59651370374954e+28,0,"NoError_anova"
"8","Residuals                ",1400,1.85971308268374e-25,1.32836648763124e-28,NA,NA,"NoError_anova"
