"","Fixed_effect","Df","Sum Sq","Mean Sq","F value","Pr(>F)","data_class"
"1","exp_env_factor           ",2,37.5787219270672,18.7893609635336,49.8111263189128,7.84165020282478e-15,"Raw_anova"
"2","gen_factor               ",2,6.4224430189031,3.21122150945155,8.51303887107929,0.00044086682405482,"Raw_anova"
"3","exp_env_factor:gen_factor",4,14.4446526751351,3.61116316878377,9.57329549991602,2.17197499843166e-06,"Raw_anova"
"4","Residuals                ",81,30.5541823788946,0.377212128134502,NA,NA,"Raw_anova"
"5","exp_env_factor           ",2,53.3567501127039,26.678375056352,3.2009360738666e+31,0,"NoError_anova"
"6","gen_factor               ",2,9.85310217748978,4.92655108874489,5.91099535350284e+30,0,"NoError_anova"
"7","exp_env_factor:gen_factor",4,25.7901477098063,6.44753692745158,7.73591101222371e+30,0,"NoError_anova"
"8","Residuals                ",81,6.75098886606059e-29,8.33455415563036e-31,NA,NA,"NoError_anova"
