"","Fixed_effect","Df","Sum Sq","Mean Sq","F value","Pr(>F)","data_class"
"1","exp_env_factor           ",6,74.2674268533501,12.3779044755583,123.02259702603,6.3982991438335e-91,"Raw_anova"
"2","gen_factor               ",6,118.651737018044,19.7752895030073,196.544372789871,3.17762649526909e-121,"Raw_anova"
"3","exp_env_factor:gen_factor",36,251.709671759785,6.99193532666069,69.4920569004505,4.2417940496799e-158,"Raw_anova"
"4","Residuals                ",441,44.3711643688212,0.100614885190071,NA,NA,"Raw_anova"
"5","exp_env_factor           ",6,77.0174031401209,12.8362338566868,1.59188688006359e+29,0,"NoError_anova"
"6","gen_factor               ",6,127.494432461792,21.2490720769654,2.6352058890876e+29,0,"NoError_anova"
"7","exp_env_factor:gen_factor",36,284.488164398087,7.90244901105798,9.80023038028514e+28,0,"NoError_anova"
"8","Residuals                ",441,3.55601845941011e-26,8.06353392156486e-29,NA,NA,"NoError_anova"
