"","Fixed_effect","Df","Sum Sq","Mean Sq","F value","Pr(>F)","data_class"
"1","exp_env_factor           ",9,44.4540064114178,4.93933404571309,216.001643824281,1.38682359498689e-147,"Raw_anova"
"2","gen_factor               ",9,39.0956377814436,4.34395975349374,189.965375651304,1.80094450284894e-138,"Raw_anova"
"3","exp_env_factor:gen_factor",81,406.303510517885,5.01609272244302,219.35837171472,3.83130884027053e-287,"Raw_anova"
"4","Residuals                ",400,9.14684528925398,0.0228671132231349,NA,NA,"Raw_anova"
"5","exp_env_factor           ",9,43.7701022301402,4.8633446922378,4.31560409765896e+28,0,"NoError_anova"
"6","gen_factor               ",9,45.9811314451239,5.10901460501376,4.53360511328502e+28,0,"NoError_anova"
"7","exp_env_factor:gen_factor",81,409.248766324736,5.05245390524366,4.48341463674242e+28,0,"NoError_anova"
"8","Residuals                ",400,4.50768382102146e-26,1.12692095525536e-28,NA,NA,"NoError_anova"
