"","row","aov_coefs"
"(Intercept)",24212,0.186758357113496
"exp_env_factorE_2",24212,0.329931132588232
"gen_factorG_2",24212,-1.48385887561283
"exp_env_factorE_2:gen_factorG_2",24212,1.56082205759522
