"","Fixed_effect","Df","Sum Sq","Mean Sq","F value","Pr(>F)","data_class"
"1","exp_env_factor           ",9,23.1869600011088,2.57632888901209,21.5287618568873,1.01961211449136e-29,"Raw_anova"
"2","gen_factor               ",9,130.627194789205,14.5141327543561,121.285488417435,1.64609987262989e-108,"Raw_anova"
"3","exp_env_factor:gen_factor",81,297.318180433824,3.67059482017067,30.6728547327978,1.83589052938053e-129,"Raw_anova"
"4","Residuals                ",400,47.8676647758617,0.119669161939654,NA,NA,"Raw_anova"
"5","exp_env_factor           ",9,27.7210098498304,3.08011220553671,5.90996019932628e+28,0,"NoError_anova"
"6","gen_factor               ",9,142.347391613452,15.8163768459392,3.03476469100768e+29,0,"NoError_anova"
"7","exp_env_factor:gen_factor",81,328.931598536717,4.06088393255206,7.79181432816805e+28,0,"NoError_anova"
"8","Residuals                ",400,2.08469235098256e-26,5.2117308774564e-29,NA,NA,"NoError_anova"
