"","Fixed_effect","Df","Sum Sq","Mean Sq","F value","Pr(>F)","data_class"
"1","exp_env_factor           ",1,1.88216058271603,1.88216058271603,2.33453932661301,0.146058940122932,"Raw_anova"
"2","gen_factor               ",1,0.996472559977124,0.996472559977124,1.2359755062984,0.28267477532304,"Raw_anova"
"3","exp_env_factor:gen_factor",1,3.22179006279331,3.22179006279331,3.99614978272913,0.0628855453065818,"Raw_anova"
"4","Residuals                ",16,12.8995767945135,0.806223549657096,NA,NA,"Raw_anova"
"5","exp_env_factor           ",1,3.61430970287796,3.61430970287796,2.15955913878311e+31,1.78294384549743e-242,"NoError_anova"
"6","gen_factor               ",1,4.01369421712209,4.01369421712209,2.3981923906424e+31,7.70879172875791e-243,"NoError_anova"
"7","exp_env_factor:gen_factor",1,11.3719960799999,11.3719960799999,6.79479626253786e+31,1.8562948666035e-246,"NoError_anova"
"8","Residuals                ",16,2.67781299467601e-30,1.67363312167251e-31,NA,NA,"NoError_anova"
