"","Fixed_effect","Df","Sum Sq","Mean Sq","F value","Pr(>F)","data_class"
"1","exp_env_factor           ",6,158.123037846616,26.3538396411027,532.978409867051,2.2204889498136e-254,"Raw_anova"
"2","gen_factor               ",6,109.961537289831,18.3269228816386,370.642545763138,1.95831177980955e-211,"Raw_anova"
"3","exp_env_factor:gen_factor",36,431.995225359963,11.9998673711101,242.68456957956,0,"Raw_anova"
"4","Residuals                ",686,33.9201995035898,0.0494463549615012,NA,NA,"Raw_anova"
"5","exp_env_factor           ",6,161.592934096337,26.9321556827229,2.51634899010012e+28,0,"NoError_anova"
"6","gen_factor               ",6,115.225648721199,19.2042747868664,1.79431078725485e+28,0,"NoError_anova"
"7","exp_env_factor:gen_factor",36,457.181417182463,12.699483810624,1.18654940355022e+28,0,"NoError_anova"
"8","Residuals                ",686,7.34216870197039e-25,1.07028698279452e-27,NA,NA,"NoError_anova"
