"","Fixed_effect","Df","Sum Sq","Mean Sq","F value","Pr(>F)","data_class"
"1","exp_env_factor           ",1,1.63915416140931,1.63915416140931,1.64390612477852,0.205072908110219,"Raw_anova"
"2","gen_factor               ",1,1.09499623758895,1.09499623758895,1.09817066872724,0.299169837081291,"Raw_anova"
"3","exp_env_factor:gen_factor",1,0.427726209808447,0.427726209808447,0.428966202561363,0.515178035879698,"Raw_anova"
"4","Residuals                ",56,55.8381233911933,0.997109346271309,NA,NA,"Raw_anova"
"5","exp_env_factor           ",1,4.34318817487694,4.34318817487694,3.27437992563937e+30,0,"NoError_anova"
"6","gen_factor               ",1,44.6399432863751,44.6399432863751,3.36545708574389e+31,0,"NoError_anova"
"7","exp_env_factor:gen_factor",1,10.016868538748,10.016868538748,7.5518333400266e+30,0,"NoError_anova"
"8","Residuals                ",56,7.42792660951268e-29,1.32641546598441e-30,NA,NA,"NoError_anova"
