"","Fixed_effect","Df","Sum Sq","Mean Sq","F value","Pr(>F)","data_class"
"1","exp_env_factor           ",6,79.9294676279334,13.3215779379889,144.946908529646,2.84221676740267e-69,"Raw_anova"
"2","gen_factor               ",6,33.7799077558489,5.62998462597482,61.2576731077309,2.38815160700593e-42,"Raw_anova"
"3","exp_env_factor:gen_factor",36,112.276930482743,3.11880362452063,33.9344892766933,4.38338641563709e-66,"Raw_anova"
"4","Residuals                ",196,18.013694133475,0.0919066027218115,NA,NA,"Raw_anova"
"5","exp_env_factor           ",6,79.7759397265502,13.295989954425,1.01126737206243e+30,0,"NoError_anova"
"6","gen_factor               ",6,33.0955688554896,5.5159281425816,4.19530864294708e+29,0,"NoError_anova"
"7","exp_env_factor:gen_factor",36,131.12849141796,3.64245809494334,2.77038343000173e+29,0,"NoError_anova"
"8","Residuals                ",196,2.57697825823499e-27,1.3147848256301e-29,NA,NA,"NoError_anova"
