"","Fixed_effect","Df","Sum Sq","Mean Sq","F value","Pr(>F)","data_class"
"1","exp_env_factor           ",6,28.4809615413846,4.74682692356411,17.3078084449763,5.23302478286286e-18,"Raw_anova"
"2","gen_factor               ",6,78.1380227556598,13.02300379261,47.484279214346,7.24455503246624e-45,"Raw_anova"
"3","exp_env_factor:gen_factor",36,261.432677272541,7.26201881312615,26.4786630238097,3.64534861724699e-88,"Raw_anova"
"4","Residuals                ",441,120.948338430414,0.274259270817266,NA,NA,"Raw_anova"
"5","exp_env_factor           ",6,42.3639476102073,7.06065793503454,5.66932202491952e+28,0,"NoError_anova"
"6","gen_factor               ",6,98.1137893326888,16.3522982221148,1.31300008188591e+29,0,"NoError_anova"
"7","exp_env_factor:gen_factor",36,348.522263057104,9.68117397380844,7.77345303253546e+28,0,"NoError_anova"
"8","Residuals                ",441,5.4922795629949e-26,1.24541486689227e-28,NA,NA,"NoError_anova"
