"","Fixed_effect","Df","Sum Sq","Mean Sq","F value","Pr(>F)","data_class"
"1","exp_env_factor           ",1,2.16576551439917,2.16576551439917,3.97275913073944,0.0538630453643046,"Raw_anova"
"2","gen_factor               ",1,7.5085309539751,7.5085309539751,13.7732292381245,0.000693709164510061,"Raw_anova"
"3","exp_env_factor:gen_factor",1,9.7001596834997,9.7001596834997,17.7934304041889,0.000158700012315956,"Raw_anova"
"4","Residuals                ",36,19.625543848126,0.545153995781279,NA,NA,"Raw_anova"
"5","exp_env_factor           ",1,7.55606115710322,7.55606115710322,1.1701345886808e+31,0,"NoError_anova"
"6","gen_factor               ",1,8.17535875824946,8.17535875824946,1.26603925762422e+31,0,"NoError_anova"
"7","exp_env_factor:gen_factor",1,23.2685800846474,23.2685800846474,3.60338142061481e+31,0,"NoError_anova"
"8","Residuals                ",36,2.32467448007317e-29,6.45742911131436e-31,NA,NA,"NoError_anova"
