"","Fixed_effect","Df","Sum Sq","Mean Sq","F value","Pr(>F)","data_class"
"1","exp_env_factor           ",4,39.7014735133383,9.92536837833458,14.7704815857296,9.89617779036506e-11,"Raw_anova"
"2","gen_factor               ",4,33.6258264500071,8.40645661250177,12.5101062109925,3.31296408425924e-09,"Raw_anova"
"3","exp_env_factor:gen_factor",16,24.4787208719618,1.52992005449761,2.27675740901691,0.00424069097173204,"Raw_anova"
"4","Residuals                ",225,151.193979164693,0.671973240731968,NA,NA,"Raw_anova"
"5","exp_env_factor           ",4,97.4330742057732,24.3582685514433,7.75537779049433e+30,0,"NoError_anova"
"6","gen_factor               ",4,70.4552633456694,17.6138158364174,5.60802570408948e+30,0,"NoError_anova"
"7","exp_env_factor:gen_factor",16,81.1116624485573,5.06947890303483,1.61406070431251e+30,0,"NoError_anova"
"8","Residuals                ",225,7.06685163783028e-28,3.14082295014679e-30,NA,NA,"NoError_anova"
