"","Fixed_effect","Df","Sum Sq","Mean Sq","F value","Pr(>F)","data_class"
"1","exp_env_factor           ",1,1.47528337670031,1.47528337670031,1.59262712015885,0.212182088137532,"Raw_anova"
"2","gen_factor               ",1,5.62615748640703,5.62615748640703,6.07366092281049,0.0168156569222773,"Raw_anova"
"3","exp_env_factor:gen_factor",1,0.0246031747606119,0.0246031747606119,0.0265601063392976,0.871126613615208,"Raw_anova"
"4","Residuals                ",56,51.873955962132,0.926320642180929,NA,NA,"Raw_anova"
"5","exp_env_factor           ",1,51.2746530776099,51.2746530776099,1.98278556045495e+32,0,"NoError_anova"
"6","gen_factor               ",1,7.57524566533873,7.57524566533873,2.92933970696944e+31,0,"NoError_anova"
"7","exp_env_factor:gen_factor",1,0.150101257051323,0.150101257051323,5.80440017091918e+29,0,"NoError_anova"
"8","Residuals                ",56,1.44815487343337e-29,2.58599084541674e-31,NA,NA,"NoError_anova"
