"","Fixed_effect","Df","Sum Sq","Mean Sq","F value","Pr(>F)","data_class"
"1","exp_env_factor           ",9,99.231841180396,11.0257601311551,33.1413485197681,2.13428713114891e-43,"Raw_anova"
"2","gen_factor               ",9,18.7107018949788,2.07896687721987,6.24898102438397,2.82644330522153e-08,"Raw_anova"
"3","exp_env_factor:gen_factor",81,247.981880659785,3.06150469950352,9.20230378987251,5.16597240916329e-54,"Raw_anova"
"4","Residuals                ",400,133.07557626484,0.332688940662101,NA,NA,"Raw_anova"
"5","exp_env_factor           ",9,125.246761375836,13.9163068195374,6.02563621956798e+28,0,"NoError_anova"
"6","gen_factor               ",9,28.7504776754871,3.19449751949856,1.38318881628758e+28,0,"NoError_anova"
"7","exp_env_factor:gen_factor",81,345.002760948677,4.25929334504539,1.8442358725261e+28,0,"NoError_anova"
"8","Residuals                ",400,9.23806636341225e-26,2.30951659085306e-28,NA,NA,"NoError_anova"
