"","Fixed_effect","Df","Sum Sq","Mean Sq","F value","Pr(>F)","data_class"
"1","exp_env_factor           ",1,3.70847708172897,3.70847708172897,4.1903490890878,0.0453580172711439,"Raw_anova"
"2","gen_factor               ",1,0.733999170359429,0.733999170359429,0.829373537202196,0.366357210672929,"Raw_anova"
"3","exp_env_factor:gen_factor",1,4.997281352443,4.997281352443,5.64661797865612,0.0209337252586247,"Raw_anova"
"4","Residuals                ",56,49.5602423954686,0.885004328490511,NA,NA,"Raw_anova"
"5","exp_env_factor           ",1,25.7905872347373,25.7905872347373,2.20209240638711e+31,0,"NoError_anova"
"6","gen_factor               ",1,6.18661075773626,6.18661075773626,5.2823491170974e+30,0,"NoError_anova"
"7","exp_env_factor:gen_factor",1,27.0228020075265,27.0228020075265,2.30730330249816e+31,0,"NoError_anova"
"8","Residuals                ",56,6.55863886981407e-29,1.1711855124668e-30,NA,NA,"NoError_anova"
