"","Fixed_effect","Df","Sum Sq","Mean Sq","F value","Pr(>F)","data_class"
"1","exp_env_factor           ",9,77.4010978752622,8.60012198614025,144.097298716701,1.20405186874455e-119,"Raw_anova"
"2","gen_factor               ",9,154.562445939994,17.1736051044438,287.748256218437,1.18379185931153e-168,"Raw_anova"
"3","exp_env_factor:gen_factor",81,243.16335915175,3.00201677965124,50.2995782323895,1.20900202740398e-166,"Raw_anova"
"4","Residuals                ",400,23.8730970329938,0.0596827425824844,NA,NA,"Raw_anova"
"5","exp_env_factor           ",9,81.4262749685728,9.04736388539697,7.60581425814376e+28,0,"NoError_anova"
"6","gen_factor               ",9,160.138426779479,17.7931585310532,1.49581094081261e+29,0,"NoError_anova"
"7","exp_env_factor:gen_factor",81,257.435298251948,3.17821355866603,2.67181715095427e+28,0,"NoError_anova"
"8","Residuals                ",400,4.75813033467638e-26,1.18953258366909e-28,NA,NA,"NoError_anova"
