"","Fixed_effect","Df","Sum Sq","Mean Sq","F value","Pr(>F)","data_class"
"1","exp_env_factor           ",1,0.248922491493689,0.248922491493689,0.910426077986273,0.346364792146305,"Raw_anova"
"2","gen_factor               ",1,19.8508977153868,19.8508977153868,72.6040256269266,3.7233330957264e-10,"Raw_anova"
"3","exp_env_factor:gen_factor",1,9.05730521993759,9.05730521993759,33.126805131313,1.47448210465529e-06,"Raw_anova"
"4","Residuals                ",36,9.84287457318191,0.273413182588386,NA,NA,"Raw_anova"
"5","exp_env_factor           ",1,0.174423570848971,0.174423570848971,1.46241758123329e+29,0,"NoError_anova"
"6","gen_factor               ",1,28.0463116291805,28.0463116291805,2.35148374818994e+31,0,"NoError_anova"
"7","exp_env_factor:gen_factor",1,10.7792647999705,10.7792647999705,9.03764684986031e+30,0,"NoError_anova"
"8","Residuals                ",36,4.29374525521468e-29,1.19270701533741e-30,NA,NA,"NoError_anova"
