"","Fixed_effect","Df","Sum Sq","Mean Sq","F value","Pr(>F)","data_class"
"1","exp_env_factor           ",6,15.023921865295,2.50398697754917,9.1195881435565,1.28897257284858e-09,"Raw_anova"
"2","gen_factor               ",6,315.612296672955,52.6020494454925,191.578083572708,5.78531963960398e-143,"Raw_anova"
"3","exp_env_factor:gen_factor",36,215.007132064989,5.97242033513857,21.7517160292803,4.76311550862399e-90,"Raw_anova"
"4","Residuals                ",686,188.356649396761,0.274572375213937,NA,NA,"Raw_anova"
"5","exp_env_factor           ",6,29.9620628508184,4.99367714180306,5.23098966758899e+28,0,"NoError_anova"
"6","gen_factor               ",6,412.189311827998,68.6982186379997,7.19629366642218e+29,0,"NoError_anova"
"7","exp_env_factor:gen_factor",36,291.848625321183,8.10690625892175,8.4921675295212e+28,0,"NoError_anova"
"8","Residuals                ",686,6.54878471755005e-26,9.54633340750736e-29,NA,NA,"NoError_anova"
