"","row","aov_coefs"
"(Intercept)",2694,-0.340679004410974
"exp_env_factorE_2",2694,0.616656591765683
"gen_factorG_2",2694,0.530334247401948
"exp_env_factorE_2:gen_factorG_2",2694,-0.931265660691367
