"","Fixed_effect","Df","Sum Sq","Mean Sq","F value","Pr(>F)","data_class"
"1","exp_env_factor           ",4,20.9703207889113,5.24258019722782,66.5547628337251,7.80747038917258e-42,"Raw_anova"
"2","gen_factor               ",4,58.9667546239056,14.7416886559764,187.146320200486,1.3998107930851e-85,"Raw_anova"
"3","exp_env_factor:gen_factor",16,266.493101017773,16.6558188136108,211.446278213833,7.39197393991418e-169,"Raw_anova"
"4","Residuals                ",350,27.5698235694102,0.078770924484029,NA,NA,"Raw_anova"
"5","exp_env_factor           ",4,20.5479911681859,5.13699779204648,1.10357232636613e+29,0,"NoError_anova"
"6","gen_factor               ",4,64.0183199955827,16.0045799988957,3.43823616378428e+29,0,"NoError_anova"
"7","exp_env_factor:gen_factor",16,289.43368883623,18.0896055522644,3.88615858727189e+29,0,"NoError_anova"
"8","Residuals                ",350,1.62920833031088e-26,4.65488094374538e-29,NA,NA,"NoError_anova"
