"","Fixed_effect","Df","Sum Sq","Mean Sq","F value","Pr(>F)","data_class"
"1","exp_env_factor           ",2,12.0709444477895,6.03547222389476,7.06722047992042,0.00123315187296004,"Raw_anova"
"2","gen_factor               ",2,1.19540651711707,0.597703258558537,0.699879073766029,0.498565610562934,"Raw_anova"
"3","exp_env_factor:gen_factor",4,13.1284735107968,3.28211837769921,3.84318796540343,0.00556167326260617,"Raw_anova"
"4","Residuals                ",126,107.605175524297,0.854009329557909,NA,NA,"Raw_anova"
"5","exp_env_factor           ",2,75.1538863988878,37.5769431994439,9.3612425388442e+30,0,"NoError_anova"
"6","gen_factor               ",2,12.0085703628127,6.00428518140635,1.49579942033084e+30,0,"NoError_anova"
"7","exp_env_factor:gen_factor",4,46.8375432382994,11.7093858095749,2.91706539200222e+30,0,"NoError_anova"
"8","Residuals                ",126,5.05776324401751e-28,4.01409781271231e-30,NA,NA,"NoError_anova"
