"","Fixed_effect","Df","Sum Sq","Mean Sq","F value","Pr(>F)","data_class"
"1","exp_env_factor           ",2,9.95670383915583,4.97835191957792,5.670170426453,0.00495779534441498,"Raw_anova"
"2","gen_factor               ",2,4.38348592448715,2.19174296224358,2.49631932970172,0.0887077599794688,"Raw_anova"
"3","exp_env_factor:gen_factor",4,3.54263470940132,0.88565867735033,1.00873456143074,0.407934117342685,"Raw_anova"
"4","Residuals                ",81,71.1171755269557,0.877989821320441,NA,NA,"Raw_anova"
"5","exp_env_factor           ",2,28.3925561431769,14.1962780715885,2.20928538728144e+31,0,"NoError_anova"
"6","gen_factor               ",2,54.6185629735539,27.309281486777,4.24998694880742e+31,0,"NoError_anova"
"7","exp_env_factor:gen_factor",4,5.9888808832691,1.49722022081727,2.33003801328314e+30,0,"NoError_anova"
"8","Residuals                ",81,5.20484374910764e-29,6.42573302358968e-31,NA,NA,"NoError_anova"
