"","Fixed_effect","Df","Sum Sq","Mean Sq","F value","Pr(>F)","data_class"
"1","exp_env_factor           ",1,7.43145499679594,7.43145499679594,9.35826812327388,0.0034027075063609,"Raw_anova"
"2","gen_factor               ",1,3.897599944178,3.897599944178,4.90816203968147,0.0308131354185275,"Raw_anova"
"3","exp_env_factor:gen_factor",1,3.20102024616616,3.20102024616616,4.03097451906344,0.0495061784205155,"Raw_anova"
"4","Residuals                ",56,44.4699248128599,0.794105800229641,NA,NA,"Raw_anova"
"5","exp_env_factor           ",1,16.9982229605235,16.9982229605235,3.7312804405768e+31,0,"NoError_anova"
"6","gen_factor               ",1,42.0017424490948,42.0017424490948,9.21980376621823e+31,0,"NoError_anova"
"7","exp_env_factor:gen_factor",1,3.45903815990927e-05,3.45903815990927e-05,7.59293571995878e+25,0,"NoError_anova"
"8","Residuals                ",56,2.55113626796212e-29,4.55560047850379e-31,NA,NA,"NoError_anova"
