"","Fixed_effect","Df","Sum Sq","Mean Sq","F value","Pr(>F)","data_class"
"1","exp_env_factor           ",9,61.6507703935529,6.85008559928365,10.7794122807842,2.51682234339052e-16,"Raw_anova"
"2","gen_factor               ",9,61.0295332139633,6.78105924599592,10.6707912264129,3.84917459617581e-16,"Raw_anova"
"3","exp_env_factor:gen_factor",81,486.649685709913,6.0080208112335,9.45432467626244,2.13117417151515e-85,"Raw_anova"
"4","Residuals                ",1400,889.67001068257,0.635478579058979,NA,NA,"Raw_anova"
"5","exp_env_factor           ",9,113.271278052303,12.585697561367,8.93594275269049e+27,0,"NoError_anova"
"6","gen_factor               ",9,155.704817868572,17.3005353187302,1.22835140797934e+28,0,"NoError_anova"
"7","exp_env_factor:gen_factor",81,1230.02390407912,15.1854802972731,1.07818086321315e+28,0,"NoError_anova"
"8","Residuals                ",1400,1.97180947478749e-24,1.40843533913392e-27,NA,NA,"NoError_anova"
