"","Fixed_effect","Df","Sum Sq","Mean Sq","F value","Pr(>F)","data_class"
"1","exp_env_factor           ",2,30.8000368596453,15.4000184298227,35.3566750310504,9.16599111051788e-12,"Raw_anova"
"2","gen_factor               ",2,15.015562413315,7.50778120665749,17.2370040683823,5.79470753700764e-07,"Raw_anova"
"3","exp_env_factor:gen_factor",4,7.90389169387519,1.9759729234688,4.53660707249202,0.00234072686981884,"Raw_anova"
"4","Residuals                ",81,35.2805090331645,0.435561839915611,NA,NA,"Raw_anova"
"5","exp_env_factor           ",2,43.1469351393785,21.5734675696893,1.83607085893109e+31,0,"NoError_anova"
"6","gen_factor               ",2,38.529955974732,19.264977987366,1.63960033621341e+31,0,"NoError_anova"
"7","exp_env_factor:gen_factor",4,7.32310888588946,1.83077722147236,1.55813463676236e+30,0,"NoError_anova"
"8","Residuals                ",81,9.51733896676597e-29,1.17498011935382e-30,NA,NA,"NoError_anova"
