"","Fixed_effect","Df","Sum Sq","Mean Sq","F value","Pr(>F)","data_class"
"1","exp_env_factor           ",1,0.671574644522874,0.671574644522874,0.648194805786646,0.432560892948479,"Raw_anova"
"2","gen_factor               ",1,1.69602671433313,1.69602671433313,1.63698215183091,0.218983306643779,"Raw_anova"
"3","exp_env_factor:gen_factor",1,0.0552921656830233,0.0552921656830233,0.0533672539437418,0.820232449745401,"Raw_anova"
"4","Residuals                ",16,16.577106475461,1.03606915471631,NA,NA,"Raw_anova"
"5","exp_env_factor           ",1,0.451270528069658,0.451270528069658,6.71233852091259e+30,2.04676352849028e-238,"NoError_anova"
"6","gen_factor               ",1,18.4695502551654,18.4695502551654,2.7472184849293e+32,2.59963800457329e-251,"NoError_anova"
"7","exp_env_factor:gen_factor",1,0.0791792167649981,0.0791792167649981,1.17773635477774e+30,2.27863008861604e-232,"NoError_anova"
"8","Residuals                ",16,1.07568002218888e-30,6.72300013868051e-32,NA,NA,"NoError_anova"
