"","row","aov_coefs"
"(Intercept)",15951,0.050259113540338
"exp_env_factorE_2",15951,-0.2077633627572
"gen_factorG_2",15951,-0.833364899488281
"exp_env_factorE_2:gen_factorG_2",15951,1.88122007032961
