"","Fixed_effect","Df","Sum Sq","Mean Sq","F value","Pr(>F)","data_class"
"1","exp_env_factor           ",4,6.63017618182405,1.65754404545601,2.09348915939865,0.0825636855557951,"Raw_anova"
"2","gen_factor               ",4,28.564292698055,7.14107317451375,9.01922293908284,8.96958602425159e-07,"Raw_anova"
"3","exp_env_factor:gen_factor",16,35.6592013179016,2.22870008236885,2.81486303472946,0.000355502871901347,"Raw_anova"
"4","Residuals                ",225,178.146329802219,0.791761465787642,NA,NA,"Raw_anova"
"5","exp_env_factor           ",4,2.19307559862734,0.548268899656834,1.2711438185218e+29,0,"NoError_anova"
"6","gen_factor               ",4,180.071823878562,45.0179559696405,1.04372683712521e+31,0,"NoError_anova"
"7","exp_env_factor:gen_factor",16,66.7351005228108,4.17094378267568,9.67019907579764e+29,0,"NoError_anova"
"8","Residuals                ",225,9.70468491647489e-28,4.31319329621106e-30,NA,NA,"NoError_anova"
