"","row","aov_coefs"
"(Intercept)",26736,-1.07976949557054
"exp_env_factorE_2",26736,1.19291024381527
"gen_factorG_2",26736,1.54506439321893
"exp_env_factorE_2:gen_factorG_2",26736,-1.15687129178626
