"","Fixed_effect","Df","Sum Sq","Mean Sq","F value","Pr(>F)","data_class"
"1","exp_env_factor           ",9,15.2687307165859,1.69652563517621,9.48089065021278,6.97219133709482e-14,"Raw_anova"
"2","gen_factor               ",9,728.749234630852,80.9721371812057,452.505970090635,0,"Raw_anova"
"3","exp_env_factor:gen_factor",81,93.9346048286223,1.15968647936571,6.48081023441449,3.82262366724838e-49,"Raw_anova"
"4","Residuals                ",900,161.047429823939,0.178941588693266,NA,NA,"Raw_anova"
"5","exp_env_factor           ",9,15.0870265225585,1.67633628028427,1.91428742084657e+28,0,"NoError_anova"
"6","gen_factor               ",9,883.049623328126,98.1166248142363,1.12043999087083e+30,0,"NoError_anova"
"7","exp_env_factor:gen_factor",81,100.863350149316,1.24522654505329,1.4219828916997e+28,0,"NoError_anova"
"8","Residuals                ",900,7.88127548572952e-26,8.75697276192169e-29,NA,NA,"NoError_anova"
