"","Fixed_effect","Df","Sum Sq","Mean Sq","F value","Pr(>F)","data_class"
"1","exp_env_factor           ",4,29.951642231871,7.48791055796774,71.3406443482275,6.1614996713231e-39,"Raw_anova"
"2","gen_factor               ",4,44.5444141107966,11.1361035276991,106.098596536955,1.21788009150016e-50,"Raw_anova"
"3","exp_env_factor:gen_factor",16,150.887954610205,9.43049716313783,89.8485283623606,4.03789367650958e-88,"Raw_anova"
"4","Residuals                ",225,23.6159890471273,0.104959951320566,NA,NA,"Raw_anova"
"5","exp_env_factor           ",4,24.7135930126386,6.17839825315965,1.72033721463436e+29,0,"NoError_anova"
"6","gen_factor               ",4,58.9389147300503,14.7347286825126,4.10279510342399e+29,0,"NoError_anova"
"7","exp_env_factor:gen_factor",16,165.347492257311,10.3342182660819,2.87749988570307e+29,0,"NoError_anova"
"8","Residuals                ",225,8.08062277055594e-27,3.59138789802486e-29,NA,NA,"NoError_anova"
