"","Fixed_effect","Df","Sum Sq","Mean Sq","F value","Pr(>F)","data_class"
"1","exp_env_factor           ",9,165.197264928115,18.3552516586794,398.754439058447,6.91576410124786e-307,"Raw_anova"
"2","gen_factor               ",9,74.0181568856464,8.22423965396071,178.66560104321,1.84886020811527e-193,"Raw_anova"
"3","exp_env_factor:gen_factor",81,718.356258211122,8.86859578038422,192.663767373138,0,"Raw_anova"
"4","Residuals                ",900,41.4283199751166,0.0460314666390184,NA,NA,"Raw_anova"
"5","exp_env_factor           ",9,173.550479888297,19.2833866542552,3.52029170376439e+29,0,"NoError_anova"
"6","gen_factor               ",9,74.1832027849879,8.24257808722087,1.50472942218741e+29,0,"NoError_anova"
"7","exp_env_factor:gen_factor",81,751.266317326717,9.27489280650268,1.69318433454896e+29,0,"NoError_anova"
"8","Residuals                ",900,4.93000280921926e-26,5.47778089913251e-29,NA,NA,"NoError_anova"
