"","Fixed_effect","Df","Sum Sq","Mean Sq","F value","Pr(>F)","data_class"
"1","exp_env_factor           ",1,9.83176975979585,9.83176975979585,14.2886874029206,0.0003825517302191,"Raw_anova"
"2","gen_factor               ",1,2.74034549703419,2.74034549703419,3.98259328073767,0.0508455960988091,"Raw_anova"
"3","exp_env_factor:gen_factor",1,7.89536660325819,7.89536660325819,11.4744779507284,0.00129689452799895,"Raw_anova"
"4","Residuals                ",56,38.5325181399118,0.688080681069853,NA,NA,"Raw_anova"
"5","exp_env_factor           ",1,10.7073027450546,10.7073027450546,1.75364302832416e+31,0,"NoError_anova"
"6","gen_factor               ",1,21.9275964485748,21.9275964485748,3.59130376300504e+31,0,"NoError_anova"
"7","exp_env_factor:gen_factor",1,26.3651008063708,26.3651008063708,4.31807863483738e+31,0,"NoError_anova"
"8","Residuals                ",56,3.41921898606732e-29,6.10574818940593e-31,NA,NA,"NoError_anova"
