"","Fixed_effect","Df","Sum Sq","Mean Sq","F value","Pr(>F)","data_class"
"1","exp_env_factor           ",6,72.3431931948246,12.0571988658041,34.5757456530965,1.42799249036723e-36,"Raw_anova"
"2","gen_factor               ",6,49.5777537199569,8.26295895332615,23.6952189552468,1.58074306201243e-25,"Raw_anova"
"3","exp_env_factor:gen_factor",36,372.858227454207,10.3571729848391,29.7006778103793,1.4027977828539e-115,"Raw_anova"
"4","Residuals                ",686,239.220825631012,0.34871840470993,NA,NA,"Raw_anova"
"5","exp_env_factor           ",6,90.433192674616,15.0721987791027,3.80264131308786e+28,0,"NoError_anova"
"6","gen_factor               ",6,85.1663587580545,14.1943931263424,3.58117528222073e+28,0,"NoError_anova"
"7","exp_env_factor:gen_factor",36,558.40044856733,15.5111235713147,3.91337987039233e+28,0,"NoError_anova"
"8","Residuals                ",686,2.7190385606126e-25,3.9636130621175e-28,NA,NA,"NoError_anova"
