"","Fixed_effect","Df","Sum Sq","Mean Sq","F value","Pr(>F)","data_class"
"1","exp_env_factor           ",1,0.0195777923893225,0.0195777923893225,0.0185653782064986,0.89331948966764,"Raw_anova"
"2","gen_factor               ",1,0.778753144579296,0.778753144579296,0.738481968298932,0.402839690656017,"Raw_anova"
"3","exp_env_factor:gen_factor",1,1.32915104885422,1.32915104885422,1.26041748859289,0.278137089306851,"Raw_anova"
"4","Residuals                ",16,16.8725180141772,1.05453237588607,NA,NA,"Raw_anova"
"5","exp_env_factor           ",1,1.74901125515224,1.74901125515224,9.71758370377561e+31,1.06069899196294e-247,"NoError_anova"
"6","gen_factor               ",1,17.0363414953106,17.0363414953106,9.46546650280851e+32,1.30894769983175e-255,"NoError_anova"
"7","exp_env_factor:gen_factor",1,0.214647249537178,0.214647249537178,1.19258958912827e+31,2.06124856913212e-240,"NoError_anova"
"8","Residuals                ",16,2.87974674934502e-31,1.79984171834063e-32,NA,NA,"NoError_anova"
