"","Fixed_effect","Df","Sum Sq","Mean Sq","F value","Pr(>F)","data_class"
"1","exp_env_factor           ",9,243.405029793173,27.0450033103526,583.102181677192,0,"Raw_anova"
"2","gen_factor               ",9,50.6857652758779,5.63175169731977,121.423046752386,9.27813699930331e-149,"Raw_anova"
"3","exp_env_factor:gen_factor",81,663.166087267926,8.18723564528303,176.520406075986,0,"Raw_anova"
"4","Residuals                ",900,41.7431176630245,0.046381241847805,NA,NA,"Raw_anova"
"5","exp_env_factor           ",9,253.521283305935,28.1690314784372,7.87798568794437e+28,0,"NoError_anova"
"6","gen_factor               ",9,54.7356084826803,6.08173427585337,1.70086840293849e+28,0,"NoError_anova"
"7","exp_env_factor:gen_factor",81,690.743108211386,8.52769269396773,2.38492548264185e+28,0,"NoError_anova"
"8","Residuals                ",900,3.21809778981824e-25,3.57566421090916e-28,NA,NA,"NoError_anova"
