"","Fixed_effect","Df","Sum Sq","Mean Sq","F value","Pr(>F)","data_class"
"1","exp_env_factor           ",4,47.6689234127403,11.9172308531851,22.4609911727393,1.58437204061389e-16,"Raw_anova"
"2","gen_factor               ",4,59.5160711375178,14.8790177843794,28.0432166860859,3.23115454710534e-20,"Raw_anova"
"3","exp_env_factor:gen_factor",16,81.1139040808439,5.06961900505274,9.55496030281295,8.79277719112784e-20,"Raw_anova"
"4","Residuals                ",350,185.701101368898,0.530574575339707,NA,NA,"Raw_anova"
"5","exp_env_factor           ",4,108.639381715588,27.159845428897,2.34645166504076e+30,0,"NoError_anova"
"6","gen_factor               ",4,117.502998554413,29.3757496386032,2.53789281797546e+30,0,"NoError_anova"
"7","exp_env_factor:gen_factor",16,147.857619729999,9.24110123312495,7.98377053803317e+29,0,"NoError_anova"
"8","Residuals                ",350,4.05120038982299e-27,1.15748582566371e-29,NA,NA,"NoError_anova"
