"","row","aov_coefs"
"(Intercept)",23900,-0.193483497150934
"exp_env_factorE_2",23900,0.46633264893814
"gen_factorG_2",23900,-0.0639014173034865
"exp_env_factorE_2:gen_factorG_2",23900,-0.03092847466557
