"","Fixed_effect","Df","Sum Sq","Mean Sq","F value","Pr(>F)","data_class"
"1","exp_env_factor           ",2,8.12851732909671,4.06425866454835,8.3965936272756,0.00101634963112276,"Raw_anova"
"2","gen_factor               ",2,4.39122626342433,2.19561313171217,4.53604771529611,0.0175027193373148,"Raw_anova"
"3","exp_env_factor:gen_factor",4,14.0549386633339,3.51373466583348,7.25923336534323,0.000215060636887847,"Raw_anova"
"4","Residuals                ",36,17.4253177441451,0.484036604004029,NA,NA,"Raw_anova"
"5","exp_env_factor           ",2,19.7609235854802,9.88046179274011,4.68888753362896e+31,0,"NoError_anova"
"6","gen_factor               ",2,2.60269998548431,1.30134999274215,6.17570705282248e+30,0,"NoError_anova"
"7","exp_env_factor:gen_factor",4,21.6363764290354,5.40909410725886,2.56694823175043e+31,0,"NoError_anova"
"8","Residuals                ",36,7.58594916144967e-30,2.10720810040269e-31,NA,NA,"NoError_anova"
