"","Fixed_effect","Df","Sum Sq","Mean Sq","F value","Pr(>F)","data_class"
"1","exp_env_factor           ",6,133.094983744955,22.1824972908258,320.751442067521,2.70325325404587e-195,"Raw_anova"
"2","gen_factor               ",6,91.4604610661007,15.2434101776834,220.414578774267,2.43648190295859e-156,"Raw_anova"
"3","exp_env_factor:gen_factor",36,462.002233360495,12.8333953711249,185.566576113744,0,"Raw_anova"
"4","Residuals                ",686,47.4423218284492,0.0691579035400134,NA,NA,"Raw_anova"
"5","exp_env_factor           ",6,136.466730781415,22.7444551302358,1.82454418264898e+29,0,"NoError_anova"
"6","gen_factor               ",6,105.666060649399,17.6110101082332,1.41274283598177e+29,0,"NoError_anova"
"7","exp_env_factor:gen_factor",36,491.867208569185,13.6629780158107,1.09603448021355e+29,0,"NoError_anova"
"8","Residuals                ",686,8.55155844825246e-26,1.24658286417674e-28,NA,NA,"NoError_anova"
