"","Fixed_effect","Df","Sum Sq","Mean Sq","F value","Pr(>F)","data_class"
"1","exp_env_factor           ",1,8.99559386362491,8.99559386362491,10.2950156204691,0.00220816679684893,"Raw_anova"
"2","gen_factor               ",1,0.0159550739818724,0.0159550739818724,0.0182597990037455,0.892994560947316,"Raw_anova"
"3","exp_env_factor:gen_factor",1,1.05668884520868,1.05668884520868,1.20932851486195,0.27617024934119,"Raw_anova"
"4","Residuals                ",56,48.9317622171845,0.87378146816401,NA,NA,"Raw_anova"
"5","exp_env_factor           ",1,58.9738724136241,58.9738724136241,1.03930590647531e+33,0,"NoError_anova"
"6","gen_factor               ",1,3.30308275851388e-06,3.30308275851388e-06,5.82107513039483e+25,0,"NoError_anova"
"7","exp_env_factor:gen_factor",1,0.0261242832931796,0.0261242832931796,4.60392387642558e+29,0,"NoError_anova"
"8","Residuals                ",56,3.17763695422758e-30,5.67435170397781e-32,NA,NA,"NoError_anova"
