"","Fixed_effect","Df","Sum Sq","Mean Sq","F value","Pr(>F)","data_class"
"1","exp_env_factor           ",1,2.33163880523156,2.33163880523156,2.2898578676248,0.138952387250926,"Raw_anova"
"2","gen_factor               ",1,0.0114978239271038,0.0114978239271038,0.0112917929316366,0.915963749764129,"Raw_anova"
"3","exp_env_factor:gen_factor",1,4.36875677691655e-06,4.36875677691655e-06,4.29047245864824e-06,0.998358742381104,"Raw_anova"
"4","Residuals                ",36,36.6568590020846,1.01824608339124,NA,NA,"Raw_anova"
"5","exp_env_factor           ",1,28.1983883550189,28.1983883550189,6.11872970581161e+31,0,"NoError_anova"
"6","gen_factor               ",1,3.62358166752071,3.62358166752071,7.86276027954167e+30,0,"NoError_anova"
"7","exp_env_factor:gen_factor",1,7.17802997746044,7.17802997746044,1.55755090324076e+31,0,"NoError_anova"
"8","Residuals                ",36,1.65907309129294e-29,4.60853636470261e-31,NA,NA,"NoError_anova"
