"","Fixed_effect","Df","Sum Sq","Mean Sq","F value","Pr(>F)","data_class"
"1","exp_env_factor           ",6,31.0355438747544,5.1725906457924,134.862312923541,8.50725882249128e-67,"Raw_anova"
"2","gen_factor               ",6,72.2705960009957,12.0450993334993,314.045720364687,1.18806505830259e-97,"Raw_anova"
"3","exp_env_factor:gen_factor",36,133.176357683445,3.69934326898458,96.4510868377379,7.30735692253012e-106,"Raw_anova"
"4","Residuals                ",196,7.51750244080488,0.0383546042898208,NA,NA,"Raw_anova"
"5","exp_env_factor           ",6,28.4993441785375,4.74989069642291,4.32496833485856e+29,0,"NoError_anova"
"6","gen_factor               ",6,73.9420787589836,12.3236797931639,1.12212108195478e+30,0,"NoError_anova"
"7","exp_env_factor:gen_factor",36,141.558577062479,3.93218269617997,3.58041199993604e+29,0,"NoError_anova"
"8","Residuals                ",196,2.1525673818126e-27,1.0982486641901e-29,NA,NA,"NoError_anova"
