"","Fixed_effect","Df","Sum Sq","Mean Sq","F value","Pr(>F)","data_class"
"1","exp_env_factor           ",1,0.0819515698838309,0.0819515698838309,0.0867894087919904,0.769991320998954,"Raw_anova"
"2","gen_factor               ",1,0.610629603925658,0.610629603925658,0.646676840855141,0.426581959354227,"Raw_anova"
"3","exp_env_factor:gen_factor",1,4.31414064994618,4.31414064994618,4.56881688764568,0.0394221580641723,"Raw_anova"
"4","Residuals                ",36,33.9932781762443,0.944257727117898,NA,NA,"Raw_anova"
"5","exp_env_factor           ",1,8.38903660335698,8.38903660335698,4.92840837292187e+30,0,"NoError_anova"
"6","gen_factor               ",1,12.0047143717285,12.0047143717285,7.05255413958823e+30,0,"NoError_anova"
"7","exp_env_factor:gen_factor",1,18.6062490249145,18.6062490249145,1.09308372127455e+31,0,"NoError_anova"
"8","Residuals                ",36,6.12784685985353e-29,1.70217968329265e-30,NA,NA,"NoError_anova"
