"","Fixed_effect","Df","Sum Sq","Mean Sq","F value","Pr(>F)","data_class"
"1","exp_env_factor           ",1,4.2596659148719,4.2596659148719,4.51456590618725,0.0405419158095917,"Raw_anova"
"2","gen_factor               ",1,0.72853165740966,0.72853165740966,0.772127262524684,0.385387286607148,"Raw_anova"
"3","exp_env_factor:gen_factor",1,0.0444230335614827,0.0444230335614827,0.04708132439821,0.829447154251806,"Raw_anova"
"4","Residuals                ",36,33.967379394157,0.94353831650436,NA,NA,"Raw_anova"
"5","exp_env_factor           ",1,27.4413014857061,27.4413014857061,2.86313434281671e+31,0,"NoError_anova"
"6","gen_factor               ",1,11.4894721728674,11.4894721728674,1.19877340278881e+31,0,"NoError_anova"
"7","exp_env_factor:gen_factor",1,0.0692263414264158,0.0692263414264158,7.22284676143252e+28,0,"NoError_anova"
"8","Residuals                ",36,3.45036849550536e-29,9.58435693195933e-31,NA,NA,"NoError_anova"
