"","Fixed_effect","Df","Sum Sq","Mean Sq","F value","Pr(>F)","data_class"
"1","exp_env_factor           ",4,29.0983751551277,7.27459378878193,38.0862677743662,1.85996009115578e-26,"Raw_anova"
"2","gen_factor               ",4,89.5628263648355,22.3907065912089,117.226950624392,2.51758556853272e-63,"Raw_anova"
"3","exp_env_factor:gen_factor",16,188.487726562002,11.7804829101251,61.6769320258495,1.99156925051532e-91,"Raw_anova"
"4","Residuals                ",350,66.8510719180345,0.191003062622956,NA,NA,"Raw_anova"
"5","exp_env_factor           ",4,41.100610832578,10.2751527081445,1.28910510968934e+30,0,"NoError_anova"
"6","gen_factor               ",4,111.204434366282,27.8011085915705,3.48788501333072e+30,0,"NoError_anova"
"7","exp_env_factor:gen_factor",16,221.694954801139,13.8559346750712,1.73834459657208e+30,0,"NoError_anova"
"8","Residuals                ",350,2.78976742921859e-27,7.97076408348169e-30,NA,NA,"NoError_anova"
