"","Fixed_effect","Df","Sum Sq","Mean Sq","F value","Pr(>F)","data_class"
"1","exp_env_factor           ",4,22.9190413467952,5.72976033669881,14.9244293522804,1.34688029250852e-09,"Raw_anova"
"2","gen_factor               ",4,18.8329869788465,4.70824674471163,12.2636710412634,3.75530308950255e-08,"Raw_anova"
"3","exp_env_factor:gen_factor",16,43.8561497731521,2.74100936082201,7.13956573323211,1.04862358259529e-10,"Raw_anova"
"4","Residuals                ",100,38.3918219012061,0.383918219012061,NA,NA,"Raw_anova"
"5","exp_env_factor           ",4,25.2611881617949,6.31529704044873,6.34697400633462e+29,0,"NoError_anova"
"6","gen_factor               ",4,56.2886150720244,14.0721537680061,1.41427384344114e+30,0,"NoError_anova"
"7","exp_env_factor:gen_factor",16,42.4501967661806,2.65313729788629,2.66644519759986e+29,0,"NoError_anova"
"8","Residuals                ",100,9.95009123110592e-28,9.95009123110592e-30,NA,NA,"NoError_anova"
