"","Fixed_effect","Df","Sum Sq","Mean Sq","F value","Pr(>F)","data_class"
"1","exp_env_factor           ",1,0.734598814335654,0.734598814335654,0.783957660307539,0.38180958060406,"Raw_anova"
"2","gen_factor               ",1,4.49913562392505,4.49913562392505,4.80143959982892,0.0349905248962776,"Raw_anova"
"3","exp_env_factor:gen_factor",1,0.0328655899739504,0.0328655899739504,0.0350738804879589,0.852492469616393,"Raw_anova"
"4","Residuals                ",36,33.7333999717653,0.937038888104593,NA,NA,"Raw_anova"
"5","exp_env_factor           ",1,0.645480202062367,0.645480202062367,1.96378407739151e+31,0,"NoError_anova"
"6","gen_factor               ",1,35.3844716830277,35.3844716830277,1.07652352242597e+33,0,"NoError_anova"
"7","exp_env_factor:gen_factor",1,2.97004811490994,2.97004811490994,9.03595986137353e+31,0,"NoError_anova"
"8","Residuals                ",36,1.18329135783152e-30,3.28692043842088e-32,NA,NA,"NoError_anova"
