"","Fixed_effect","Df","Sum Sq","Mean Sq","F value","Pr(>F)","data_class"
"1","exp_env_factor           ",6,15.2045896798181,2.53409827996968,20.4886010202916,1.44296328365167e-18,"Raw_anova"
"2","gen_factor               ",6,23.3557665087223,3.89262775145372,31.4725350435123,2.34148294241426e-26,"Raw_anova"
"3","exp_env_factor:gen_factor",36,181.197712291482,5.03326978587449,40.6948133327745,1.17023925541358e-72,"Raw_anova"
"4","Residuals                ",196,24.2419315199779,0.12368332408152,NA,NA,"Raw_anova"
"5","exp_env_factor           ",6,18.0555122411457,3.00925204019095,2.06915261233035e+29,0,"NoError_anova"
"6","gen_factor               ",6,26.2452645796006,4.37421076326676,3.00769410697903e+29,0,"NoError_anova"
"7","exp_env_factor:gen_factor",36,199.699223179254,5.54720064386817,3.81423840545177e+29,0,"NoError_anova"
"8","Residuals                ",196,2.85050699674181e-27,1.45434030446011e-29,NA,NA,"NoError_anova"
