"","Fixed_effect","Df","Sum Sq","Mean Sq","F value","Pr(>F)","data_class"
"1","exp_env_factor           ",6,138.512797585214,23.0854662642023,224.160073736658,5.42276542337045e-158,"Raw_anova"
"2","gen_factor               ",6,109.962667816983,18.3271113028305,177.956406598244,3.33586054721577e-136,"Raw_anova"
"3","exp_env_factor:gen_factor",36,414.875780815507,11.5243272448752,111.901315546847,2.84798485707895e-260,"Raw_anova"
"4","Residuals                ",686,70.6487537822973,0.102986521548538,NA,NA,"Raw_anova"
"5","exp_env_factor           ",6,150.295758217135,25.0492930361891,5.66418019390241e+28,0,"NoError_anova"
"6","gen_factor               ",6,114.873967281201,19.1456612135335,4.3292429406367e+28,0,"NoError_anova"
"7","exp_env_factor:gen_factor",36,468.830274501668,13.0230631806019,2.94479275023592e+28,0,"NoError_anova"
"8","Residuals                ",686,3.03376913067215e-25,4.42240398057165e-28,NA,NA,"NoError_anova"
