"","Fixed_effect","Df","Sum Sq","Mean Sq","F value","Pr(>F)","data_class"
"1","exp_env_factor           ",9,82.9481378289656,9.21645975877395,218.715848404386,1.75678997036356e-148,"Raw_anova"
"2","gen_factor               ",9,79.5819470689747,8.84243856321941,209.839949713562,1.63717695721674e-145,"Raw_anova"
"3","exp_env_factor:gen_factor",81,319.614328593791,3.94585590856532,93.639124491564,3.12823556701504e-216,"Raw_anova"
"4","Residuals                ",400,16.855586508269,0.0421389662706725,NA,NA,"Raw_anova"
"5","exp_env_factor           ",9,88.213658470775,9.80151760786389,8.8046982070443e+28,0,"NoError_anova"
"6","gen_factor               ",9,85.1947697309864,9.46608552566516,8.50337974077426e+28,0,"NoError_anova"
"7","exp_env_factor:gen_factor",81,325.591571798239,4.01964903454616,3.61084865256178e+28,0,"NoError_anova"
"8","Residuals                ",400,4.45285795259721e-26,1.1132144881493e-28,NA,NA,"NoError_anova"
