"","Fixed_effect","Df","Sum Sq","Mean Sq","F value","Pr(>F)","data_class"
"1","exp_env_factor           ",4,5.65147114753083,1.41286778688271,3.38232984677707,0.0122212254174258,"Raw_anova"
"2","gen_factor               ",4,26.7943887319911,6.69859718299776,16.0360830602411,3.55864596462809e-10,"Raw_anova"
"3","exp_env_factor:gen_factor",16,49.7821116404944,3.1113819775309,7.44848189266608,3.82303975743198e-11,"Raw_anova"
"4","Residuals                ",100,41.7720284799837,0.417720284799837,NA,NA,"Raw_anova"
"5","exp_env_factor           ",4,9.24619917490596,2.31154979372649,3.69810919399688e+29,0,"NoError_anova"
"6","gen_factor               ",4,48.0161022850732,12.0040255712683,1.92045170087016e+30,0,"NoError_anova"
"7","exp_env_factor:gen_factor",16,66.7376985400206,4.17110615875129,6.67310134381658e+29,0,"NoError_anova"
"8","Residuals                ",100,6.25062612396306e-28,6.25062612396306e-30,NA,NA,"NoError_anova"
