"","Fixed_effect","Df","Sum Sq","Mean Sq","F value","Pr(>F)","data_class"
"1","exp_env_factor           ",9,115.91046017307,12.87894001923,32.7622056673944,1.39662431322264e-52,"Raw_anova"
"2","gen_factor               ",9,62.1656879367142,6.90729865963491,17.5711928897241,8.01543734551183e-28,"Raw_anova"
"3","exp_env_factor:gen_factor",81,770.578853449948,9.51331917839442,24.2005412741072,2.29970712547945e-210,"Raw_anova"
"4","Residuals                ",1400,550.344998440268,0.393103570314477,NA,NA,"Raw_anova"
"5","exp_env_factor           ",9,214.679311587898,23.8532568430998,4.86117848694218e+28,0,"NoError_anova"
"6","gen_factor               ",9,82.3921854626472,9.15468727362746,1.86568103139823e+28,0,"NoError_anova"
"7","exp_env_factor:gen_factor",81,1201.92850294945,14.8386234932031,3.02403976846711e+28,0,"NoError_anova"
"8","Residuals                ",1400,6.86964275638968e-25,4.90688768313548e-28,NA,NA,"NoError_anova"
