"","Fixed_effect","Df","Sum Sq","Mean Sq","F value","Pr(>F)","data_class"
"1","exp_env_factor           ",4,8.57468211836087,2.14367052959022,3.34459308760208,0.0104908944115757,"Raw_anova"
"2","gen_factor               ",4,84.7964555811839,21.199113895296,33.0752365248263,2.09640272179917e-23,"Raw_anova"
"3","exp_env_factor:gen_factor",16,56.3012189354754,3.51882618346721,5.49013552560589,1.73053367022487e-10,"Raw_anova"
"4","Residuals                ",350,224.32764336498,0.640936123899942,NA,NA,"Raw_anova"
"5","exp_env_factor           ",4,12.8712242366638,3.21780605916595,1.36048702514005e+29,0,"NoError_anova"
"6","gen_factor               ",4,222.181382824514,55.5453457061285,2.34845484005627e+30,0,"NoError_anova"
"7","exp_env_factor:gen_factor",16,138.947392938823,8.68421205867642,3.67168114303832e+29,0,"NoError_anova"
"8","Residuals                ",350,8.27815407201068e-27,2.36518687771734e-29,NA,NA,"NoError_anova"
