"","Fixed_effect","Df","Sum Sq","Mean Sq","F value","Pr(>F)","data_class"
"1","exp_env_factor           ",6,126.157857598995,21.0263095998325,77.1764046942852,1.41092039309076e-73,"Raw_anova"
"2","gen_factor               ",6,84.442638435191,14.0737730725318,51.6573391571244,1.69676441556834e-52,"Raw_anova"
"3","exp_env_factor:gen_factor",36,336.502375981914,9.34728822171982,34.3089259277015,1.23031572824799e-128,"Raw_anova"
"4","Residuals                ",686,186.897127983901,0.272444792979447,NA,NA,"Raw_anova"
"5","exp_env_factor           ",6,163.583559962387,27.2639266603979,2.35651947437146e+29,0,"NoError_anova"
"6","gen_factor               ",6,124.509973764292,20.7516622940487,1.79364098688461e+29,0,"NoError_anova"
"7","exp_env_factor:gen_factor",36,445.906466273323,12.3862907298145,1.0705917633806e+29,0,"NoError_anova"
"8","Residuals                ",686,7.93672782781543e-26,1.15695740930254e-28,NA,NA,"NoError_anova"
