"","Fixed_effect","Df","Sum Sq","Mean Sq","F value","Pr(>F)","data_class"
"1","exp_env_factor           ",9,134.393451981522,14.9326057757247,164.022308782343,2.50418634451763e-128,"Raw_anova"
"2","gen_factor               ",9,25.2864057195457,2.80960063550508,30.8611363557889,7.21118425835529e-41,"Raw_anova"
"3","exp_env_factor:gen_factor",81,302.90410624486,3.7395568672205,41.0759354660994,4.09586324217142e-151,"Raw_anova"
"4","Residuals                ",400,36.4160360540717,0.0910400901351793,NA,NA,"Raw_anova"
"5","exp_env_factor           ",9,140.509298432001,15.6121442702224,2.36677991936737e+29,0,"NoError_anova"
"6","gen_factor               ",9,27.8778398474287,3.09753776082541,4.69582527864979e+28,0,"NoError_anova"
"7","exp_env_factor:gen_factor",81,330.61286172057,4.08164026815518,6.18771134672159e+28,0,"NoError_anova"
"8","Residuals                ",400,2.63854600801166e-26,6.59636502002915e-29,NA,NA,"NoError_anova"
