"","Fixed_effect","Df","Sum Sq","Mean Sq","F value","Pr(>F)","data_class"
"1","exp_env_factor           ",4,71.0797052291952,17.7699263072988,27.4614046661105,7.69615770852206e-20,"Raw_anova"
"2","gen_factor               ",4,66.0491037451372,16.5122759362843,25.5178487295432,1.43968510659049e-18,"Raw_anova"
"3","exp_env_factor:gen_factor",16,10.3906346530401,0.649414665815004,1.00359667370864,0.452151645901899,"Raw_anova"
"4","Residuals                ",350,226.480556372628,0.647087303921793,NA,NA,"Raw_anova"
"5","exp_env_factor           ",4,193.500587690067,48.3751469225168,1.60098787160458e+30,0,"NoError_anova"
"6","gen_factor               ",4,165.715663386282,41.4289158465705,1.3711005758871e+30,0,"NoError_anova"
"7","exp_env_factor:gen_factor",16,14.7837489236504,0.923984307728148,3.05794972074217e+28,0,"NoError_anova"
"8","Residuals                ",350,1.05755338458071e-26,3.02158109880203e-29,NA,NA,"NoError_anova"
