"","Fixed_effect","Df","Sum Sq","Mean Sq","F value","Pr(>F)","data_class"
"1","exp_env_factor           ",6,193.779059751009,32.2965099585016,64.364954686483,2.32749694366748e-63,"Raw_anova"
"2","gen_factor               ",6,168.206841676066,28.0344736126777,55.8709788165334,3.47805912620141e-56,"Raw_anova"
"3","exp_env_factor:gen_factor",36,27.7987419483528,0.772187276343134,1.53892167033427,0.024243736822912,"Raw_anova"
"4","Residuals                ",686,344.215356624571,0.501771656887129,NA,NA,"Raw_anova"
"5","exp_env_factor           ",6,373.394913206399,62.2324855343999,1.18627948033607e+30,0,"NoError_anova"
"6","gen_factor               ",6,345.30152439551,57.5502540659183,1.09702649508975e+30,0,"NoError_anova"
"7","exp_env_factor:gen_factor",36,15.3035623980917,0.425098955502547,8.10326252751411e+27,0,"NoError_anova"
"8","Residuals                ",686,3.59877126632115e-26,5.24602225411247e-29,NA,NA,"NoError_anova"
