"","Fixed_effect","Df","Sum Sq","Mean Sq","F value","Pr(>F)","data_class"
"1","exp_env_factor           ",1,1.34139306607734,1.34139306607734,1.30565474362047,0.258044737341853,"Raw_anova"
"2","gen_factor               ",1,0.0930678407432479,0.0930678407432479,0.0905882629170605,0.764545326694697,"Raw_anova"
"3","exp_env_factor:gen_factor",1,0.0327096316670488,0.0327096316670488,0.0318381590215393,0.859027270488291,"Raw_anova"
"4","Residuals                ",56,57.5328294615123,1.02737195466986,NA,NA,"Raw_anova"
"5","exp_env_factor           ",1,2.18845138271258,2.18845138271258,1.44088219152314e+30,0,"NoError_anova"
"6","gen_factor               ",1,56.8021560521069,56.8021560521069,3.73986901158169e+31,0,"NoError_anova"
"7","exp_env_factor:gen_factor",1,0.00939256518047192,0.00939256518047192,6.18408981262697e+27,0,"NoError_anova"
"8","Residuals                ",56,8.50543355680975e-29,1.51882742085888e-30,NA,NA,"NoError_anova"
