"","Fixed_effect","Df","Sum Sq","Mean Sq","F value","Pr(>F)","data_class"
"1","exp_env_factor           ",9,68.7538043655547,7.63931159617275,155.871817637976,7.3594511401048e-177,"Raw_anova"
"2","gen_factor               ",9,406.175470822079,45.1306078691199,920.840810210009,0,"Raw_anova"
"3","exp_env_factor:gen_factor",81,479.961529572699,5.925450982379,120.902361858216,0,"Raw_anova"
"4","Residuals                ",900,44.1091952396685,0.049010216932965,NA,NA,"Raw_anova"
"5","exp_env_factor           ",9,73.608346912172,8.17870521246356,1.4544441062415e+29,0,"NoError_anova"
"6","gen_factor               ",9,431.867513781565,47.9852793090628,8.53336865241978e+29,0,"NoError_anova"
"7","exp_env_factor:gen_factor",81,493.524139306264,6.09289060871931,1.08351733014188e+29,0,"NoError_anova"
"8","Residuals                ",900,5.06092648017851e-26,5.62325164464279e-29,NA,NA,"NoError_anova"
