"","row","aov_coefs"
"(Intercept)",2648,0.368128698139248
"exp_env_factorE_2",2648,-0.513204146926229
"gen_factorG_2",2648,-0.472245281603605
"exp_env_factorE_2:gen_factorG_2",2648,0.498384064502677
