"","Fixed_effect","Df","Sum Sq","Mean Sq","F value","Pr(>F)","data_class"
"1","exp_env_factor           ",1,7.16587854552229,7.16587854552229,9.40645410040021,0.00408900049336303,"Raw_anova"
"2","gen_factor               ",1,2.38423791138816,2.38423791138816,3.12972433672083,0.0853487121820531,"Raw_anova"
"3","exp_env_factor:gen_factor",1,2.02492352251957,2.02492352251957,2.65806209948997,0.111745919904882,"Raw_anova"
"4","Residuals                ",36,27.42496002057,0.761804445015833,NA,NA,"Raw_anova"
"5","exp_env_factor           ",1,22.7577426155433,22.7577426155433,3.23572461914446e+31,0,"NoError_anova"
"6","gen_factor               ",1,16.2197208821544,16.2197208821544,2.30614042265306e+31,0,"NoError_anova"
"7","exp_env_factor:gen_factor",1,0.022536502302207,0.022536502302207,3.20426839166606e+28,0,"NoError_anova"
"8","Residuals                ",36,2.53197917187458e-29,7.03327547742939e-31,NA,NA,"NoError_anova"
