"","Fixed_effect","Df","Sum Sq","Mean Sq","F value","Pr(>F)","data_class"
"1","exp_env_factor           ",4,12.0027903219241,3.00069758048103,5.55667323967362,0.00023954569564341,"Raw_anova"
"2","gen_factor               ",4,64.9302807831599,16.23257019579,30.0593731953522,1.64720606022163e-21,"Raw_anova"
"3","exp_env_factor:gen_factor",16,108.061006129868,6.75381288311674,12.5066689684076,4.54686015435871e-26,"Raw_anova"
"4","Residuals                ",350,189.005922765048,0.540016922185851,NA,NA,"Raw_anova"
"5","exp_env_factor           ",4,28.4246792723907,7.10616981809767,4.00610852792044e+29,0,"NoError_anova"
"6","gen_factor               ",4,136.219296151853,34.0548240379633,1.9198432416837e+30,0,"NoError_anova"
"7","exp_env_factor:gen_factor",16,209.356024575757,13.0847515359848,7.37653842447316e+29,0,"NoError_anova"
"8","Residuals                ",350,6.208417517898e-27,1.77383357654229e-29,NA,NA,"NoError_anova"
