"","Fixed_effect","Df","Sum Sq","Mean Sq","F value","Pr(>F)","data_class"
"1","exp_env_factor           ",1,1.13823868385133,1.13823868385133,1.24341497319716,0.281283117365763,"Raw_anova"
"2","gen_factor               ",1,1.29226337917654,1.29226337917654,1.41167196105624,0.252117019033398,"Raw_anova"
"3","exp_env_factor:gen_factor",1,1.92288410796729,1.92288410796729,2.10056372665129,0.166561965852517,"Raw_anova"
"4","Residuals                ",16,14.6466138290048,0.915413364312802,NA,NA,"Raw_anova"
"5","exp_env_factor           ",1,4.32467185092763,4.32467185092763,1.87124833881379e+32,5.61057090248822e-250,"NoError_anova"
"6","gen_factor               ",1,8.97580645337921,8.97580645337921,3.88375430422479e+32,1.62946297550886e-252,"NoError_anova"
"7","exp_env_factor:gen_factor",1,5.69952169569316,5.69952169569316,2.46613404964156e+32,6.16488587899851e-251,"NoError_anova"
"8","Residuals                ",16,3.69778549322349e-31,2.31111593326468e-32,NA,NA,"NoError_anova"
