"","Fixed_effect","Df","Sum Sq","Mean Sq","F value","Pr(>F)","data_class"
"1","exp_env_factor           ",6,51.5408677040507,8.59014461734178,50.8913597421604,1.72250468495815e-47,"Raw_anova"
"2","gen_factor               ",6,94.6251002461018,15.770850041017,93.4326531891875,2.17107966504339e-75,"Raw_anova"
"3","exp_env_factor:gen_factor",36,268.395978214368,7.45544383928799,44.1689507411447,3.36856542022469e-123,"Raw_anova"
"4","Residuals                ",441,74.4380538354801,0.16879377286957,NA,NA,"Raw_anova"
"5","exp_env_factor           ",6,50.8990370359726,8.48317283932877,1.2714364207378e+29,0,"NoError_anova"
"6","gen_factor               ",6,107.440153213764,17.906692202294,2.68380959248964e+29,0,"NoError_anova"
"7","exp_env_factor:gen_factor",36,330.660809750264,9.18502249306288,1.37662786603085e+29,0,"NoError_anova"
"8","Residuals                ",441,2.94240369484861e-26,6.67211722187893e-29,NA,NA,"NoError_anova"
