"","Fixed_effect","Df","Sum Sq","Mean Sq","F value","Pr(>F)","data_class"
"1","exp_env_factor           ",2,14.3731534056895,7.18657670284475,10.0682628623659,8.7809462679407e-05,"Raw_anova"
"2","gen_factor               ",2,15.0928544770006,7.54642723850029,10.5724068983864,5.69392678245332e-05,"Raw_anova"
"3","exp_env_factor:gen_factor",4,14.5970608972144,3.6492652243036,5.11255400895328,0.000751586254322146,"Raw_anova"
"4","Residuals                ",126,89.9369312200954,0.713785168413456,NA,NA,"Raw_anova"
"5","exp_env_factor           ",2,44.3549183317344,22.1774591658672,2.20540096950785e+30,0,"NoError_anova"
"6","gen_factor               ",2,65.2196474337679,32.6098237168839,3.24283031265289e+30,0,"NoError_anova"
"7","exp_env_factor:gen_factor",4,24.4254342344975,6.10635855862437,6.07236788697572e+29,0,"NoError_anova"
"8","Residuals                ",126,1.26705297292168e-27,1.00559759755689e-29,NA,NA,"NoError_anova"
