"","Fixed_effect","Df","Sum Sq","Mean Sq","F value","Pr(>F)","data_class"
"1","exp_env_factor           ",6,30.0599723194634,5.00999538657723,28.2338635878725,3.17423337150674e-30,"Raw_anova"
"2","gen_factor               ",6,287.54090138042,47.9234835634033,270.073122464325,6.8847777177455e-177,"Raw_anova"
"3","exp_env_factor:gen_factor",36,294.670946077973,8.18530405772148,46.1283375250479,9.83440701122257e-158,"Raw_anova"
"4","Residuals                ",686,121.728180222144,0.177446326854438,NA,NA,"Raw_anova"
"5","exp_env_factor           ",6,34.3578583016952,5.72630971694919,8.30011456343822e+28,0,"NoError_anova"
"6","gen_factor               ",6,347.142445485676,57.8570742476127,8.38620976331653e+29,0,"NoError_anova"
"7","exp_env_factor:gen_factor",36,352.499696212629,9.79165822812859,1.41927155667016e+29,0,"NoError_anova"
"8","Residuals                ",686,4.73276415139012e-26,6.89907310698269e-29,NA,NA,"NoError_anova"
