"","Fixed_effect","Df","Sum Sq","Mean Sq","F value","Pr(>F)","data_class"
"1","exp_env_factor           ",6,93.8167412949795,15.6361235491633,44.9060255579041,2.13935515928751e-46,"Raw_anova"
"2","gen_factor               ",6,175.147017556378,29.1911695927297,83.835319136141,1.25857161439126e-78,"Raw_anova"
"3","exp_env_factor:gen_factor",36,226.173402109484,6.28259450304121,18.0432412443181,1.57712066719718e-76,"Raw_anova"
"4","Residuals                ",686,238.862839039159,0.34819655836612,NA,NA,"Raw_anova"
"5","exp_env_factor           ",6,151.46662579623,25.244437632705,5.82432389511956e+28,0,"NoError_anova"
"6","gen_factor               ",6,276.621644297975,46.1036073829958,1.06368914229293e+29,0,"NoError_anova"
"7","exp_env_factor:gen_factor",36,305.911729905795,8.49754805293874,1.96052979649421e+28,0,"NoError_anova"
"8","Residuals                ",686,2.973338112351e-25,4.33431211712974e-28,NA,NA,"NoError_anova"
