"","Fixed_effect","Df","Sum Sq","Mean Sq","F value","Pr(>F)","data_class"
"1","exp_env_factor           ",4,21.5689593196248,5.39223982990621,15.4877025192651,6.83298502357375e-10,"Raw_anova"
"2","gen_factor               ",4,39.3778812724916,9.8444703181229,28.2754908083298,1.02457776989391e-15,"Raw_anova"
"3","exp_env_factor:gen_factor",16,28.2368926104111,1.7648057881507,5.06891160507426,1.45093506807067e-07,"Raw_anova"
"4","Residuals                ",100,34.8162667974724,0.348162667974724,NA,NA,"Raw_anova"
"5","exp_env_factor           ",4,33.1713561941406,8.29283904853514,1.70451318990723e+30,0,"NoError_anova"
"6","gen_factor               ",4,52.2888707963368,13.0722176990842,2.68686843661382e+30,0,"NoError_anova"
"7","exp_env_factor:gen_factor",16,38.5397730095227,2.40873581309517,4.95092445469306e+29,0,"NoError_anova"
"8","Residuals                ",100,4.86522433363306e-28,4.86522433363306e-30,NA,NA,"NoError_anova"
