"","Fixed_effect","Df","Sum Sq","Mean Sq","F value","Pr(>F)","data_class"
"1","exp_env_factor           ",9,72.4020223848347,8.04466915387052,89.9903148966068,1.81872099563401e-90,"Raw_anova"
"2","gen_factor               ",9,187.638898485295,20.8487664983661,233.221158820572,3.98410293152404e-153,"Raw_anova"
"3","exp_env_factor:gen_factor",81,203.201146009564,2.50865612357487,28.0626524484461,4.54188146718506e-123,"Raw_anova"
"4","Residuals                ",400,35.7579331203067,0.0893948328007668,NA,NA,"Raw_anova"
"5","exp_env_factor           ",9,70.7041431957055,7.85601591063394,7.33726263924433e+28,0,"NoError_anova"
"6","gen_factor               ",9,200.934636181581,22.3260706868424,2.08518218643065e+29,0,"NoError_anova"
"7","exp_env_factor:gen_factor",81,227.361220622713,2.80692864966312,2.62157981176184e+28,0,"NoError_anova"
"8","Residuals                ",400,4.28280479895322e-26,1.0707011997383e-28,NA,NA,"NoError_anova"
