"","Fixed_effect","Df","Sum Sq","Mean Sq","F value","Pr(>F)","data_class"
"1","exp_env_factor           ",6,61.1593648810822,10.1932274801804,22.2835325292056,6.02167906174637e-23,"Raw_anova"
"2","gen_factor               ",6,121.509288284261,20.2515480473768,44.2721434950754,2.51089747490006e-42,"Raw_anova"
"3","exp_env_factor:gen_factor",36,104.603307850356,2.90564744028766,6.35206948730899,5.1532761333468e-23,"Raw_anova"
"4","Residuals                ",441,201.728038984302,0.45743319497574,NA,NA,"Raw_anova"
"5","exp_env_factor           ",6,87.607224107811,14.6012040179685,3.27102451089894e+29,0,"NoError_anova"
"6","gen_factor               ",6,226.784013497618,37.7973355829363,8.46752165001658e+29,0,"NoError_anova"
"7","exp_env_factor:gen_factor",36,174.608762394571,4.85024339984921,1.08657238301776e+29,0,"NoError_anova"
"8","Residuals                ",441,1.96853644797498e-26,4.46380146933103e-29,NA,NA,"NoError_anova"
