"","Fixed_effect","Df","Sum Sq","Mean Sq","F value","Pr(>F)","data_class"
"1","exp_env_factor           ",9,161.457427131645,17.9397141257383,29.097363478526,9.34368622081817e-47,"Raw_anova"
"2","gen_factor               ",9,119.642973120309,13.2936636800343,21.5616905235003,1.7745458111585e-34,"Raw_anova"
"3","exp_env_factor:gen_factor",81,354.742365774969,4.37953537993788,7.10339818817332,9.94822893007627e-61,"Raw_anova"
"4","Residuals                ",1400,863.157233973076,0.61654088140934,NA,NA,"Raw_anova"
"5","exp_env_factor           ",9,484.353412580413,53.8170458422681,1.52342714139952e+29,0,"NoError_anova"
"6","gen_factor               ",9,279.02281799332,31.0025353325911,8.77604911951007e+28,0,"NoError_anova"
"7","exp_env_factor:gen_factor",81,735.623769426263,9.08177493118843,2.5708253222974e+28,0,"NoError_anova"
"8","Residuals                ",1400,4.9456821486034e-25,3.53263010614528e-28,NA,NA,"NoError_anova"
