"","Fixed_effect","Df","Sum Sq","Mean Sq","F value","Pr(>F)","data_class"
"1","exp_env_factor           ",4,4.79862205369771,1.19965551342443,7.9868441688174,3.59302054607793e-06,"Raw_anova"
"2","gen_factor               ",4,100.816817352244,25.204204338061,167.799881044606,4.80939706491396e-80,"Raw_anova"
"3","exp_env_factor:gen_factor",16,215.813179354662,13.4883237096663,89.8000620696157,3.21655774599243e-113,"Raw_anova"
"4","Residuals                ",350,52.5713812393963,0.150203946398275,NA,NA,"Raw_anova"
"5","exp_env_factor           ",4,8.39825312684048,2.09956328171012,1.30859439254102e+29,0,"NoError_anova"
"6","gen_factor               ",4,107.660717721644,26.9151794304109,1.67754185757064e+30,0,"NoError_anova"
"7","exp_env_factor:gen_factor",16,257.941029151516,16.1213143219698,1.00479283982037e+30,0,"NoError_anova"
"8","Residuals                ",350,5.61554560211451e-27,1.60444160060415e-29,NA,NA,"NoError_anova"
