"","Fixed_effect","Df","Sum Sq","Mean Sq","F value","Pr(>F)","data_class"
"1","exp_env_factor           ",1,1.46872111709023,1.46872111709023,2.41039152704572,0.140086489639935,"Raw_anova"
"2","gen_factor               ",1,2.37438324215284,2.37438324215284,3.89671884079877,0.0659039468829702,"Raw_anova"
"3","exp_env_factor:gen_factor",1,5.40763390888973,5.40763390888973,8.8747378952216,0.00885810178925011,"Raw_anova"
"4","Residuals                ",16,9.7492617318672,0.6093288582417,NA,NA,"Raw_anova"
"5","exp_env_factor           ",1,4.96124243476993,4.96124243476993,4.77041546453437e+31,3.14491450651196e-245,"NoError_anova"
"6","gen_factor               ",1,1.4869986227164,1.4869986227164,1.42980338469926e+31,4.82889665513601e-241,"NoError_anova"
"7","exp_env_factor:gen_factor",1,12.5517589425137,12.5517589425137,1.20689738011667e+32,1.87368129474749e-248,"NoError_anova"
"8","Residuals                ",16,1.66400347195057e-30,1.04000216996911e-31,NA,NA,"NoError_anova"
