"","Fixed_effect","Df","Sum Sq","Mean Sq","F value","Pr(>F)","data_class"
"1","exp_env_factor           ",6,33.896338297532,5.64938971625534,123.554323916002,7.74416179314711e-64,"Raw_anova"
"2","gen_factor               ",6,18.1118709256227,3.01864515427044,66.0189294615381,1.97323445499329e-44,"Raw_anova"
"3","exp_env_factor:gen_factor",36,183.029899769786,5.08416388249407,111.192617739264,1.46185060496231e-111,"Raw_anova"
"4","Residuals                ",196,8.9618910070588,0.0457239337094837,NA,NA,"Raw_anova"
"5","exp_env_factor           ",6,35.1712606006501,5.86187676677501,4.17899220879451e+29,0,"NoError_anova"
"6","gen_factor               ",6,19.8385380697852,3.30642301163087,2.35718295596073e+29,0,"NoError_anova"
"7","exp_env_factor:gen_factor",36,188.990201329565,5.24972781471013,3.7425849278021e+29,0,"NoError_anova"
"8","Residuals                ",196,2.74929406154439e-27,1.40270105180836e-29,NA,NA,"NoError_anova"
