"","Fixed_effect","Df","Sum Sq","Mean Sq","F value","Pr(>F)","data_class"
"1","exp_env_factor           ",6,33.6223870137517,5.60373116895861,20.0711242771658,3.04861313174826e-18,"Raw_anova"
"2","gen_factor               ",6,37.8305240094721,6.30508733491201,22.5832017385875,3.66447189089027e-20,"Raw_anova"
"3","exp_env_factor:gen_factor",36,117.825126522216,3.27292018117265,11.7227585915347,1.91905566866858e-32,"Raw_anova"
"4","Residuals                ",196,54.7219624545606,0.279193685992656,NA,NA,"Raw_anova"
"5","exp_env_factor           ",6,34.0705088309691,5.67841813849486,3.51050899114627e+29,0,"NoError_anova"
"6","gen_factor               ",6,57.9485670163389,9.65809450272314,5.97082264148602e+29,0,"NoError_anova"
"7","exp_env_factor:gen_factor",36,151.980924152692,4.22169233757477,2.60993265156727e+29,0,"NoError_anova"
"8","Residuals                ",196,3.17039482864728e-27,1.6175483819629e-29,NA,NA,"NoError_anova"
