"","Fixed_effect","Df","Sum Sq","Mean Sq","F value","Pr(>F)","data_class"
"1","exp_env_factor           ",1,0.7564851060127,0.7564851060127,0.757778501874756,0.396897577722703,"Raw_anova"
"2","gen_factor               ",1,1.48739995262518,1.48739995262518,1.48994302575201,0.239909737515115,"Raw_anova"
"3","exp_env_factor:gen_factor",1,0.783424153409832,0.783424153409832,0.784763608146218,0.388808717589413,"Raw_anova"
"4","Residuals                ",16,15.9726907879523,0.998293174247018,NA,NA,"Raw_anova"
"5","exp_env_factor           ",1,6.42871409462091,6.42871409462091,4.73472226920833e+31,3.33966115136482e-245,"NoError_anova"
"6","gen_factor               ",1,7.52426989556524,7.52426989556524,5.54159474347682e+31,9.48375609369254e-246,"NoError_anova"
"7","exp_env_factor:gen_factor",1,5.04701600981384,5.04701600981384,3.71710714506828e+31,2.31429032369704e-244,"NoError_anova"
"8","Residuals                ",16,2.1724489772688e-30,1.357780610793e-31,NA,NA,"NoError_anova"
