"","row","aov_coefs"
"(Intercept)",18608,-0.153007333648893
"exp_env_factorE_2",18608,0.426843210366778
"gen_factorG_2",18608,0.505339410869762
"exp_env_factorE_2:gen_factorG_2",18608,-1.25233590787751
