"","Fixed_effect","Df","Sum Sq","Mean Sq","F value","Pr(>F)","data_class"
"1","exp_env_factor           ",9,117.73084862859,13.0812054031766,318.96757450011,6.81601048638165e-273,"Raw_anova"
"2","gen_factor               ",9,35.3333901067864,3.92593223408738,95.7285696358345,7.94620453014061e-125,"Raw_anova"
"3","exp_env_factor:gen_factor",81,809.02578732351,9.9879726830063,243.543260936658,0,"Raw_anova"
"4","Residuals                ",900,36.9099739411127,0.0410110821567919,NA,NA,"Raw_anova"
"5","exp_env_factor           ",9,119.402181577128,13.2669090641253,2.71728393997763e+28,0,"NoError_anova"
"6","gen_factor               ",9,38.571181454878,4.28568682831978,8.77780041611733e+27,0,"NoError_anova"
"7","exp_env_factor:gen_factor",81,841.02663696799,10.3830449008394,2.12662052786729e+28,0,"NoError_anova"
"8","Residuals                ",900,4.39417389623665e-25,4.88241544026294e-28,NA,NA,"NoError_anova"
