"","Fixed_effect","Df","Sum Sq","Mean Sq","F value","Pr(>F)","data_class"
"1","exp_env_factor           ",9,107.384815496254,11.9316461662504,119.897758537041,8.75281231748682e-108,"Raw_anova"
"2","gen_factor               ",9,74.2799359691909,8.25332621879898,82.9353552997597,7.94565615615188e-86,"Raw_anova"
"3","exp_env_factor:gen_factor",81,277.529179390855,3.4262861653192,34.429786603146,6.48948707920813e-138,"Raw_anova"
"4","Residuals                ",400,39.8060691437004,0.099515172859251,NA,NA,"Raw_anova"
"5","exp_env_factor           ",9,118.59979146499,13.1777546072212,8.45630247569756e+28,0,"NoError_anova"
"6","gen_factor               ",9,86.8172488415505,9.64636098239449,6.1901703809384e+28,0,"NoError_anova"
"7","exp_env_factor:gen_factor",81,293.582959693459,3.62448098386987,2.3258672232538e+28,0,"NoError_anova"
"8","Residuals                ",400,6.23334117723083e-26,1.55833529430771e-28,NA,NA,"NoError_anova"
