"","Fixed_effect","Df","Sum Sq","Mean Sq","F value","Pr(>F)","data_class"
"1","exp_env_factor           ",9,109.016251454405,12.1129168282673,83.1914067107785,1.15345427754795e-123,"Raw_anova"
"2","gen_factor               ",9,232.607904433225,25.8453227148028,177.505450092821,3.1304093722647e-224,"Raw_anova"
"3","exp_env_factor:gen_factor",81,953.531670416276,11.7719959310651,80.8499649740402,0,"Raw_anova"
"4","Residuals                ",1400,203.844173696092,0.145602981211494,NA,NA,"Raw_anova"
"5","exp_env_factor           ",9,122.529952902642,13.6144392114047,1.84147794893211e+28,0,"NoError_anova"
"6","gen_factor               ",9,262.404536475776,29.1560596084195,3.94362485394764e+28,0,"NoError_anova"
"7","exp_env_factor:gen_factor",81,1114.06551062158,13.753895192859,1.86034065129592e+28,0,"NoError_anova"
"8","Residuals                ",1400,1.03504985802408e-24,7.39321327160056e-28,NA,NA,"NoError_anova"
