"","Fixed_effect","Df","Sum Sq","Mean Sq","F value","Pr(>F)","data_class"
"1","exp_env_factor           ",2,11.8471519916636,5.92357599583181,10.1835770981253,0.000312589976967769,"Raw_anova"
"2","gen_factor               ",2,6.76011639564322,3.38005819782161,5.81086210050948,0.0065005923855234,"Raw_anova"
"3","exp_env_factor:gen_factor",4,4.45227682012301,1.11306920503075,1.91354446586921,0.129318950267797,"Raw_anova"
"4","Residuals                ",36,20.9404547925701,0.581679299793615,NA,NA,"Raw_anova"
"5","exp_env_factor           ",2,19.5770114358564,9.7885057179282,7.58055493579099e+30,0,"NoError_anova"
"6","gen_factor               ",2,4.74157655013177,2.37078827506589,1.83601984594539e+30,0,"NoError_anova"
"7","exp_env_factor:gen_factor",4,19.6814120140118,4.92035300350295,3.8104903160268e+30,0,"NoError_anova"
"8","Residuals                ",36,4.64855421311772e-29,1.29126505919937e-30,NA,NA,"NoError_anova"
