"","Fixed_effect","Df","Sum Sq","Mean Sq","F value","Pr(>F)","data_class"
"1","exp_env_factor           ",1,0.862448039948424,0.862448039948424,1.08095198251621,0.305417406897556,"Raw_anova"
"2","gen_factor               ",1,0.404439309003227,0.404439309003227,0.506905288926937,0.481070419326602,"Raw_anova"
"3","exp_env_factor:gen_factor",1,9.01016293604787,9.01016293604787,11.2929162539433,0.00185280204993057,"Raw_anova"
"4","Residuals                ",36,28.7229497150005,0.797859714305569,NA,NA,"Raw_anova"
"5","exp_env_factor           ",1,0.152018890228621,0.152018890228621,1.56667802918759e+29,0,"NoError_anova"
"6","gen_factor               ",1,8.47630123680864,8.47630123680864,8.7355162878195e+30,0,"NoError_anova"
"7","exp_env_factor:gen_factor",1,30.3716798729628,30.3716798729628,3.1300480811911e+31,0,"NoError_anova"
"8","Residuals                ",36,3.49317469593179e-29,9.70326304425498e-31,NA,NA,"NoError_anova"
