"","Fixed_effect","Df","Sum Sq","Mean Sq","F value","Pr(>F)","data_class"
"1","exp_env_factor           ",9,19.4470405216658,2.16078228018509,8.92653684608927,2.67637455851452e-12,"Raw_anova"
"2","gen_factor               ",9,20.4890683178687,2.27656314642986,9.40484610384452,5.20458537599911e-13,"Raw_anova"
"3","exp_env_factor:gen_factor",81,362.238781156837,4.47208371798564,18.4748923820197,1.56880383138432e-94,"Raw_anova"
"4","Residuals                ",400,96.8251100036286,0.242062775009071,NA,NA,"Raw_anova"
"5","exp_env_factor           ",9,30.8797326225452,3.43108140250502,2.50278797035467e+28,0,"NoError_anova"
"6","gen_factor               ",9,27.3764614448861,3.04182904943179,2.21884947038417e+28,0,"NoError_anova"
"7","exp_env_factor:gen_factor",81,440.743805932569,5.44128155472307,3.96912005892106e+28,0,"NoError_anova"
"8","Residuals                ",400,5.48361498160597e-26,1.37090374540149e-28,NA,NA,"NoError_anova"
