"","Fixed_effect","Df","Sum Sq","Mean Sq","F value","Pr(>F)","data_class"
"1","exp_env_factor           ",2,0.483653059619248,0.241826529809624,0.311082003452488,0.73321486392946,"Raw_anova"
"2","gen_factor               ",2,19.1902550146012,9.59512750730061,12.3430274201221,1.27274499245138e-05,"Raw_anova"
"3","exp_env_factor:gen_factor",4,16.3771832205342,4.09429580513354,5.26684041982797,0.000590051880896594,"Raw_anova"
"4","Residuals                ",126,97.9489087052453,0.777372291311471,NA,NA,"Raw_anova"
"5","exp_env_factor           ",2,5.40713819360141,2.70356909680071,5.58613102910358e+29,0,"NoError_anova"
"6","gen_factor               ",2,70.7950913635267,35.3975456817634,7.31386257229385e+30,0,"NoError_anova"
"7","exp_env_factor:gen_factor",4,57.7977704428719,14.449442610718,2.98555268354338e+30,0,"NoError_anova"
"8","Residuals                ",126,6.09813311614271e-28,4.83978818741485e-30,NA,NA,"NoError_anova"
