"","Fixed_effect","Df","Sum Sq","Mean Sq","F value","Pr(>F)","data_class"
"1","exp_env_factor           ",6,51.3556943539257,8.55928239232095,20.6724975837843,2.26280535065234e-21,"Raw_anova"
"2","gen_factor               ",6,44.8229924032817,7.47049873388029,18.0428521863417,9.44439531884571e-19,"Raw_anova"
"3","exp_env_factor:gen_factor",36,210.228788091191,5.83968855808865,14.1040968242205,4.28372024719419e-53,"Raw_anova"
"4","Residuals                ",441,182.592525151601,0.414042007146488,NA,NA,"Raw_anova"
"5","exp_env_factor           ",6,53.8059428298784,8.96765713831307,7.01816557631122e+28,0,"NoError_anova"
"6","gen_factor               ",6,66.4112341305346,11.0685390217558,8.66233380072742e+28,0,"NoError_anova"
"7","exp_env_factor:gen_factor",36,368.782823039586,10.2439673066552,8.01701688719435e+28,0,"NoError_anova"
"8","Residuals                ",441,5.63500070637361e-26,1.2777779379532e-28,NA,NA,"NoError_anova"
