"","Fixed_effect","Df","Sum Sq","Mean Sq","F value","Pr(>F)","data_class"
"1","exp_env_factor           ",6,121.156098207941,20.1926830346568,376.230391101781,3.87607272243164e-213,"Raw_anova"
"2","gen_factor               ",6,74.4081774531089,12.4013629088515,231.062390737498,5.44500356777119e-161,"Raw_anova"
"3","exp_env_factor:gen_factor",36,501.617378747014,13.9338160763059,259.61508249951,0,"Raw_anova"
"4","Residuals                ",686,36.8183455919358,0.0536710577141922,NA,NA,"Raw_anova"
"5","exp_env_factor           ",6,128.09872826235,21.349788043725,1.83136174100465e+29,0,"NoError_anova"
"6","gen_factor               ",6,83.8718528231696,13.9786421371949,1.19907281275228e+29,0,"NoError_anova"
"7","exp_env_factor:gen_factor",36,522.029418914479,14.5008171920688,1.24386442453056e+29,0,"NoError_anova"
"8","Residuals                ",686,7.99730291949902e-26,1.16578759759461e-28,NA,NA,"NoError_anova"
