"","Fixed_effect","Df","Sum Sq","Mean Sq","F value","Pr(>F)","data_class"
"1","exp_env_factor           ",6,73.9474087794625,12.3245681299104,111.174957915411,2.41552496773865e-60,"Raw_anova"
"2","gen_factor               ",6,40.7483370757921,6.79138951263201,61.2623854479449,2.37656379025703e-42,"Raw_anova"
"3","exp_env_factor:gen_factor",36,107.576201364187,2.98822781567186,26.9555978065249,4.87232157216141e-58,"Raw_anova"
"4","Residuals                ",196,21.7280527805586,0.110857412145707,NA,NA,"Raw_anova"
"5","exp_env_factor           ",6,77.7826681127301,12.9637780187884,5.74950439095468e+29,0,"NoError_anova"
"6","gen_factor               ",6,52.6378601619892,8.77297669366486,3.89086174947352e+29,0,"NoError_anova"
"7","exp_env_factor:gen_factor",36,113.579471725281,3.15498532570225,1.39925274539822e+29,0,"NoError_anova"
"8","Residuals                ",196,4.41933829232299e-27,2.25476443485867e-29,NA,NA,"NoError_anova"
