"","Fixed_effect","Df","Sum Sq","Mean Sq","F value","Pr(>F)","data_class"
"1","exp_env_factor           ",1,2.24184980073818,2.24184980073818,3.02167546985188,0.101361671442035,"Raw_anova"
"2","gen_factor               ",1,0.443858230606745,0.443858230606745,0.598253962899138,0.450522276067465,"Raw_anova"
"3","exp_env_factor:gen_factor",1,4.44352782813365,4.44352782813365,5.98920544697265,0.0263153153231565,"Raw_anova"
"4","Residuals                ",16,11.8707641405214,0.741922758782589,NA,NA,"Raw_anova"
"5","exp_env_factor           ",1,3.87315295017624,3.87315295017624,5.07842421611742e+31,1.90645548738622e-245,"NoError_anova"
"6","gen_factor               ",1,0.228579040070941,0.228579040070941,2.99709654466478e+30,1.29554533148337e-235,"NoError_anova"
"7","exp_env_factor:gen_factor",1,14.8982680097528,14.8982680097528,1.95344015617802e+32,3.97793414095224e-250,"NoError_anova"
"8","Residuals                ",16,1.22026921276375e-30,7.62668257977345e-32,NA,NA,"NoError_anova"
