"","Fixed_effect","Df","Sum Sq","Mean Sq","F value","Pr(>F)","data_class"
"1","exp_env_factor           ",2,6.55995139815602,3.27997569907801,9.92571023160192,0.000139483062642252,"Raw_anova"
"2","gen_factor               ",2,34.4953187347564,17.2476593673782,52.1940662859462,2.73102143060653e-15,"Raw_anova"
"3","exp_env_factor:gen_factor",4,21.1780778667661,5.29451946669152,16.0220290829373,1.05627370023143e-09,"Raw_anova"
"4","Residuals                ",81,26.7666520003215,0.330452493831129,NA,NA,"Raw_anova"
"5","exp_env_factor           ",2,4.86458554920243,2.43229277460122,1.66217041620041e+30,0,"NoError_anova"
"6","gen_factor               ",2,50.3040758090813,25.1520379045407,1.7188298114701e+31,0,"NoError_anova"
"7","exp_env_factor:gen_factor",4,33.8313386417162,8.45783466042905,5.77988090269459e+30,0,"NoError_anova"
"8","Residuals                ",81,1.18529191003809e-28,1.46332334572603e-30,NA,NA,"NoError_anova"
