"","Fixed_effect","Df","Sum Sq","Mean Sq","F value","Pr(>F)","data_class"
"1","exp_env_factor           ",4,7.15978086077681,1.7899452151942,5.3511142209233,0.000602801455905604,"Raw_anova"
"2","gen_factor               ",4,59.167031831562,14.7917579578905,44.2205636736963,2.52924530772795e-21,"Raw_anova"
"3","exp_env_factor:gen_factor",16,24.223233871882,1.51395211699263,4.52602159790528,1.10647573701521e-06,"Raw_anova"
"4","Residuals                ",100,33.4499534357792,0.334499534357792,NA,NA,"Raw_anova"
"5","exp_env_factor           ",4,10.3462160608587,2.58655401521467,9.87145435030516e+29,0,"NoError_anova"
"6","gen_factor               ",4,93.874985557744,23.468746389436,8.95672996888792e+30,0,"NoError_anova"
"7","exp_env_factor:gen_factor",16,19.7787983813973,1.23617489883733,4.71779982597929e+29,0,"NoError_anova"
"8","Residuals                ",100,2.62023600923071e-28,2.62023600923071e-30,NA,NA,"NoError_anova"
