"","Fixed_effect","Df","Sum Sq","Mean Sq","F value","Pr(>F)","data_class"
"1","exp_env_factor           ",1,1.43305606693182,1.43305606693182,2.41163657876086,0.139990973784509,"Raw_anova"
"2","gen_factor               ",1,7.63787270000942,7.63787270000942,12.8534909500774,0.00247553662227612,"Raw_anova"
"3","exp_env_factor:gen_factor",1,0.421462469432191,0.421462469432191,0.709263462408487,0.412100512596016,"Raw_anova"
"4","Residuals                ",16,9.50760876362657,0.59422554772666,NA,NA,"Raw_anova"
"5","exp_env_factor           ",1,0.789907471118987,0.789907471118987,3.01576035354728e+31,1.23277511079446e-243,"NoError_anova"
"6","gen_factor               ",1,12.7772756381587,12.7772756381587,4.87819177622391e+32,2.6301924074695e-253,"NoError_anova"
"7","exp_env_factor:gen_factor",1,5.43281689072226,5.43281689072226,2.07417632902148e+32,2.46202856861908e-250,"NoError_anova"
"8","Residuals                ",16,4.19082355898662e-31,2.61926472436664e-32,NA,NA,"NoError_anova"
