"","Fixed_effect","Df","Sum Sq","Mean Sq","F value","Pr(>F)","data_class"
"1","exp_env_factor           ",6,35.5222800961173,5.92038001601956,37.3740576654395,4.95020042690823e-30,"Raw_anova"
"2","gen_factor               ",6,82.8297317061478,13.804955284358,87.1476482033825,1.28767630578191e-52,"Raw_anova"
"3","exp_env_factor:gen_factor",36,94.5998613519074,2.62777392644187,16.5885591791128,2.35782798745078e-42,"Raw_anova"
"4","Residuals                ",196,31.0481268458274,0.158408810437895,NA,NA,"Raw_anova"
"5","exp_env_factor           ",6,36.7109773319719,6.11849622199531,2.53139714759389e+29,0,"NoError_anova"
"6","gen_factor               ",6,97.8508013740978,16.308466895683,6.74727990072997e+29,0,"NoError_anova"
"7","exp_env_factor:gen_factor",36,109.43822129393,3.03995059149807,1.25771463721441e+29,0,"NoError_anova"
"8","Residuals                ",196,4.73740464095471e-27,2.41704318416057e-29,NA,NA,"NoError_anova"
