"","Fixed_effect","Df","Sum Sq","Mean Sq","F value","Pr(>F)","data_class"
"1","exp_env_factor           ",1,0.621644787425596,0.621644787425596,1.37849469993559,0.245326714938891,"Raw_anova"
"2","gen_factor               ",1,13.0797382002014,13.0797382002014,29.0042644131087,1.48208553279473e-06,"Raw_anova"
"3","exp_env_factor:gen_factor",1,20.0449050485476,20.0449050485476,44.4494925865399,1.22656546474313e-08,"Raw_anova"
"4","Residuals                ",56,25.2537119638253,0.450959142211167,NA,NA,"Raw_anova"
"5","exp_env_factor           ",1,0.137056626123606,0.137056626123606,4.81729733177402e+28,0,"NoError_anova"
"6","gen_factor               ",1,23.1369669241018,23.1369669241018,8.13223352866575e+30,0,"NoError_anova"
"7","exp_env_factor:gen_factor",1,35.7259764497745,35.7259764497745,1.25570471048446e+31,0,"NoError_anova"
"8","Residuals                ",56,1.59325250951356e-28,2.8450937669885e-30,NA,NA,"NoError_anova"
