"","Fixed_effect","Df","Sum Sq","Mean Sq","F value","Pr(>F)","data_class"
"1","exp_env_factor           ",6,46.9273124402308,7.82121874003847,76.1976517818028,1.43207630908422e-48,"Raw_anova"
"2","gen_factor               ",6,42.8284524991127,7.13807541651879,69.5421778955986,6.55612782009909e-46,"Raw_anova"
"3","exp_env_factor:gen_factor",36,134.126044575768,3.72572346043799,36.2975884334301,1.68819751905463e-68,"Raw_anova"
"4","Residuals                ",196,20.1181904848889,0.102643829004535,NA,NA,"Raw_anova"
"5","exp_env_factor           ",6,57.8204438876163,9.63674064793605,5.9724407114335e+29,0,"NoError_anova"
"6","gen_factor               ",6,43.2078409585949,7.20130682643248,4.46306273427841e+29,0,"NoError_anova"
"7","exp_env_factor:gen_factor",36,142.971715153789,3.97143653204969,2.46132692509141e+29,0,"NoError_anova"
"8","Residuals                ",196,3.16252811581635e-27,1.61353475296753e-29,NA,NA,"NoError_anova"
