"","Fixed_effect","Df","Sum Sq","Mean Sq","F value","Pr(>F)","data_class"
"1","exp_env_factor           ",9,84.0738537913413,9.34153931014904,214.990577984163,1.59013398070437e-256,"Raw_anova"
"2","gen_factor               ",9,437.413686732575,48.6015207480639,1118.53825045552,0,"Raw_anova"
"3","exp_env_factor:gen_factor",81,916.681165580162,11.3170514269156,260.455942705899,0,"Raw_anova"
"4","Residuals                ",1400,60.8312938959214,0.0434509242113724,NA,NA,"Raw_anova"
"5","exp_env_factor           ",9,90.5916162933149,10.0657351437017,2.89419945725167e+28,0,"NoError_anova"
"6","gen_factor               ",9,451.678142145839,50.1864602384266,1.44301060886072e+29,0,"NoError_anova"
"7","exp_env_factor:gen_factor",81,956.73024156085,11.8114844637142,3.39615452186901e+28,0,"NoError_anova"
"8","Residuals                ",1400,4.86905944435637e-25,3.47789960311169e-28,NA,NA,"NoError_anova"
