"","Fixed_effect","Df","Sum Sq","Mean Sq","F value","Pr(>F)","data_class"
"1","exp_env_factor           ",6,62.6887764210703,10.4481294035117,54.3998332498902,4.03603516866104e-50,"Raw_anova"
"2","gen_factor               ",6,28.081667653268,4.68027794221134,24.368605114506,5.96159772821129e-25,"Raw_anova"
"3","exp_env_factor:gen_factor",36,313.53030609923,8.70917516942306,45.3456938235717,3.90960945316468e-125,"Raw_anova"
"4","Residuals                ",441,84.6992498264315,0.192061790989641,NA,NA,"Raw_anova"
"5","exp_env_factor           ",6,69.0121955922627,11.5020325987105,1.94005906005275e+29,0,"NoError_anova"
"6","gen_factor               ",6,40.6891534408594,6.78152557347656,1.14384653467924e+29,0,"NoError_anova"
"7","exp_env_factor:gen_factor",36,379.298650966878,10.5360736379688,1.7771298197343e+29,0,"NoError_anova"
"8","Residuals                ",441,2.61455771139947e-26,5.92870229342283e-29,NA,NA,"NoError_anova"
