"","Fixed_effect","Df","Sum Sq","Mean Sq","F value","Pr(>F)","data_class"
"1","exp_env_factor           ",9,15.9484673758103,1.77205193064559,4.67193684244628,6.62837921961139e-06,"Raw_anova"
"2","gen_factor               ",9,173.119638804276,19.2355154226973,50.7135889375447,8.49919457417533e-61,"Raw_anova"
"3","exp_env_factor:gen_factor",81,158.213067953448,1.9532477525117,5.14965164370789,8.3671843967992e-29,"Raw_anova"
"4","Residuals                ",400,151.718825866467,0.379297064666167,NA,NA,"Raw_anova"
"5","exp_env_factor           ",9,26.6523896046067,2.96137662273407,7.49459561771757e+28,0,"NoError_anova"
"6","gen_factor               ",9,289.20632022642,32.1340355807134,8.13242059094964e+29,0,"NoError_anova"
"7","exp_env_factor:gen_factor",81,183.141290168973,2.26100358233301,5.72210485140928e+28,0,"NoError_anova"
"8","Residuals                ",400,1.58053977761428e-26,3.9513494440357e-29,NA,NA,"NoError_anova"
