"","Fixed_effect","Df","Sum Sq","Mean Sq","F value","Pr(>F)","data_class"
"1","exp_env_factor           ",6,4.25161535248073,0.708602558746788,1.01734712816357,0.412657830473566,"Raw_anova"
"2","gen_factor               ",6,200.681103899901,33.4468506499836,48.0199471972778,3.06497270856644e-49,"Raw_anova"
"3","exp_env_factor:gen_factor",36,51.2546032028696,1.42373897785749,2.0440749789833,0.000378628503915044,"Raw_anova"
"4","Residuals                ",686,477.812677544748,0.696519938111878,NA,NA,"Raw_anova"
"5","exp_env_factor           ",6,7.7317420394971,1.28862367324952,2.50233531665586e+28,0,"NoError_anova"
"6","gen_factor               ",6,676.012611434537,112.668768572423,2.18787722541171e+30,0,"NoError_anova"
"7","exp_env_factor:gen_factor",36,50.2556465259642,1.39599018127678,2.71082675635226e+28,0,"NoError_anova"
"8","Residuals                ",686,3.53268338565651e-26,5.14968423565088e-29,NA,NA,"NoError_anova"
