"","Fixed_effect","Df","Sum Sq","Mean Sq","F value","Pr(>F)","data_class"
"1","exp_env_factor           ",9,206.022747184339,22.8914163538155,608.314901638946,0,"Raw_anova"
"2","gen_factor               ",9,129.788195300139,14.4209105889043,383.220272212261,1.02636833848174e-300,"Raw_anova"
"3","exp_env_factor:gen_factor",81,629.321278404855,7.76939849882537,206.463453836004,0,"Raw_anova"
"4","Residuals                ",900,33.8677791106654,0.0376308656785171,NA,NA,"Raw_anova"
"5","exp_env_factor           ",9,202.961592119002,22.5512880132224,3.97898406060802e+28,0,"NoError_anova"
"6","gen_factor               ",9,131.247506419559,14.5830562688399,2.57305695420332e+28,0,"NoError_anova"
"7","exp_env_factor:gen_factor",81,664.790901461439,8.20729507977085,1.44810781024868e+28,0,"NoError_anova"
"8","Residuals                ",900,5.10083953661245e-25,5.66759948512495e-28,NA,NA,"NoError_anova"
