"","Fixed_effect","Df","Sum Sq","Mean Sq","F value","Pr(>F)","data_class"
"1","exp_env_factor           ",4,9.06456277938329,2.26614069484582,7.63840186475732,8.68329020864853e-06,"Raw_anova"
"2","gen_factor               ",4,126.474578191441,31.6186445478603,106.575868843795,8.76692881316922e-51,"Raw_anova"
"3","exp_env_factor:gen_factor",16,46.7084590680209,2.91927869175131,9.83991146425116,1.53134347967448e-18,"Raw_anova"
"4","Residuals                ",225,66.7523999611547,0.296677333160687,NA,NA,"Raw_anova"
"5","exp_env_factor           ",4,14.1478497061738,3.53696242654345,3.37576162920181e+29,0,"NoError_anova"
"6","gen_factor               ",4,182.077610794109,45.5194026985274,4.34448078556614e+30,0,"NoError_anova"
"7","exp_env_factor:gen_factor",16,52.7745394997172,3.29840871873232,3.14808025851798e+29,0,"NoError_anova"
"8","Residuals                ",225,2.3574429518012e-27,1.04775242302276e-29,NA,NA,"NoError_anova"
