"","Fixed_effect","Df","Sum Sq","Mean Sq","F value","Pr(>F)","data_class"
"1","exp_env_factor           ",2,3.04775797149495,1.52387898574748,1.68667859302956,0.199434814563255,"Raw_anova"
"2","gen_factor               ",2,3.92745209859555,1.96372604929777,2.17351556186754,0.128480291727171,"Raw_anova"
"3","exp_env_factor:gen_factor",4,4.49953958664636,1.12488489666159,1.24505901883719,0.309424675396397,"Raw_anova"
"4","Residuals                ",36,32.5252503432631,0.903479176201753,NA,NA,"Raw_anova"
"5","exp_env_factor           ",2,10.2984560422578,5.14922802112892,5.53199826257842e+30,0,"NoError_anova"
"6","gen_factor               ",2,5.2517669815755,2.62588349078775,2.82107975198706e+30,0,"NoError_anova"
"7","exp_env_factor:gen_factor",4,28.4497769761666,7.11244424404166,7.64115106949528e+30,0,"NoError_anova"
"8","Residuals                ",36,3.35090865835234e-29,9.30807960653427e-31,NA,NA,"NoError_anova"
