"","Fixed_effect","Df","Sum Sq","Mean Sq","F value","Pr(>F)","data_class"
"1","exp_env_factor           ",4,33.2107608127988,8.3026902031997,78.097171989001,2.74789409688618e-47,"Raw_anova"
"2","gen_factor               ",4,91.9135321585122,22.978383039628,216.140394059674,3.44647812715894e-93,"Raw_anova"
"3","exp_env_factor:gen_factor",16,211.66640101785,13.2291500636156,124.436680461513,1.39690498112002e-133,"Raw_anova"
"4","Residuals                ",350,37.2093060108394,0.106312302888113,NA,NA,"Raw_anova"
"5","exp_env_factor           ",4,33.9399044110306,8.48497610275766,1.8524149868806e+29,0,"NoError_anova"
"6","gen_factor               ",4,97.3718707944409,24.3429676986102,5.31448499606267e+29,0,"NoError_anova"
"7","exp_env_factor:gen_factor",16,242.688224794527,15.168014049658,3.31143614390029e+29,0,"NoError_anova"
"8","Residuals                ",350,1.6031729698787e-26,4.58049419965343e-29,NA,NA,"NoError_anova"
