"","Fixed_effect","Df","Sum Sq","Mean Sq","F value","Pr(>F)","data_class"
"1","exp_env_factor           ",1,0.717379680059725,0.717379680059725,0.675627297934973,0.423176832755397,"Raw_anova"
"2","gen_factor               ",1,1.21910222151077,1.21910222151077,1.14814896869852,0.299834358272065,"Raw_anova"
"3","exp_env_factor:gen_factor",1,0.0747508949167606,0.0747508949167606,0.0704003006422309,0.794143017516298,"Raw_anova"
"4","Residuals                ",16,16.9887672035127,1.06179795021955,NA,NA,"Raw_anova"
"5","exp_env_factor           ",1,10.7596772559221,10.7596772559221,7.81362775031792e+32,6.07067160981303e-255,"NoError_anova"
"6","gen_factor               ",1,7.98095229173317,7.98095229173317,5.79573056118636e+32,6.62510825927376e-254,"NoError_anova"
"7","exp_env_factor:gen_factor",1,0.259370452344687,0.259370452344687,1.88353620266584e+31,5.32435128752553e-242,"NoError_anova"
"8","Residuals                ",16,2.203263856379e-31,1.37703991023687e-32,NA,NA,"NoError_anova"
