"","Fixed_effect","Df","Sum Sq","Mean Sq","F value","Pr(>F)","data_class"
"1","exp_env_factor           ",9,99.3482627084072,11.0386958564897,348.325875687433,4.24917520920386e-286,"Raw_anova"
"2","gen_factor               ",9,124.939366740586,13.8821518600651,438.051085558288,0,"Raw_anova"
"3","exp_env_factor:gen_factor",81,746.190727560133,9.21223120444608,290.691812061954,0,"Raw_anova"
"4","Residuals                ",900,28.5216429908746,0.0316907144343051,NA,NA,"Raw_anova"
"5","exp_env_factor           ",9,108.436223179012,12.0484692421124,1.44161831060625e+28,0,"NoError_anova"
"6","gen_factor               ",9,127.942074041379,14.2157860045977,1.70094117286348e+28,0,"NoError_anova"
"7","exp_env_factor:gen_factor",81,762.621702779611,9.41508275036557,1.12652947159123e+28,0,"NoError_anova"
"8","Residuals                ",900,7.52184003083382e-25,8.3576000342598e-28,NA,NA,"NoError_anova"
