"","row","aov_coefs"
"(Intercept)",18622,-0.0720613051771651
"exp_env_factorE_2",18622,0.16655484425413
"gen_factorG_2",18622,0.440685051127523
"exp_env_factorE_2:gen_factorG_2",18622,-0.926234570054647
