"","Fixed_effect","Df","Sum Sq","Mean Sq","F value","Pr(>F)","data_class"
"1","exp_env_factor           ",4,15.5141321257218,3.87853303143045,12.6529228224024,1.25617996108122e-09,"Raw_anova"
"2","gen_factor               ",4,91.307867319021,22.8269668297552,74.4683227462187,1.29445912303707e-45,"Raw_anova"
"3","exp_env_factor:gen_factor",16,159.891598823858,9.9932249264911,32.6008577771905,1.49081101616064e-59,"Raw_anova"
"4","Residuals                ",350,107.286401731399,0.306532576375427,NA,NA,"Raw_anova"
"5","exp_env_factor           ",4,35.0812698068553,8.77031745171384,4.76686836372118e+29,0,"NoError_anova"
"6","gen_factor               ",4,128.959699742178,32.2399249355445,1.75231374542732e+30,0,"NoError_anova"
"7","exp_env_factor:gen_factor",16,209.959030450967,13.1224394031854,7.13234630220473e+29,0,"NoError_anova"
"8","Residuals                ",350,6.43947110321209e-27,1.83984888663203e-29,NA,NA,"NoError_anova"
