"","row","aov_coefs"
"(Intercept)",24109,-0.144996743260705
"exp_env_factorE_2",24109,-0.457566269682967
"gen_factorG_2",24109,0.599880220186166
"exp_env_factorE_2:gen_factorG_2",24109,0.295359072036419
