"","Fixed_effect","Df","Sum Sq","Mean Sq","F value","Pr(>F)","data_class"
"1","exp_env_factor           ",9,125.147326202287,13.9052584669208,267.245240552322,1.68212740441167e-296,"Raw_anova"
"2","gen_factor               ",9,398.554616629099,44.2838462921221,851.091490537457,0,"Raw_anova"
"3","exp_env_factor:gen_factor",81,902.453497566895,11.1414012045296,214.126652307655,0,"Raw_anova"
"4","Residuals                ",1400,72.8445596017182,0.0520318282869416,NA,NA,"Raw_anova"
"5","exp_env_factor           ",9,137.461289234885,15.2734765816539,2.47084535567325e+28,0,"NoError_anova"
"6","gen_factor               ",9,437.784395177885,48.6427105753205,7.8691066090844e+28,0,"NoError_anova"
"7","exp_env_factor:gen_factor",81,923.754315587226,11.404374266509,1.84492672903367e+28,0,"NoError_anova"
"8","Residuals                ",1400,8.65406941200055e-25,6.18147815142896e-28,NA,NA,"NoError_anova"
