"","Fixed_effect","Df","Sum Sq","Mean Sq","F value","Pr(>F)","data_class"
"1","exp_env_factor           ",1,0.392756663602995,0.392756663602995,0.526786443926089,0.472653452383941,"Raw_anova"
"2","gen_factor               ",1,6.03392430634338,6.03392430634338,8.09302507842565,0.00728544382642875,"Raw_anova"
"3","exp_env_factor:gen_factor",1,5.73276522929631,5.73276522929631,7.68909426335473,0.00874432164676513,"Raw_anova"
"4","Residuals                ",36,26.8405538007573,0.745570938909925,NA,NA,"Raw_anova"
"5","exp_env_factor           ",1,0.378157871143733,0.378157871143733,4.17412399313313e+29,0,"NoError_anova"
"6","gen_factor               ",1,25.3861418693725,25.3861418693725,2.80213402803278e+31,0,"NoError_anova"
"7","exp_env_factor:gen_factor",1,13.2357002594838,13.2357002594838,1.4609626887293e+31,0,"NoError_anova"
"8","Residuals                ",36,3.26144680502312e-29,9.05957445839755e-31,NA,NA,"NoError_anova"
