"","Fixed_effect","Df","Sum Sq","Mean Sq","F value","Pr(>F)","data_class"
"1","exp_env_factor           ",1,3.04669625671937,3.04669625671937,3.73928620729285,0.061039530988411,"Raw_anova"
"2","gen_factor               ",1,6.24912271650536,6.24912271650536,7.66970397195761,0.00882182047296562,"Raw_anova"
"3","exp_env_factor:gen_factor",1,0.372094858034657,0.372094858034657,0.45668128793114,0.503497384042757,"Raw_anova"
"4","Residuals                ",36,29.3320861687406,0.814780171353906,NA,NA,"Raw_anova"
"5","exp_env_factor           ",1,1.1078446214327,1.1078446214327,2.6062385888284e+30,0,"NoError_anova"
"6","gen_factor               ",1,32.1636186693657,32.1636186693657,7.56659034224998e+31,0,"NoError_anova"
"7","exp_env_factor:gen_factor",1,5.72853670920163,5.72853670920163,1.34765590229914e+31,0,"NoError_anova"
"8","Residuals                ",36,1.53026689661232e-29,4.25074137947867e-31,NA,NA,"NoError_anova"
