"","Fixed_effect","Df","Sum Sq","Mean Sq","F value","Pr(>F)","data_class"
"1","exp_env_factor           ",9,56.5096499665572,6.27884999628414,17.5535365975848,1.56391207574952e-24,"Raw_anova"
"2","gen_factor               ",9,158.738708830573,17.6376343145081,49.3088478969494,1.58950488105702e-59,"Raw_anova"
"3","exp_env_factor:gen_factor",81,140.672781592367,1.73670100731318,4.85522742364853,9.99043579815272e-27,"Raw_anova"
"4","Residuals                ",400,143.078859610503,0.357697149026256,NA,NA,"Raw_anova"
"5","exp_env_factor           ",9,75.6147171884341,8.40163524315934,1.26942926868566e+29,0,"NoError_anova"
"6","gen_factor               ",9,235.395742648431,26.1550825164923,3.95185297985379e+29,0,"NoError_anova"
"7","exp_env_factor:gen_factor",81,187.989540163135,2.32085852053253,3.50665751270418e+28,0,"NoError_anova"
"8","Residuals                ",400,2.64737404451316e-26,6.6184351112829e-29,NA,NA,"NoError_anova"
