"","Fixed_effect","Df","Sum Sq","Mean Sq","F value","Pr(>F)","data_class"
"1","exp_env_factor           ",9,39.3110272289279,4.36789191432533,7.53194050831343,7.83266860168069e-11,"Raw_anova"
"2","gen_factor               ",9,172.494905298694,19.1661005887438,33.049794326943,4.92092509535463e-53,"Raw_anova"
"3","exp_env_factor:gen_factor",81,475.311834294098,5.86804733696417,10.1187905536367,4.04598973764074e-92,"Raw_anova"
"4","Residuals                ",1400,811.88223317828,0.579915880841629,NA,NA,"Raw_anova"
"5","exp_env_factor           ",9,118.411372741181,13.1568191934646,5.55386821505813e+27,0,"NoError_anova"
"6","gen_factor               ",9,373.991341083243,41.5545934536936,1.7541377773647e+28,0,"NoError_anova"
"7","exp_env_factor:gen_factor",81,1006.59728617557,12.4271269898219,5.24584434720716e+27,0,"NoError_anova"
"8","Residuals                ",1400,3.31652573622646e-24,2.36894695444747e-27,NA,NA,"NoError_anova"
