"","Fixed_effect","Df","Sum Sq","Mean Sq","F value","Pr(>F)","data_class"
"1","exp_env_factor           ",1,3.99486448050778,3.99486448050778,4.79258609774357,0.0437527196685877,"Raw_anova"
"2","gen_factor               ",1,1.37682178528926,1.37682178528926,1.65175489167258,0.217013329468594,"Raw_anova"
"3","exp_env_factor:gen_factor",1,0.291499249384804,0.291499249384804,0.349707795325944,0.5625410470792,"Raw_anova"
"4","Residuals                ",16,13.3368144848182,0.833550905301135,NA,NA,"Raw_anova"
"5","exp_env_factor           ",1,5.23091805309041,5.23091805309041,6.33111407326677e+31,3.26751333206057e-246,"NoError_anova"
"6","gen_factor               ",1,2.6569101717893,2.6569101717893,3.21572641920532e+31,7.37608186648579e-244,"NoError_anova"
"7","exp_env_factor:gen_factor",1,11.1121717751203,11.1121717751203,1.34493460604794e+32,7.87860142457166e-249,"NoError_anova"
"8","Residuals                ",16,1.3219583138274e-30,8.26223946142124e-32,NA,NA,"NoError_anova"
