"","Fixed_effect","Df","Sum Sq","Mean Sq","F value","Pr(>F)","data_class"
"1","exp_env_factor           ",1,0.342548069199853,0.342548069199853,0.298500634777654,0.592361730001652,"Raw_anova"
"2","gen_factor               ",1,0.294393593827302,0.294393593827302,0.256538227867384,0.619416445867745,"Raw_anova"
"3","exp_env_factor:gen_factor",1,0.00206184770190792,0.00206184770190792,0.00179671965243301,0.966714076569005,"Raw_anova"
"4","Residuals                ",16,18.3609964892709,1.14756228057943,NA,NA,"Raw_anova"
"5","exp_env_factor           ",1,1.92491993242595,1.92491993242595,8.31164716679111e+31,3.70306799024107e-247,"NoError_anova"
"6","gen_factor               ",1,14.5634114884315,14.5634114884315,6.28836222211499e+32,3.44951531729526e-254,"NoError_anova"
"7","exp_env_factor:gen_factor",1,2.51166857914258,2.51166857914258,1.0845179936102e+32,4.40721646663392e-248,"NoError_anova"
"8","Residuals                ",16,3.70548921300104e-31,2.31593075812565e-32,NA,NA,"NoError_anova"
