"","Fixed_effect","Df","Sum Sq","Mean Sq","F value","Pr(>F)","data_class"
"1","exp_env_factor           ",4,25.4143598856092,6.3535899714023,54.2882749304179,3.04454988707308e-24,"Raw_anova"
"2","gen_factor               ",4,10.8130778732493,2.70326946831233,23.0980967873748,1.54434608616945e-13,"Raw_anova"
"3","exp_env_factor:gen_factor",16,76.0691327629608,4.75432079768505,40.6233130771521,1.75445234103197e-36,"Raw_anova"
"4","Residuals                ",100,11.7034294781807,0.117034294781807,NA,NA,"Raw_anova"
"5","exp_env_factor           ",4,25.1989755413311,6.29974388533278,9.39499325247783e+29,0,"NoError_anova"
"6","gen_factor               ",4,10.2945801802431,2.57364504506078,3.83815251424967e+29,0,"NoError_anova"
"7","exp_env_factor:gen_factor",16,88.5064442784259,5.53165276740162,8.24951638840207e+29,0,"NoError_anova"
"8","Residuals                ",100,6.7054267268061e-28,6.7054267268061e-30,NA,NA,"NoError_anova"
