"","Fixed_effect","Df","Sum Sq","Mean Sq","F value","Pr(>F)","data_class"
"1","exp_env_factor           ",6,10.7709365020873,1.79515608368121,5.92128660214331,1.05881869556759e-05,"Raw_anova"
"2","gen_factor               ",6,91.7158927740272,15.2859821290045,50.4205077229096,3.4227633199007e-37,"Raw_anova"
"3","exp_env_factor:gen_factor",36,82.0918631529669,2.28032953202686,7.52162156216172,1.11061017230053e-21,"Raw_anova"
"4","Residuals                ",196,59.4213075709186,0.303169936586319,NA,NA,"Raw_anova"
"5","exp_env_factor           ",6,31.28025120554,5.21337520092334,1.51306769496723e+30,0,"NoError_anova"
"6","gen_factor               ",6,104.588771414758,17.4314619024597,5.05909911797497e+30,0,"NoError_anova"
"7","exp_env_factor:gen_factor",36,108.130977379701,3.00363826054726,8.71740061716009e+29,0,"NoError_anova"
"8","Residuals                ",196,6.75331013132962e-28,3.44556639353552e-30,NA,NA,"NoError_anova"
