"","Fixed_effect","Df","Sum Sq","Mean Sq","F value","Pr(>F)","data_class"
"1","exp_env_factor           ",6,107.721542671897,17.9535904453161,41.843713826517,2.31489040532578e-40,"Raw_anova"
"2","gen_factor               ",6,26.5622830553361,4.42704717588936,10.317941455144,1.0486962718845e-10,"Raw_anova"
"3","exp_env_factor:gen_factor",36,165.499380103628,4.59720500287857,10.7145214840561,6.49534414369606e-41,"Raw_anova"
"4","Residuals                ",441,189.216794169139,0.429063025326845,NA,NA,"Raw_anova"
"5","exp_env_factor           ",6,144.15602971438,24.0260049523967,2.55658128615213e+29,0,"NoError_anova"
"6","gen_factor               ",6,64.4104609171908,10.7350768195318,1.14230795159654e+29,0,"NoError_anova"
"7","exp_env_factor:gen_factor",36,280.43350936843,7.7898197046786,8.28906317090133e+28,0,"NoError_anova"
"8","Residuals                ",441,4.14438932233366e-26,9.39770821390852e-29,NA,NA,"NoError_anova"
