"","Fixed_effect","Df","Sum Sq","Mean Sq","F value","Pr(>F)","data_class"
"1","exp_env_factor           ",6,22.7634852204174,3.79391420340289,75.5570778825163,1.25153400408864e-64,"Raw_anova"
"2","gen_factor               ",6,119.264262085453,19.8773770142421,395.86465129289,4.92940181696862e-174,"Raw_anova"
"3","exp_env_factor:gen_factor",36,324.828514336458,9.02301428712383,179.696365462293,3.87956317659829e-239,"Raw_anova"
"4","Residuals                ",441,22.1437383576719,0.0502125586341765,NA,NA,"Raw_anova"
"5","exp_env_factor           ",6,24.3503982060767,4.05839970101278,8.18909636409936e+28,0,"NoError_anova"
"6","gen_factor               ",6,132.637288105387,22.1062146842312,4.46062329073848e+29,0,"NoError_anova"
"7","exp_env_factor:gen_factor",36,332.012313688537,9.22256426912602,1.86094207293395e+29,0,"NoError_anova"
"8","Residuals                ",441,2.18553328544629e-26,4.95585779012765e-29,NA,NA,"NoError_anova"
