"","Fixed_effect","Df","Sum Sq","Mean Sq","F value","Pr(>F)","data_class"
"1","exp_env_factor           ",4,28.4366734178031,7.10916835445077,56.0965136470431,9.07865291083839e-33,"Raw_anova"
"2","gen_factor               ",4,97.3365973234267,24.3341493308567,192.014152987807,2.54385310499453e-71,"Raw_anova"
"3","exp_env_factor:gen_factor",16,94.7122499131231,5.91951561957019,46.7092875257641,2.88394506675374e-62,"Raw_anova"
"4","Residuals                ",225,28.5144793456471,0.126731019313987,NA,NA,"Raw_anova"
"5","exp_env_factor           ",4,26.8891242013796,6.72228105034489,6.61837800933847e+29,0,"NoError_anova"
"6","gen_factor               ",4,103.945495498696,25.986373874674,2.5584715085033e+30,0,"NoError_anova"
"7","exp_env_factor:gen_factor",16,118.165380299925,7.38533626874529,7.27118470450233e+29,0,"NoError_anova"
"8","Residuals                ",225,2.28532313233463e-27,1.0156991699265e-29,NA,NA,"NoError_anova"
