"","Fixed_effect","Df","Sum Sq","Mean Sq","F value","Pr(>F)","data_class"
"1","exp_env_factor           ",9,81.5248349569449,9.0583149952161,63.0909820940774,2.83744982364686e-71,"Raw_anova"
"2","gen_factor               ",9,272.921115634784,30.3245684038649,211.21001016075,5.61149006405935e-146,"Raw_anova"
"3","exp_env_factor:gen_factor",81,87.1238766985875,1.07560341603194,7.49155619969484,4.0649086132175e-44,"Raw_anova"
"4","Residuals                ",400,57.4301727096839,0.14357543177421,NA,NA,"Raw_anova"
"5","exp_env_factor           ",9,85.45486981902,9.49498553544666,2.04815717071616e+29,0,"NoError_anova"
"6","gen_factor               ",9,330.242813314226,36.6936459238029,7.91516256006822e+29,0,"NoError_anova"
"7","exp_env_factor:gen_factor",81,83.3023168667542,1.02842366502166,2.21840601671776e+28,0,"NoError_anova"
"8","Residuals                ",400,1.85434705328334e-26,4.63586763320836e-29,NA,NA,"NoError_anova"
