"","Fixed_effect","Df","Sum Sq","Mean Sq","F value","Pr(>F)","data_class"
"1","exp_env_factor           ",2,18.2215529276471,9.11077646382357,12.4060167257523,1.99513970712627e-05,"Raw_anova"
"2","gen_factor               ",2,4.52381027504538,2.26190513752269,3.08000455061049,0.0513799827590123,"Raw_anova"
"3","exp_env_factor:gen_factor",4,6.76955710707686,1.69238927676922,2.30450277838024,0.0653232299280158,"Raw_anova"
"4","Residuals                ",81,59.4850796902306,0.73438369987939,NA,NA,"Raw_anova"
"5","exp_env_factor           ",2,60.8357552416554,30.4178776208277,4.27579913970432e+31,0,"NoError_anova"
"6","gen_factor               ",2,20.5293045846457,10.2646522923228,1.44288802749426e+31,0,"NoError_anova"
"7","exp_env_factor:gen_factor",4,7.63494017369905,1.90873504342476,2.68308254715669e+30,0,"NoError_anova"
"8","Residuals                ",81,5.76231017123369e-29,7.11396317436257e-31,NA,NA,"NoError_anova"
