"","Fixed_effect","Df","Sum Sq","Mean Sq","F value","Pr(>F)","data_class"
"1","exp_env_factor           ",2,12.3716852204463,6.18584261022314,9.18805759016984,0.000597169791872966,"Raw_anova"
"2","gen_factor               ",2,5.81152533486861,2.90576266743431,4.31603524597093,0.0208832648256196,"Raw_anova"
"3","exp_env_factor:gen_factor",4,1.57985668902994,0.394964172257485,0.586654687068513,0.674355436009793,"Raw_anova"
"4","Residuals                ",36,24.2369327556551,0.673248132101532,NA,NA,"Raw_anova"
"5","exp_env_factor           ",2,29.8322480304414,14.9161240152207,6.45435879257923e+31,0,"NoError_anova"
"6","gen_factor               ",2,9.56346233783167,4.78173116891583,2.0691037820783e+31,0,"NoError_anova"
"7","exp_env_factor:gen_factor",4,4.60428963172692,1.15107240793173,4.98080755392512e+30,0,"NoError_anova"
"8","Residuals                ",36,8.31965624788828e-30,2.31101562441341e-31,NA,NA,"NoError_anova"
