"","Fixed_effect","Df","Sum Sq","Mean Sq","F value","Pr(>F)","data_class"
"1","exp_env_factor           ",6,11.9571974927705,1.99286624879509,7.51106017332656,2.93657013509697e-07,"Raw_anova"
"2","gen_factor               ",6,54.7903742140801,9.13172903568001,34.4172451688495,3.13991577207593e-28,"Raw_anova"
"3","exp_env_factor:gen_factor",36,125.248879426513,3.47913553962535,13.1127698133704,1.65172997002368e-35,"Raw_anova"
"4","Residuals                ",196,52.0035488666368,0.265324228911412,NA,NA,"Raw_anova"
"5","exp_env_factor           ",6,24.7599020398602,4.12665033997669,2.02403130023542e+29,0,"NoError_anova"
"6","gen_factor               ",6,52.6676106272798,8.77793510454664,4.30538425582674e+29,0,"NoError_anova"
"7","exp_env_factor:gen_factor",36,166.57248733286,4.6270135370239,2.2694484518895e+29,0,"NoError_anova"
"8","Residuals                ",196,3.99610157481929e-27,2.03882733409148e-29,NA,NA,"NoError_anova"
