"","Fixed_effect","Df","Sum Sq","Mean Sq","F value","Pr(>F)","data_class"
"1","exp_env_factor           ",2,32.0670511434128,16.0335255717064,31.3624844713539,8.19574078297992e-11,"Raw_anova"
"2","gen_factor               ",2,12.9368500789574,6.4684250394787,12.6526058755758,1.65266073999077e-05,"Raw_anova"
"3","exp_env_factor:gen_factor",4,2.586255354847,0.646563838711749,1.26471550256667,0.290692269818557,"Raw_anova"
"4","Residuals                ",81,41.4098434227827,0.511232634849169,NA,NA,"Raw_anova"
"5","exp_env_factor           ",2,56.3695935533527,28.1847967766764,6.53240886615039e+30,0,"NoError_anova"
"6","gen_factor               ",2,28.1504634597754,14.0752317298877,3.26222570536775e+30,0,"NoError_anova"
"7","exp_env_factor:gen_factor",4,4.47994298687201,1.119985746718,2.59579832339862e+29,0,"NoError_anova"
"8","Residuals                ",81,3.49483411967775e-28,4.31461002429352e-30,NA,NA,"NoError_anova"
