"","Fixed_effect","Df","Sum Sq","Mean Sq","F value","Pr(>F)","data_class"
"1","exp_env_factor           ",4,98.7067459961079,24.676686499027,51.0053615464884,8.14013153559378e-34,"Raw_anova"
"2","gen_factor               ",4,8.20794350989163,2.05198587747291,4.24134259568929,0.00229671375824259,"Raw_anova"
"3","exp_env_factor:gen_factor",16,97.7533027836453,6.10958142397783,12.628170700308,2.55837624620216e-26,"Raw_anova"
"4","Residuals                ",350,169.332007710356,0.483805736315301,NA,NA,"Raw_anova"
"5","exp_env_factor           ",4,171.106087327238,42.7765218318096,1.48110169114138e+30,0,"NoError_anova"
"6","gen_factor               ",4,17.8196381654907,4.45490954137268,1.54247558545127e+29,0,"NoError_anova"
"7","exp_env_factor:gen_factor",16,185.074274507271,11.5671421567044,4.00502730851479e+29,0,"NoError_anova"
"8","Residuals                ",350,1.01085446939134e-26,2.8881556268324e-29,NA,NA,"NoError_anova"
