"","Fixed_effect","Df","Sum Sq","Mean Sq","F value","Pr(>F)","data_class"
"1","exp_env_factor           ",6,130.432566197068,21.7387610328447,101.18027362355,4.90812070422093e-91,"Raw_anova"
"2","gen_factor               ",6,245.131742661588,40.855290443598,190.155706657212,2.84546226659792e-142,"Raw_anova"
"3","exp_env_factor:gen_factor",36,211.047375865424,5.86242710737289,27.2859146814259,2.91003772917332e-108,"Raw_anova"
"4","Residuals                ",686,147.388315275918,0.21485177153924,NA,NA,"Raw_anova"
"5","exp_env_factor           ",6,172.040553472992,28.673425578832,4.60297624065331e+29,0,"NoError_anova"
"6","gen_factor               ",6,306.76310848858,51.1271847480967,8.20750265781702e+29,0,"NoError_anova"
"7","exp_env_factor:gen_factor",36,255.196338038428,7.0887871677341,1.13797072548656e+29,0,"NoError_anova"
"8","Residuals                ",686,4.27331555035072e-26,6.22932295969493e-29,NA,NA,"NoError_anova"
