"","Fixed_effect","Df","Sum Sq","Mean Sq","F value","Pr(>F)","data_class"
"1","exp_env_factor           ",2,18.4896996452883,9.24484982264415,37.8198260101308,1.36477220038749e-13,"Raw_anova"
"2","gen_factor               ",2,54.8857786476254,27.4428893238127,112.266323342505,1.01262957460019e-28,"Raw_anova"
"3","exp_env_factor:gen_factor",4,29.8245101644329,7.45612754110823,30.5023285097999,9.48238825145928e-18,"Raw_anova"
"4","Residuals                ",126,30.8000115426532,0.244444536052803,NA,NA,"Raw_anova"
"5","exp_env_factor           ",2,26.9237179089111,13.4618589544556,7.63323762214752e+29,0,"NoError_anova"
"6","gen_factor               ",2,60.1403247715949,30.0701623857975,1.70505942458552e+30,0,"NoError_anova"
"7","exp_env_factor:gen_factor",4,46.9359573194937,11.7339893298734,6.65348887651378e+29,0,"NoError_anova"
"8","Residuals                ",126,2.22211637083059e-27,1.76358442129412e-29,NA,NA,"NoError_anova"
