"","Fixed_effect","Df","Sum Sq","Mean Sq","F value","Pr(>F)","data_class"
"1","exp_env_factor           ",4,30.9321115328524,7.73302788321309,10.7360320968881,5.55917121352632e-08,"Raw_anova"
"2","gen_factor               ",4,42.7053755296266,10.6763438824066,14.8223402695539,9.14029928886208e-11,"Raw_anova"
"3","exp_env_factor:gen_factor",16,13.2978639106918,0.83111649441824,1.15386799260057,0.307285689636297,"Raw_anova"
"4","Residuals                ",225,162.064649026829,0.72028732900813,NA,NA,"Raw_anova"
"5","exp_env_factor           ",4,72.9594418202832,18.2398604550708,2.99697644734169e+30,0,"NoError_anova"
"6","gen_factor               ",4,152.326575580429,38.0816438951073,6.2571635408516e+30,0,"NoError_anova"
"7","exp_env_factor:gen_factor",16,23.7139825992868,1.48212391245542,2.43526559241627e+29,0,"NoError_anova"
"8","Residuals                ",225,1.36936965455005e-27,6.0860873535558e-30,NA,NA,"NoError_anova"
