"","Fixed_effect","Df","Sum Sq","Mean Sq","F value","Pr(>F)","data_class"
"1","exp_env_factor           ",9,71.4679293019481,7.94088103354979,44.9831574921021,7.30905530887714e-67,"Raw_anova"
"2","gen_factor               ",9,254.07857440268,28.2309527114089,159.921473020949,6.50191559686835e-180,"Raw_anova"
"3","exp_env_factor:gen_factor",81,514.57641143423,6.35279520289172,35.9870379520096,3.78308292362242e-229,"Raw_anova"
"4","Residuals                ",900,158.877084861142,0.176530094290158,NA,NA,"Raw_anova"
"5","exp_env_factor           ",9,84.8649081690156,9.42943424100173,9.84849817563367e+27,0,"NoError_anova"
"6","gen_factor               ",9,301.627533502588,33.5141703891764,3.50036107681277e+28,0,"NoError_anova"
"7","exp_env_factor:gen_factor",81,612.507558328395,7.56182170775797,7.89788500454189e+27,0,"NoError_anova"
"8","Residuals                ",900,8.61704055334866e-25,9.57448950372073e-28,NA,NA,"NoError_anova"
