"","Fixed_effect","Df","Sum Sq","Mean Sq","F value","Pr(>F)","data_class"
"1","exp_env_factor           ",9,57.9460614177202,6.43845126863558,323.300252502728,1.83827141821039e-177,"Raw_anova"
"2","gen_factor               ",9,107.573781098894,11.9526423443216,600.189723702434,3.96053457982398e-226,"Raw_anova"
"3","exp_env_factor:gen_factor",81,325.514248123533,4.01869442127818,201.794634597875,4.29839508836351e-280,"Raw_anova"
"4","Residuals                ",400,7.96590935985272,0.0199147733996318,NA,NA,"Raw_anova"
"5","exp_env_factor           ",9,57.8833128834909,6.43147920927676,6.01881772523785e+28,0,"NoError_anova"
"6","gen_factor               ",9,105.133985581079,11.6815539534533,1.09320331615086e+29,0,"NoError_anova"
"7","exp_env_factor:gen_factor",81,335.98270153543,4.14793458685716,3.88179163799403e+28,0,"NoError_anova"
"8","Residuals                ",400,4.27424753689321e-26,1.0685618842233e-28,NA,NA,"NoError_anova"
