"","Fixed_effect","Df","Sum Sq","Mean Sq","F value","Pr(>F)","data_class"
"1","exp_env_factor           ",9,65.2783487699039,7.25314986332265,30.731263667283,4.652105791794e-47,"Raw_anova"
"2","gen_factor               ",9,248.099480844409,27.5666089827121,116.798459293455,1.16309185415509e-144,"Raw_anova"
"3","exp_env_factor:gen_factor",81,473.205429321439,5.84204233730171,24.7524657295314,1.24723577297274e-177,"Raw_anova"
"4","Residuals                ",900,212.416741064248,0.236018601182498,NA,NA,"Raw_anova"
"5","exp_env_factor           ",9,83.2309414170488,9.24788237967208,5.00049138641258e+28,0,"NoError_anova"
"6","gen_factor               ",9,308.255057175735,34.250561908415,1.85198765264674e+29,0,"NoError_anova"
"7","exp_env_factor:gen_factor",81,607.514001407215,7.5001728568792,4.05547434836209e+28,0,"NoError_anova"
"8","Residuals                ",900,1.66445525020211e-25,1.84939472244679e-28,NA,NA,"NoError_anova"
