"","Fixed_effect","Df","Sum Sq","Mean Sq","F value","Pr(>F)","data_class"
"1","exp_env_factor           ",9,41.6732134403639,4.63035704892932,17.9883849878582,4.10411331954595e-25,"Raw_anova"
"2","gen_factor               ",9,19.920397246681,2.21337747185344,8.59870754380776,8.25462197932231e-12,"Raw_anova"
"3","exp_env_factor:gen_factor",81,334.443126028236,4.12892748183008,16.0403909126795,1.56726535283811e-85,"Raw_anova"
"4","Residuals                ",400,102.963263284719,0.257408158211797,NA,NA,"Raw_anova"
"5","exp_env_factor           ",9,38.5897679354648,4.28775199282943,3.50215118970585e+28,0,"NoError_anova"
"6","gen_factor               ",9,20.1417968178004,2.23797742420004,1.8279357835538e+28,0,"NoError_anova"
"7","exp_env_factor:gen_factor",81,440.268435246735,5.43541278082389,4.43953786710117e+28,0,"NoError_anova"
"8","Residuals                ",400,4.89727799922831e-26,1.22431949980708e-28,NA,NA,"NoError_anova"
