"","Fixed_effect","Df","Sum Sq","Mean Sq","F value","Pr(>F)","data_class"
"1","exp_env_factor           ",4,95.4953828120849,23.8738457030212,159.878894597827,1.17553625116785e-77,"Raw_anova"
"2","gen_factor               ",4,65.0537900805011,16.2634475201253,108.913412787046,3.45032716379304e-60,"Raw_anova"
"3","exp_env_factor:gen_factor",16,161.187230858037,10.0742019286273,67.4651368841013,1.89216951690255e-96,"Raw_anova"
"4","Residuals                ",350,52.2635962493763,0.149324560712504,NA,NA,"Raw_anova"
"5","exp_env_factor           ",4,114.439483136129,28.6098707840323,9.43674097591682e+29,0,"NoError_anova"
"6","gen_factor               ",4,73.4932487569182,18.3733121892295,6.06029259300897e+29,0,"NoError_anova"
"7","exp_env_factor:gen_factor",16,186.067268106954,11.6292042566846,3.83580160689195e+29,0,"NoError_anova"
"8","Residuals                ",350,1.06111366201173e-26,3.03175332003353e-29,NA,NA,"NoError_anova"
