"","row","aov_coefs"
"(Intercept)",23773,0.633161085116579
"exp_env_factorE_2",23773,-0.559997522376558
"gen_factorG_2",23773,-2.04618006313208
"exp_env_factorE_2:gen_factorG_2",23773,2.67971083055095
