"","Fixed_effect","Df","Sum Sq","Mean Sq","F value","Pr(>F)","data_class"
"1","exp_env_factor           ",4,23.6079999225543,5.90199998063858,9.29087892525226,3.80852918549457e-07,"Raw_anova"
"2","gen_factor               ",4,78.2992653147507,19.5748163286877,30.8145118757203,5.46937019007425e-22,"Raw_anova"
"3","exp_env_factor:gen_factor",16,49.7563971736854,3.10977482335533,4.8953814746482,4.3235845576191e-09,"Raw_anova"
"4","Residuals                ",350,222.33633758901,0.635246678825742,NA,NA,"Raw_anova"
"5","exp_env_factor           ",4,58.6028056221417,14.6507014055354,4.30057549650838e+29,0,"NoError_anova"
"6","gen_factor               ",4,190.189277969842,47.5473194924606,1.39570680934548e+30,0,"NoError_anova"
"7","exp_env_factor:gen_factor",16,125.207916408017,7.82549477550104,2.29710033315256e+29,0,"NoError_anova"
"8","Residuals                ",350,1.19233937320728e-26,3.40668392344938e-29,NA,NA,"NoError_anova"
