"","Fixed_effect","Df","Sum Sq","Mean Sq","F value","Pr(>F)","data_class"
"1","exp_env_factor           ",1,0.255666386405609,0.255666386405609,0.295948916007451,0.588592811709835,"Raw_anova"
"2","gen_factor               ",1,8.52223573750776,8.52223573750776,9.86499032561148,0.00269001388496488,"Raw_anova"
"3","exp_env_factor:gen_factor",1,1.84443246049963,1.84443246049963,2.13503931826153,0.149555445378192,"Raw_anova"
"4","Residuals                ",56,48.377665415587,0.863886882421196,NA,NA,"Raw_anova"
"5","exp_env_factor           ",1,18.0620191788089,18.0620191788089,2.52920784001436e+31,0,"NoError_anova"
"6","gen_factor               ",1,40.8033843543011,40.8033843543011,5.71366017200871e+31,0,"NoError_anova"
"7","exp_env_factor:gen_factor",1,0.134596466889823,0.134596466889823,1.88474187700659e+29,0,"NoError_anova"
"8","Residuals                ",56,3.99916945539578e-29,7.14137402749247e-31,NA,NA,"NoError_anova"
