"","Fixed_effect","Df","Sum Sq","Mean Sq","F value","Pr(>F)","data_class"
"1","exp_env_factor           ",1,4.42541553350167,4.42541553350167,5.12273056389405,0.0378726165395642,"Raw_anova"
"2","gen_factor               ",1,0.00349231488151092,0.00349231488151092,0.00404260075620563,0.950091071610395,"Raw_anova"
"3","exp_env_factor:gen_factor",1,0.749040093074999,0.749040093074999,0.867066730644648,0.365606845573622,"Raw_anova"
"4","Residuals                ",16,13.8220520585418,0.863878253658864,NA,NA,"Raw_anova"
"5","exp_env_factor           ",1,11.5039977770254,11.5039977770254,1.89025859234939e+32,5.17474210483448e-250,"NoError_anova"
"6","gen_factor               ",1,0.570177048436079,0.570177048436079,9.368761067732e+30,1.42102321042061e-239,"NoError_anova"
"7","exp_env_factor:gen_factor",1,6.92582517453853,6.92582517453853,1.13800443976322e+32,2.99851914671009e-248,"NoError_anova"
"8","Residuals                ",16,9.73750179882186e-31,6.08593862426366e-32,NA,NA,"NoError_anova"
