"","Fixed_effect","Df","Sum Sq","Mean Sq","F value","Pr(>F)","data_class"
"1","exp_env_factor           ",6,71.8558908058338,11.9759818009723,29.0245563725668,4.97353194485858e-31,"Raw_anova"
"2","gen_factor               ",6,167.420017554199,27.9033362590332,67.625516612529,5.0162839437995e-66,"Raw_anova"
"3","exp_env_factor:gen_factor",36,211.669859561089,5.87971832114135,14.2498726787415,2.11735790192528e-61,"Raw_anova"
"4","Residuals                ",686,283.054232078878,0.412615498657256,NA,NA,"Raw_anova"
"5","exp_env_factor           ",6,96.6228866430947,16.1038144405158,3.08272881455948e+28,0,"NoError_anova"
"6","gen_factor               ",6,294.906608042138,49.1511013403564,9.40892090684055e+28,0,"NoError_anova"
"7","exp_env_factor:gen_factor",36,342.470505314768,9.51306959207688,1.8210725076801e+28,0,"NoError_anova"
"8","Residuals                ",686,3.58358369183131e-25,5.2238829326987e-28,NA,NA,"NoError_anova"
