"","Fixed_effect","Df","Sum Sq","Mean Sq","F value","Pr(>F)","data_class"
"1","exp_env_factor           ",4,20.9691991166398,5.24229977915995,13.8944453373706,1.57231054750779e-10,"Raw_anova"
"2","gen_factor               ",4,40.7737240733877,10.1934310183469,27.0171634685445,1.49712581302279e-19,"Raw_anova"
"3","exp_env_factor:gen_factor",16,180.203952114805,11.2627470071753,29.8513303763998,1.00062706475577e-55,"Raw_anova"
"4","Residuals                ",350,132.053124695167,0.377294641986192,NA,NA,"Raw_anova"
"5","exp_env_factor           ",4,35.9083120103574,8.97707800258935,6.16572490024056e+29,0,"NoError_anova"
"6","gen_factor               ",4,47.5744196420367,11.8936049105092,8.16888256169745e+29,0,"NoError_anova"
"7","exp_env_factor:gen_factor",16,290.517268347605,18.1573292717253,1.24709952592873e+30,0,"NoError_anova"
"8","Residuals                ",350,5.09587656235471e-27,1.45596473210135e-29,NA,NA,"NoError_anova"
