"","Fixed_effect","Df","Sum Sq","Mean Sq","F value","Pr(>F)","data_class"
"1","exp_env_factor           ",6,2.97132989685681,0.495221649476135,1.54513492091338,0.165316480084588,"Raw_anova"
"2","gen_factor               ",6,150.045779712449,25.0076299520748,78.0259957720047,2.83887291581092e-49,"Raw_anova"
"3","exp_env_factor:gen_factor",36,28.1641410481161,0.782337251336558,2.44096074606237,5.22021506723561e-05,"Raw_anova"
"4","Residuals                ",196,62.8187493425785,0.320503823176421,NA,NA,"Raw_anova"
"5","exp_env_factor           ",6,4.55098804069924,0.758498006783206,2.10759811548966e+29,0,"NoError_anova"
"6","gen_factor               ",6,226.01105958401,37.6685099306684,1.04667487367401e+31,0,"NoError_anova"
"7","exp_env_factor:gen_factor",36,13.4379523752902,0.373276454869172,1.03720345446312e+29,0,"NoError_anova"
"8","Residuals                ",196,7.05379304701876e-28,3.598874003581e-30,NA,NA,"NoError_anova"
