"","Fixed_effect","Df","Sum Sq","Mean Sq","F value","Pr(>F)","data_class"
"1","exp_env_factor           ",9,87.0914940426893,9.67683267140993,109.106091579128,1.19522867565585e-137,"Raw_anova"
"2","gen_factor               ",9,64.8000479302646,7.20000532558496,81.1799136244671,7.2861910885899e-110,"Raw_anova"
"3","exp_env_factor:gen_factor",81,767.285697645672,9.47266293389719,106.804081940729,0,"Raw_anova"
"4","Residuals                ",900,79.8227603813739,0.0886919559793043,NA,NA,"Raw_anova"
"5","exp_env_factor           ",9,95.7392471445819,10.6376941271758,7.01581771759542e+28,0,"NoError_anova"
"6","gen_factor               ",9,73.8006835138304,8.20007594598115,5.40814930563495e+28,0,"NoError_anova"
"7","exp_env_factor:gen_factor",81,829.460069341587,10.2402477696492,6.75369218892422e+28,0,"NoError_anova"
"8","Residuals                ",900,1.36461993452982e-25,1.5162443716998e-28,NA,NA,"NoError_anova"
