"","Fixed_effect","Df","Sum Sq","Mean Sq","F value","Pr(>F)","data_class"
"1","exp_env_factor           ",1,1.06459040581863,1.06459040581863,0.967869527165329,0.339855993684196,"Raw_anova"
"2","gen_factor               ",1,0.0867105107704752,0.0867105107704752,0.0788326295267987,0.78248387906436,"Raw_anova"
"3","exp_env_factor:gen_factor",1,0.249791363911643,0.249791363911643,0.22709715206689,0.640127584174363,"Raw_anova"
"4","Residuals                ",16,17.5989077194993,1.0999317324687,NA,NA,"Raw_anova"
"5","exp_env_factor           ",1,16.0122487621273,16.0122487621273,1.23628771666426e+33,1.5456175608492e-256,"NoError_anova"
"6","gen_factor               ",1,0.30088114534023,0.30088114534023,2.3230694806579e+31,9.94399467578427e-243,"NoError_anova"
"7","exp_env_factor:gen_factor",1,2.68687009253251,2.68687009253251,2.07450217706286e+32,2.45893652544898e-250,"NoError_anova"
"8","Residuals                ",16,2.07230062016067e-31,1.29518788760042e-32,NA,NA,"NoError_anova"
