"","Fixed_effect","Df","Sum Sq","Mean Sq","F value","Pr(>F)","data_class"
"1","exp_env_factor           ",2,36.1878184090958,18.0939092045479,80.7324716419866,5.19230961155401e-20,"Raw_anova"
"2","gen_factor               ",2,12.0466062008136,6.0233031004068,26.8751291524363,1.11607712452103e-09,"Raw_anova"
"3","exp_env_factor:gen_factor",4,22.6117072406338,5.65292681015845,25.2225623681494,1.38602556926036e-13,"Raw_anova"
"4","Residuals                ",81,18.1538681494568,0.224121829005639,NA,NA,"Raw_anova"
"5","exp_env_factor           ",2,36.0308360034217,18.0154180017108,1.32350704708044e+31,0,"NoError_anova"
"6","gen_factor               ",2,17.6276774474472,8.81383872372362,6.47510796672656e+30,0,"NoError_anova"
"7","exp_env_factor:gen_factor",4,35.341486549131,8.83537163728276,6.49092717382848e+30,0,"NoError_anova"
"8","Residuals                ",81,1.10256221253795e-28,1.36118791671352e-30,NA,NA,"NoError_anova"
