"","Fixed_effect","Df","Sum Sq","Mean Sq","F value","Pr(>F)","data_class"
"1","exp_env_factor           ",9,24.9388506242048,2.77098340268943,55.4914360046859,1.3399484194675e-86,"Raw_anova"
"2","gen_factor               ",9,261.604179054103,29.0671310060115,582.09545336663,0,"Raw_anova"
"3","exp_env_factor:gen_factor",81,1142.54750242763,14.1055247213287,282.475824873736,0,"Raw_anova"
"4","Residuals                ",1400,69.9094678940658,0.049935334210047,NA,NA,"Raw_anova"
"5","exp_env_factor           ",9,24.9841847667056,2.77602052963396,4.54159029855222e+27,0,"NoError_anova"
"6","gen_factor               ",9,267.591178570516,29.7323531745018,4.864235162852e+28,0,"NoError_anova"
"7","exp_env_factor:gen_factor",81,1206.42463666277,14.8941313168244,2.43669099604143e+28,0,"NoError_anova"
"8","Residuals                ",1400,8.5574181861505e-25,6.11244156153607e-28,NA,NA,"NoError_anova"
