"","Fixed_effect","Df","Sum Sq","Mean Sq","F value","Pr(>F)","data_class"
"1","exp_env_factor           ",2,4.36862335991595,2.18431167995798,2.7484636927785,0.0678674021565447,"Raw_anova"
"2","gen_factor               ",2,4.62492638443058,2.31246319221529,2.90971347313067,0.0581622133985992,"Raw_anova"
"3","exp_env_factor:gen_factor",4,24.8693182288252,6.2173295572063,7.8231072565381,1.15388234521234e-05,"Raw_anova"
"4","Residuals                ",126,100.137132026828,0.794739143070066,NA,NA,"Raw_anova"
"5","exp_env_factor           ",2,26.8692020399802,13.4346010199901,8.42336484475334e+29,0,"NoError_anova"
"6","gen_factor               ",2,7.0085585814148,3.5042792907074,2.19714920745474e+29,0,"NoError_anova"
"7","exp_env_factor:gen_factor",4,100.122239378605,25.0305598446513,1.56939188239537e+30,0,"NoError_anova"
"8","Residuals                ",126,2.00960039095673e-27,1.59492094520376e-29,NA,NA,"NoError_anova"
