"","Fixed_effect","Df","Sum Sq","Mean Sq","F value","Pr(>F)","data_class"
"1","exp_env_factor           ",9,114.698372066154,12.744263562906,114.011963934037,2.78357505093447e-160,"Raw_anova"
"2","gen_factor               ",9,204.134081775748,22.6815646417498,202.912448972692,1.73114195020683e-246,"Raw_anova"
"3","exp_env_factor:gen_factor",81,1023.67546960382,12.637968760541,113.061035768295,0,"Raw_anova"
"4","Residuals                ",1400,156.492076554274,0.111780054681624,NA,NA,"Raw_anova"
"5","exp_env_factor           ",9,120.490503279113,13.3878336976792,1.01229884057074e+28,0,"NoError_anova"
"6","gen_factor               ",9,240.363969633837,26.707107737093,2.01941365629181e+28,0,"NoError_anova"
"7","exp_env_factor:gen_factor",81,1138.14552708705,14.0511793467537,1.06245662162923e+28,0,"NoError_anova"
"8","Residuals                ",1400,1.85152510558873e-24,1.32251793256338e-27,NA,NA,"NoError_anova"
