"","Fixed_effect","Df","Sum Sq","Mean Sq","F value","Pr(>F)","data_class"
"1","exp_env_factor           ",6,58.1191812487921,9.68653020813202,16.5775681420128,6.7055624140452e-18,"Raw_anova"
"2","gen_factor               ",6,132.974520339769,22.1624200566282,37.9288579900599,7.90541125270338e-40,"Raw_anova"
"3","exp_env_factor:gen_factor",36,142.065857530479,3.94627382029108,6.75366945203924,5.18294439838368e-27,"Raw_anova"
"4","Residuals                ",686,400.84044088096,0.584315511488279,NA,NA,"Raw_anova"
"5","exp_env_factor           ",6,130.604286961782,21.767381160297,2.92462450662804e+29,0,"NoError_anova"
"6","gen_factor               ",6,324.101122919684,54.0168538199474,7.25760316729836e+29,0,"NoError_anova"
"7","exp_env_factor:gen_factor",36,279.294590118534,7.75818305884817,1.04237492483474e+29,0,"NoError_anova"
"8","Residuals                ",686,5.10575748856738e-26,7.44279517283874e-29,NA,NA,"NoError_anova"
