"","Fixed_effect","Df","Sum Sq","Mean Sq","F value","Pr(>F)","data_class"
"1","exp_env_factor           ",9,65.1534995563567,7.23927772848408,185.373655880456,4.34481190860616e-198,"Raw_anova"
"2","gen_factor               ",9,126.825121180051,14.0916801311168,360.840730439846,1.81720042789506e-291,"Raw_anova"
"3","exp_env_factor:gen_factor",81,771.874260193788,9.52931185424429,244.013759756133,0,"Raw_anova"
"4","Residuals                ",900,35.1471190698062,0.0390523545220068,NA,NA,"Raw_anova"
"5","exp_env_factor           ",9,69.2294116477588,7.69215684975097,1.28101670923114e+28,0,"NoError_anova"
"6","gen_factor               ",9,133.546647493239,14.8385163881377,2.47113882421936e+28,0,"NoError_anova"
"7","exp_env_factor:gen_factor",81,796.223940859004,9.82992519579017,1.63703089682929e+28,0,"NoError_anova"
"8","Residuals                ",900,5.40425516301891e-25,6.0047279589099e-28,NA,NA,"NoError_anova"
