"","Fixed_effect","Df","Sum Sq","Mean Sq","F value","Pr(>F)","data_class"
"1","exp_env_factor           ",1,1.03548591366614,1.03548591366614,1.69180294292307,0.198690588402413,"Raw_anova"
"2","gen_factor               ",1,8.75896915532293,8.75896915532293,14.3106242184242,0.000379022528260587,"Raw_anova"
"3","exp_env_factor:gen_factor",1,14.9301516839023,14.9301516839023,24.3932575264928,7.45078699185815e-06,"Raw_anova"
"4","Residuals                ",56,34.2753932471086,0.612060593698367,NA,NA,"Raw_anova"
"5","exp_env_factor           ",1,1.61318520344803,1.61318520344803,1.28581042212032e+31,0,"NoError_anova"
"6","gen_factor               ",1,17.7239692318804,17.7239692318804,1.41271221128119e+32,0,"NoError_anova"
"7","exp_env_factor:gen_factor",1,39.6628455646716,39.6628455646716,3.1613791205745e+32,0,"NoError_anova"
"8","Residuals                ",56,7.02579243712463e-30,1.25460579234368e-31,NA,NA,"NoError_anova"
