"","row","aov_coefs"
"(Intercept)",26757,-0.433086497738936
"exp_env_factorE_2",26757,0.0856829128870382
"gen_factorG_2",26757,0.453083488345196
"exp_env_factorE_2:gen_factorG_2",26757,0.654813188491278
