"","Fixed_effect","Df","Sum Sq","Mean Sq","F value","Pr(>F)","data_class"
"1","exp_env_factor           ",2,1.14388969113325,0.571944845566624,0.624243898084634,0.541364015070098,"Raw_anova"
"2","gen_factor               ",2,6.82766171716292,3.41383085858146,3.72599403435705,0.0338276076490087,"Raw_anova"
"3","exp_env_factor:gen_factor",4,3.04452275186021,0.761130687965053,0.830729031461824,0.514523461782594,"Raw_anova"
"4","Residuals                ",36,32.9839258398436,0.916220162217878,NA,NA,"Raw_anova"
"5","exp_env_factor           ",2,1.89899715325524,0.94949857662762,7.35979286534598e+29,0,"NoError_anova"
"6","gen_factor               ",2,41.8115283463191,20.9057641731596,1.62045628917849e+31,0,"NoError_anova"
"7","exp_env_factor:gen_factor",4,0.28947450042557,0.0723686251063926,5.60946697387006e+28,0,"NoError_anova"
"8","Residuals                ",36,4.64441722531921e-29,1.290115895922e-30,NA,NA,"NoError_anova"
