"","Fixed_effect","Df","Sum Sq","Mean Sq","F value","Pr(>F)","data_class"
"1","exp_env_factor           ",4,12.6814373394335,3.17035933485837,5.35647067820729,0.000338380073379343,"Raw_anova"
"2","gen_factor               ",4,89.8180356212378,22.4545089053094,37.9379451478511,2.28117260546512e-26,"Raw_anova"
"3","exp_env_factor:gen_factor",16,64.3443912436224,4.0215244527264,6.79455403552383,1.55227698246781e-13,"Raw_anova"
"4","Residuals                ",350,207.156135795706,0.591874673702018,NA,NA,"Raw_anova"
"5","exp_env_factor           ",4,30.0186181120343,7.50465452800856,3.61717028625654e+29,0,"NoError_anova"
"6","gen_factor               ",4,210.64581368829,52.6614534220724,2.53823069187904e+30,0,"NoError_anova"
"7","exp_env_factor:gen_factor",16,133.335568199676,8.33347301247973,4.01665271193521e+29,0,"NoError_anova"
"8","Residuals                ",350,7.26155772865571e-27,2.07473077961592e-29,NA,NA,"NoError_anova"
