"","Fixed_effect","Df","Sum Sq","Mean Sq","F value","Pr(>F)","data_class"
"1","exp_env_factor           ",1,5.05154884817534,5.05154884817534,6.01134931084388,0.026078353102707,"Raw_anova"
"2","gen_factor               ",1,0.115996430764173,0.115996430764173,0.138035894552703,0.715115571940967,"Raw_anova"
"3","exp_env_factor:gen_factor",1,0.387090395782367,0.387090395782367,0.460638044658545,0.507024964860049,"Raw_anova"
"4","Residuals                ",16,13.4453643252781,0.840335270329882,NA,NA,"Raw_anova"
"5","exp_env_factor           ",1,17.6034017080974,17.6034017080974,2.25544941119014e+32,1.25948718662617e-250,"NoError_anova"
"6","gen_factor               ",1,0.00358181419102375,0.00358181419102375,4.58922703810193e+28,4.28688791399304e-221,"NoError_anova"
"7","exp_env_factor:gen_factor",1,1.39301647771161,1.39301647771161,1.78481309836131e+31,8.19061517504654e-242,"NoError_anova"
"8","Residuals                ",16,1.24877297594068e-30,7.80483109962927e-32,NA,NA,"NoError_anova"
