"","Fixed_effect","Df","Sum Sq","Mean Sq","F value","Pr(>F)","data_class"
"1","exp_env_factor           ",9,214.306724368167,23.8118582631297,1131.58851642841,0,"Raw_anova"
"2","gen_factor               ",9,169.141263349945,18.7934737055495,893.104552949912,0,"Raw_anova"
"3","exp_env_factor:gen_factor",81,1086.09200885803,13.4085433192349,637.201577231498,0,"Raw_anova"
"4","Residuals                ",1400,29.4600034238599,0.0210428595884713,NA,NA,"Raw_anova"
"5","exp_env_factor           ",9,212.430195868282,23.6033550964758,3.46469174561431e+27,0,"NoError_anova"
"6","gen_factor               ",9,176.894318615292,19.6549242905879,2.88510907334703e+27,0,"NoError_anova"
"7","exp_env_factor:gen_factor",81,1109.67548551642,13.6996973520546,2.01095260140219e+27,0,"NoError_anova"
"8","Residuals                ",1400,9.53755761299543e-24,6.81254115213959e-27,NA,NA,"NoError_anova"
