"","Fixed_effect","Df","Sum Sq","Mean Sq","F value","Pr(>F)","data_class"
"1","exp_env_factor           ",4,21.5618099451468,5.39045248628669,16.8857574201439,4.02842729592677e-12,"Raw_anova"
"2","gen_factor               ",4,44.8441090706334,11.2110272676584,35.1188860960918,8.80635622199375e-23,"Raw_anova"
"3","exp_env_factor:gen_factor",16,110.767169153328,6.92294807208298,21.6863467537906,4.72653769823997e-37,"Raw_anova"
"4","Residuals                ",225,71.8269118308921,0.319230719248409,NA,NA,"Raw_anova"
"5","exp_env_factor           ",4,22.5140884473306,5.62852211183265,6.70188765959452e+28,0,"NoError_anova"
"6","gen_factor               ",4,66.5240921878862,16.6310230469716,1.98025779965604e+29,0,"NoError_anova"
"7","exp_env_factor:gen_factor",16,159.961819364783,9.99761371029896,1.19041699791119e+29,0,"NoError_anova"
"8","Residuals                ",225,1.88964294760943e-26,8.39841310048636e-29,NA,NA,"NoError_anova"
