"","Fixed_effect","Df","Sum Sq","Mean Sq","F value","Pr(>F)","data_class"
"1","exp_env_factor           ",4,22.4194008569483,5.60485021423708,24.2718615287985,4.74034379912053e-14,"Raw_anova"
"2","gen_factor               ",4,14.9169971799085,3.72924929497711,16.149552447295,3.1124074643867e-10,"Raw_anova"
"3","exp_env_factor:gen_factor",16,63.5716351290916,3.97322719556823,17.2061012564304,6.07376856184639e-22,"Raw_anova"
"4","Residuals                ",100,23.0919668340516,0.230919668340516,NA,NA,"Raw_anova"
"5","exp_env_factor           ",4,27.4249201153009,6.85623002882522,8.87950444966098e+29,0,"NoError_anova"
"6","gen_factor               ",4,14.2197745713115,3.55494364282788,4.60400799886711e+29,0,"NoError_anova"
"7","exp_env_factor:gen_factor",16,82.3553053133875,5.14720658208672,6.66614794964728e+29,0,"NoError_anova"
"8","Residuals                ",100,7.72141065719831e-28,7.72141065719831e-30,NA,NA,"NoError_anova"
