"","row","aov_coefs"
"(Intercept)",2315,0.201775730438062
"exp_env_factorE_2",2315,-0.234379079275944
"gen_factorG_2",2315,-0.52455594686619
"exp_env_factorE_2:gen_factorG_2",2315,0.710767130532021
