"","Fixed_effect","Df","Sum Sq","Mean Sq","F value","Pr(>F)","data_class"
"1","exp_env_factor           ",6,119.248998859463,19.8748331432439,60.5325853807961,5.0622987901057e-42,"Raw_anova"
"2","gen_factor               ",6,6.89503502867536,1.14917250477923,3.50002348505041,0.00260341825376169,"Raw_anova"
"3","exp_env_factor:gen_factor",36,53.5027376553143,1.48618715709207,4.52646572326568,2.85838831572828e-12,"Raw_anova"
"4","Residuals                ",196,64.3532284565469,0.328332798247688,NA,NA,"Raw_anova"
"5","exp_env_factor           ",6,180.599828585295,30.0999714308825,3.19432701379532e+30,0,"NoError_anova"
"6","gen_factor               ",6,10.1865395722359,1.69775659537265,1.80172588133551e+29,0,"NoError_anova"
"7","exp_env_factor:gen_factor",36,53.2136318424691,1.47815644006859,1.56867758428573e+29,0,"NoError_anova"
"8","Residuals                ",196,1.84689744505632e-27,9.42294614824653e-30,NA,NA,"NoError_anova"
