"","Fixed_effect","Df","Sum Sq","Mean Sq","F value","Pr(>F)","data_class"
"1","exp_env_factor           ",6,74.5841361759338,12.4306893626556,53.1251658142781,3.57562240381201e-49,"Raw_anova"
"2","gen_factor               ",6,178.942974765767,29.8238291276279,127.458407285262,4.78525632876699e-93,"Raw_anova"
"3","exp_env_factor:gen_factor",36,132.283865082438,3.67455180784551,15.7039701009184,2.20340335295899e-58,"Raw_anova"
"4","Residuals                ",441,103.189023975861,0.233988716498551,NA,NA,"Raw_anova"
"5","exp_env_factor           ",6,107.694599978904,17.9490999964839,1.91164893464483e+29,0,"NoError_anova"
"6","gen_factor               ",6,220.187952459082,36.6979920765137,3.90847883573071e+29,0,"NoError_anova"
"7","exp_env_factor:gen_factor",36,161.117447562015,4.47548465450041,4.76656516118966e+28,0,"NoError_anova"
"8","Residuals                ",441,4.14069390827772e-26,9.3893285901989e-29,NA,NA,"NoError_anova"
