"","Fixed_effect","Df","Sum Sq","Mean Sq","F value","Pr(>F)","data_class"
"1","exp_env_factor           ",4,19.0607205564657,4.76518013911642,27.1957412297853,2.80182691707239e-15,"Raw_anova"
"2","gen_factor               ",4,22.6071007248274,5.65177518120685,32.255698804605,2.95782703312405e-17,"Raw_anova"
"3","exp_env_factor:gen_factor",16,64.8103906605919,4.05064941628699,23.1177857125772,1.29278105163734e-26,"Raw_anova"
"4","Residuals                ",100,17.5217880581151,0.175217880581151,NA,NA,"Raw_anova"
"5","exp_env_factor           ",4,25.1151402651816,6.27878506629541,3.41456504523882e+30,0,"NoError_anova"
"6","gen_factor               ",4,27.0475379539664,6.76188448849161,3.67728695449179e+30,0,"NoError_anova"
"7","exp_env_factor:gen_factor",16,71.8373217808519,4.48983261130324,2.44168662116266e+30,0,"NoError_anova"
"8","Residuals                ",100,1.83882426695909e-28,1.83882426695909e-30,NA,NA,"NoError_anova"
