"","Fixed_effect","Df","Sum Sq","Mean Sq","F value","Pr(>F)","data_class"
"1","exp_env_factor           ",2,3.15697870514653,1.57848935257327,4.47463611469765,0.0183838747683048,"Raw_anova"
"2","gen_factor               ",2,8.00244233959171,4.00122116979586,11.3424957349722,0.000151341554168236,"Raw_anova"
"3","exp_env_factor:gen_factor",4,20.1410844631879,5.03527111579697,14.2737776123157,4.50158368088929e-07,"Raw_anova"
"4","Residuals                ",36,12.6994944920739,0.352763735890941,NA,NA,"Raw_anova"
"5","exp_env_factor           ",2,5.61644345519579,2.8082217275979,1.61061271242645e+30,0,"NoError_anova"
"6","gen_factor               ",2,10.2394361725832,5.11971808629161,2.9363361706037e+30,0,"NoError_anova"
"7","exp_env_factor:gen_factor",4,28.1441203722209,7.03603009305524,4.0354076750853e+30,0,"NoError_anova"
"8","Residuals                ",36,6.27686478652084e-29,1.74357355181134e-30,NA,NA,"NoError_anova"
