"","Fixed_effect","Df","Sum Sq","Mean Sq","F value","Pr(>F)","data_class"
"1","exp_env_factor           ",6,48.5739338807738,8.09565564679563,32.7528969590614,3.51044266063402e-27,"Raw_anova"
"2","gen_factor               ",6,24.7410005731975,4.12350009553291,16.6825986222779,1.62370899211871e-15,"Raw_anova"
"3","exp_env_factor:gen_factor",36,122.239014842323,3.39552819006452,13.7374154463686,8.0641733314065e-37,"Raw_anova"
"4","Residuals                ",196,48.4460507037059,0.247173728080132,NA,NA,"Raw_anova"
"5","exp_env_factor           ",6,58.666261643281,9.77771027388016,1.74084959196315e+30,0,"NoError_anova"
"6","gen_factor               ",6,45.166842727736,7.52780712128933,1.34027083932743e+30,0,"NoError_anova"
"7","exp_env_factor:gen_factor",36,140.166895628983,3.89352487858286,6.93213544513175e+29,0,"NoError_anova"
"8","Residuals                ",196,1.10085973109219e-27,5.61663128108263e-30,NA,NA,"NoError_anova"
