"","Fixed_effect","Df","Sum Sq","Mean Sq","F value","Pr(>F)","data_class"
"1","exp_env_factor           ",1,0.120188252528223,0.120188252528223,0.112346440994647,0.739433773228155,"Raw_anova"
"2","gen_factor               ",1,0.00659482165066807,0.00659482165066807,0.00616453543388545,0.937853552151063,"Raw_anova"
"3","exp_env_factor:gen_factor",1,0.36040732803266,0.36040732803266,0.336892165092022,0.565244435324848,"Raw_anova"
"4","Residuals                ",36,38.5128095977885,1.06980026660523,NA,NA,"Raw_anova"
"5","exp_env_factor           ",1,8.77357230153218,8.77357230153218,2.22400285920457e+32,0,"NoError_anova"
"6","gen_factor               ",1,30.0422681997126,30.0422681997126,7.61538038063279e+32,0,"NoError_anova"
"7","exp_env_factor:gen_factor",1,0.184159498755215,0.184159498755215,4.66823817830456e+30,0,"NoError_anova"
"8","Residuals                ",36,1.42018074099115e-30,3.94494650275319e-32,NA,NA,"NoError_anova"
