"","Fixed_effect","Df","Sum Sq","Mean Sq","F value","Pr(>F)","data_class"
"1","exp_env_factor           ",4,18.0006041367819,4.50015103419548,44.4924387557384,1.70711558414544e-27,"Raw_anova"
"2","gen_factor               ",4,130.281744970393,32.5704362425981,322.019889723668,7.44439619359149e-92,"Raw_anova"
"3","exp_env_factor:gen_factor",16,77.9602114040003,4.87251321275002,48.1739377317506,2.07800426091942e-63,"Raw_anova"
"4","Residuals                ",225,22.7574394888254,0.10114417550589,NA,NA,"Raw_anova"
"5","exp_env_factor           ",4,17.14007223603,4.28501805900749,7.21975593541213e+29,0,"NoError_anova"
"6","gen_factor               ",4,142.283421059492,35.5708552648731,5.99327447142049e+30,0,"NoError_anova"
"7","exp_env_factor:gen_factor",16,89.5765067044771,5.59853166902982,9.43287325524902e+29,0,"NoError_anova"
"8","Residuals                ",225,1.33540395534389e-27,5.93512869041727e-30,NA,NA,"NoError_anova"
