"","Fixed_effect","Df","Sum Sq","Mean Sq","F value","Pr(>F)","data_class"
"1","exp_env_factor           ",9,56.8652777865877,6.31836419850974,74.9129672008557,3.12636058034058e-80,"Raw_anova"
"2","gen_factor               ",9,51.7153081922955,5.7461453546995,68.1285194971005,3.33581165608386e-75,"Raw_anova"
"3","exp_env_factor:gen_factor",81,356.682321848174,4.40348545491573,52.209424953907,1.53431571054655e-169,"Raw_anova"
"4","Residuals                ",400,33.7370921729426,0.0843427304323566,NA,NA,"Raw_anova"
"5","exp_env_factor           ",9,64.23040237182,7.13671137464667,1.01000976984239e+29,0,"NoError_anova"
"6","gen_factor               ",9,56.6319413191972,6.29243792435525,8.90525544062682e+28,0,"NoError_anova"
"7","exp_env_factor:gen_factor",81,378.137656308982,4.66836612727139,6.60681811302592e+28,0,"NoError_anova"
"8","Residuals                ",400,2.82639300638066e-26,7.06598251595166e-29,NA,NA,"NoError_anova"
