"","Fixed_effect","Df","Sum Sq","Mean Sq","F value","Pr(>F)","data_class"
"1","exp_env_factor           ",6,32.4497635620558,5.4082939270093,30.3390327642689,1.74298336168165e-30,"Raw_anova"
"2","gen_factor               ",6,78.6504913233447,13.1084152205575,73.5345830369936,2.47797671740255e-63,"Raw_anova"
"3","exp_env_factor:gen_factor",36,299.286242820616,8.3135067450171,46.6364729667198,3.25867174861298e-127,"Raw_anova"
"4","Residuals                ",441,78.6135022939838,0.178261909963682,NA,NA,"Raw_anova"
"5","exp_env_factor           ",6,39.2409115379354,6.54015192298923,5.88535369563979e+28,0,"NoError_anova"
"6","gen_factor               ",6,98.9006057613309,16.4834342935551,1.48331173463125e+29,0,"NoError_anova"
"7","exp_env_factor:gen_factor",36,350.858482700734,9.74606896390928,8.77029519652004e+28,0,"NoError_anova"
"8","Residuals                ",441,4.9006519356263e-26,1.11125894231889e-28,NA,NA,"NoError_anova"
