"","Fixed_effect","Df","Sum Sq","Mean Sq","F value","Pr(>F)","data_class"
"1","exp_env_factor           ",6,17.0041491862957,2.83402486438261,5.45794378581115,3.03921058138333e-05,"Raw_anova"
"2","gen_factor               ",6,87.8182850002441,14.636380833374,28.1876651190504,3.61419628764072e-24,"Raw_anova"
"3","exp_env_factor:gen_factor",36,37.4050127756245,1.03902813265624,2.00102589472146,0.00148862323846684,"Raw_anova"
"4","Residuals                ",196,101.772553037836,0.519247719580795,NA,NA,"Raw_anova"
"5","exp_env_factor           ",6,55.971829520995,9.32863825349917,1.44777346506875e+30,0,"NoError_anova"
"6","gen_factor               ",6,174.532648449093,29.0887747415155,4.514480576662e+30,0,"NoError_anova"
"7","exp_env_factor:gen_factor",36,13.4955220299124,0.37487561194201,5.81794415136069e+28,0,"NoError_anova"
"8","Residuals                ",196,1.26291380647663e-27,6.44343778814608e-30,NA,NA,"NoError_anova"
