"","Fixed_effect","Df","Sum Sq","Mean Sq","F value","Pr(>F)","data_class"
"1","exp_env_factor           ",4,139.234029073569,34.8085072683923,84.8868352924454,2.53266275240889e-50,"Raw_anova"
"2","gen_factor               ",4,21.818960332161,5.45474008304025,13.3023694300328,4.22606181519455e-10,"Raw_anova"
"3","exp_env_factor:gen_factor",16,69.4267874411102,4.33917421506939,10.5818604647344,5.11884919560182e-22,"Raw_anova"
"4","Residuals                ",350,143.52022315316,0.4100577804376,NA,NA,"Raw_anova"
"5","exp_env_factor           ",4,235.357823319293,58.8394558298233,1.52457870339676e+30,0,"NoError_anova"
"6","gen_factor               ",4,40.8481757191732,10.2120439297933,2.64602458910296e+29,0,"NoError_anova"
"7","exp_env_factor:gen_factor",16,97.7940009615347,6.11212506009592,1.58370188297981e+29,0,"NoError_anova"
"8","Residuals                ",350,1.35078690883949e-26,3.85939116811282e-29,NA,NA,"NoError_anova"
