"","Fixed_effect","Df","Sum Sq","Mean Sq","F value","Pr(>F)","data_class"
"1","exp_env_factor           ",1,0.304650839379619,0.304650839379619,0.330583908009867,0.568891697367867,"Raw_anova"
"2","gen_factor               ",1,5.44158770069205,5.44158770069205,5.90479688661429,0.0202143992087617,"Raw_anova"
"3","exp_env_factor:gen_factor",1,0.077826540135007,0.077826540135007,0.0844514390215022,0.773020810568718,"Raw_anova"
"4","Residuals                ",36,33.1759349197933,0.921553747772037,NA,NA,"Raw_anova"
"5","exp_env_factor           ",1,0.00316409045482284,0.00316409045482284,1.20899486801529e+28,0,"NoError_anova"
"6","gen_factor               ",1,35.4098755388225,35.4098755388225,1.3530067618087e+32,0,"NoError_anova"
"7","exp_env_factor:gen_factor",1,3.58696037072267,3.58696037072267,1.37057291562821e+31,0,"NoError_anova"
"8","Residuals                ",36,9.42164928794235e-30,2.61712480220621e-31,NA,NA,"NoError_anova"
