"","Fixed_effect","Df","Sum Sq","Mean Sq","F value","Pr(>F)","data_class"
"1","exp_env_factor           ",9,180.887535228171,20.0986150253523,102.59248828414,1.64697940289963e-131,"Raw_anova"
"2","gen_factor               ",9,164.47227645811,18.2746973842344,93.2823816428817,2.1772168988441e-122,"Raw_anova"
"3","exp_env_factor:gen_factor",81,477.323638970278,5.89288443173183,30.0799670156198,9.85453909464635e-204,"Raw_anova"
"4","Residuals                ",900,176.316549343442,0.195907277048269,NA,NA,"Raw_anova"
"5","exp_env_factor           ",9,223.259183368655,24.8065759298506,1.7160121804586e+29,0,"NoError_anova"
"6","gen_factor               ",9,186.960724421635,20.7734138246261,1.43701538066242e+29,0,"NoError_anova"
"7","exp_env_factor:gen_factor",81,588.780092209711,7.26889002728038,5.02830534149513e+28,0,"NoError_anova"
"8","Residuals                ",900,1.30103495715857e-25,1.44559439684286e-28,NA,NA,"NoError_anova"
