"","Fixed_effect","Df","Sum Sq","Mean Sq","F value","Pr(>F)","data_class"
"1","exp_env_factor           ",1,3.89838339119525,3.89838339119525,4.29284946630283,0.0428901948937211,"Raw_anova"
"2","gen_factor               ",1,2.99411914669729,2.99411914669729,3.29708535337405,0.0747578861944142,"Raw_anova"
"3","exp_env_factor:gen_factor",1,1.25328707793786,1.25328707793786,1.38010355159044,0.245054762707416,"Raw_anova"
"4","Residuals                ",56,50.8542103841696,0.908110899717314,NA,NA,"Raw_anova"
"5","exp_env_factor           ",1,33.4037031530999,33.4037031530999,1.29158893682648e+32,0,"NoError_anova"
"6","gen_factor               ",1,9.44172825154817,9.44172825154817,3.65074246359119e+31,0,"NoError_anova"
"7","exp_env_factor:gen_factor",1,16.154568595352,16.154568595352,6.24633202532363e+31,0,"NoError_anova"
"8","Residuals                ",56,1.4482993181792e-29,2.58624878246286e-31,NA,NA,"NoError_anova"
