"","Fixed_effect","Df","Sum Sq","Mean Sq","F value","Pr(>F)","data_class"
"1","exp_env_factor           ",2,1.64300775021811,0.821503875109057,1.40303808922412,0.258970228415636,"Raw_anova"
"2","gen_factor               ",2,13.2708757387911,6.63543786939555,11.3325966578139,0.000152263533416832,"Raw_anova"
"3","exp_env_factor:gen_factor",4,8.00747315050966,2.00186828762741,3.41897043002781,0.018102492576021,"Raw_anova"
"4","Residuals                ",36,21.0786433604811,0.585517871124476,NA,NA,"Raw_anova"
"5","exp_env_factor           ",2,1.34859441669417,0.674297208347083,9.47181528205434e+29,0,"NoError_anova"
"6","gen_factor               ",2,25.8316526703933,12.9158263351967,1.81427892252381e+31,0,"NoError_anova"
"7","exp_env_factor:gen_factor",4,16.8197529129125,4.20493822822811,5.90665327947266e+30,0,"NoError_anova"
"8","Residuals                ",36,2.56283497699609e-29,7.11898604721137e-31,NA,NA,"NoError_anova"
