"","Fixed_effect","Df","Sum Sq","Mean Sq","F value","Pr(>F)","data_class"
"1","exp_env_factor           ",4,23.2074005271118,5.80185013177795,10.9032683040286,4.25127933887806e-08,"Raw_anova"
"2","gen_factor               ",4,6.94932843899312,1.73733210974828,3.26492372183779,0.0125600196127137,"Raw_anova"
"3","exp_env_factor:gen_factor",16,99.1162090879176,6.19476306799485,11.641659518278,8.28602752375425e-22,"Raw_anova"
"4","Residuals                ",225,119.727061945977,0.532120275315455,NA,NA,"Raw_anova"
"5","exp_env_factor           ",4,41.8821878007624,10.4705469501906,6.35244925051039e+29,0,"NoError_anova"
"6","gen_factor               ",4,26.1435306730841,6.53588266827101,3.96530029949641e+29,0,"NoError_anova"
"7","exp_env_factor:gen_factor",16,180.974281526154,11.3108925953846,6.86228441856579e+29,0,"NoError_anova"
"8","Residuals                ",225,3.70860587922619e-27,1.64826927965609e-29,NA,NA,"NoError_anova"
