"","Fixed_effect","Df","Sum Sq","Mean Sq","F value","Pr(>F)","data_class"
"1","exp_env_factor           ",6,42.739578941195,7.12326315686584,33.507199130566,2.64555855983988e-33,"Raw_anova"
"2","gen_factor               ",6,80.0566556830121,13.3427759471687,62.7632365632013,4.06231792709651e-56,"Raw_anova"
"3","exp_env_factor:gen_factor",36,272.452000570354,7.56811112695427,35.5997245909252,8.49945308928902e-108,"Raw_anova"
"4","Residuals                ",441,93.7517648054392,0.212589035839998,NA,NA,"Raw_anova"
"5","exp_env_factor           ",6,45.391536574414,7.56525609573567,6.71928060288639e+28,0,"NoError_anova"
"6","gen_factor               ",6,91.3070731498774,15.2178455249796,1.3516128596275e+29,0,"NoError_anova"
"7","exp_env_factor:gen_factor",36,352.301390275708,9.78614972988079,8.69182552775639e+28,0,"NoError_anova"
"8","Residuals                ",441,4.96523085639e-26,1.12590268852381e-28,NA,NA,"NoError_anova"
