"","Fixed_effect","Df","Sum Sq","Mean Sq","F value","Pr(>F)","data_class"
"1","exp_env_factor           ",9,84.5630749778691,9.39589721976323,345.361312588845,8.35599375798975e-285,"Raw_anova"
"2","gen_factor               ",9,217.458433462803,24.1620481625337,888.114937091426,0,"Raw_anova"
"3","exp_env_factor:gen_factor",81,672.493098466517,8.3023839316854,305.167473121387,0,"Raw_anova"
"4","Residuals                ",900,24.4853930928106,0.0272059923253451,NA,NA,"Raw_anova"
"5","exp_env_factor           ",9,85.3790819951159,9.48656466612398,1.01262859191564e+29,0,"NoError_anova"
"6","gen_factor               ",9,220.900285118686,24.5444761242985,2.61996193266981e+29,0,"NoError_anova"
"7","exp_env_factor:gen_factor",81,692.720632886197,8.55210657884194,9.12881316644576e+28,0,"NoError_anova"
"8","Residuals                ",900,8.43143109692372e-26,9.36825677435969e-29,NA,NA,"NoError_anova"
