"","Fixed_effect","Df","Sum Sq","Mean Sq","F value","Pr(>F)","data_class"
"1","exp_env_factor           ",1,0.00356415101739142,0.00356415101739142,0.00358679208188207,0.952456597025116,"Raw_anova"
"2","gen_factor               ",1,2.65085014580424,2.65085014580424,2.66768951899952,0.108015163417056,"Raw_anova"
"3","exp_env_factor:gen_factor",1,0.69907695177364,0.69907695177364,0.703517797930774,0.405170340755904,"Raw_anova"
"4","Residuals                ",56,55.6465087514047,0.993687656275084,NA,NA,"Raw_anova"
"5","exp_env_factor           ",1,15.46689421227,15.46689421227,5.32591465446056e+30,0,"NoError_anova"
"6","gen_factor               ",1,0.00968889814168359,0.00968889814168359,3.33630293775668e+27,0,"NoError_anova"
"7","exp_env_factor:gen_factor",1,43.5234168895883,43.5234168895883,1.49869780347087e+31,0,"NoError_anova"
"8","Residuals                ",56,1.62628605991969e-28,2.90408224985659e-30,NA,NA,"NoError_anova"
