"","Fixed_effect","Df","Sum Sq","Mean Sq","F value","Pr(>F)","data_class"
"1","exp_env_factor           ",4,31.7137554020798,7.92843885051994,11.1727774361579,2.76208390682022e-08,"Raw_anova"
"2","gen_factor               ",4,2.72151147351603,0.680377868379007,0.958790329244662,0.430958769225922,"Raw_anova"
"3","exp_env_factor:gen_factor",16,54.8999808673834,3.43124880421146,4.83532507979469,1.82462698216328e-08,"Raw_anova"
"4","Residuals                ",225,159.664752257021,0.709621121142315,NA,NA,"Raw_anova"
"5","exp_env_factor           ",4,103.537719827986,25.8844299569965,9.28088162120364e+29,0,"NoError_anova"
"6","gen_factor               ",4,9.28734677596491,2.32183669399123,8.32496274266024e+28,0,"NoError_anova"
"7","exp_env_factor:gen_factor",16,136.174933396049,8.51093333725308,3.05160148089918e+29,0,"NoError_anova"
"8","Residuals                ",225,6.2752623921184e-27,2.78900550760818e-29,NA,NA,"NoError_anova"
