"","Fixed_effect","Df","Sum Sq","Mean Sq","F value","Pr(>F)","data_class"
"1","exp_env_factor           ",4,5.0021393319038,1.25053483297595,4.72260946740081,0.00100737145426364,"Raw_anova"
"2","gen_factor               ",4,52.2009721289834,13.0502430322458,49.2838741239213,7.10957171989475e-33,"Raw_anova"
"3","exp_env_factor:gen_factor",16,224.11778929052,14.0073618306575,52.8984062261975,4.05098137022095e-83,"Raw_anova"
"4","Residuals                ",350,92.6790992485926,0.26479742642455,NA,NA,"Raw_anova"
"5","exp_env_factor           ",4,11.1646404454953,2.79116011137382,8.55448240170282e+28,0,"NoError_anova"
"6","gen_factor               ",4,60.2664937432212,15.0666234358053,4.61769156521949e+29,0,"NoError_anova"
"7","exp_env_factor:gen_factor",16,302.568865811283,18.9105541132052,5.79579801633947e+29,0,"NoError_anova"
"8","Residuals                ",350,1.14198147018969e-26,3.26280420054196e-29,NA,NA,"NoError_anova"
